kds_ticket_id,order_id,merchant_id,kds_device_id,ticket_printed_at,cook_acknowledged_at,prep_started_at,food_ready_at,active_kitchen_queue_depth,estimated_prep_sec
KDS-ORD-20260925-10001,ORD-20260925-10001,MCH-111,DEV-111-POS,2026-09-25 12:03:33,2026-09-25 12:03:53,2026-09-25 12:04:29,2026-09-25 12:40:01,11,1080
KDS-ORD-20260925-10002,ORD-20260925-10002,MCH-112,DEV-112-POS,2026-09-25 22:08:29,2026-09-25 22:08:49,2026-09-25 22:09:22,2026-09-25 22:24:42,2,900
KDS-ORD-20260925-10003,ORD-20260925-10003,MCH-113,DEV-113-POS,2026-09-25 19:39:03,2026-09-25 19:39:23,2026-09-25 19:39:22,2026-09-25 20:12:06,13,720
KDS-ORD-20260925-10004,ORD-20260925-10004,MCH-104,DEV-104-POS,2026-09-25 17:06:35,2026-09-25 17:06:55,2026-09-25 17:07:25,2026-09-25 17:25:43,3,1080
KDS-ORD-20260925-10005,ORD-20260925-10005,MCH-112,DEV-112-POS,2026-09-25 09:35:57,2026-09-25 09:36:17,2026-09-25 09:36:38,2026-09-25 09:55:26,3,900
KDS-ORD-20260925-10006,ORD-20260925-10006,MCH-101,DEV-101-POS,2026-09-25 09:30:36,2026-09-25 09:30:56,2026-09-25 09:31:33,2026-09-25 09:47:34,6,720
KDS-ORD-20260925-10007,ORD-20260925-10007,MCH-102,DEV-102-POS,2026-09-25 06:42:18,2026-09-25 06:42:38,2026-09-25 06:43:08,2026-09-25 06:56:06,3,720
KDS-ORD-20260925-10008,ORD-20260925-10008,MCH-115,DEV-115-POS,2026-09-25 20:28:08,2026-09-25 20:28:28,2026-09-25 20:28:40,2026-09-25 20:59:04,9,1080
KDS-ORD-20260925-10009,ORD-20260925-10009,MCH-105,DEV-105-POS,2026-09-25 17:03:23,2026-09-25 17:03:43,2026-09-25 17:04:04,2026-09-25 17:24:46,5,900
KDS-ORD-20260925-10010,ORD-20260925-10010,MCH-104,DEV-104-POS,2026-09-25 19:32:57,2026-09-25 19:33:17,2026-09-25 19:33:24,2026-09-25 20:06:30,7,1080
KDS-ORD-20260925-10011,ORD-20260925-10011,MCH-108,DEV-108-POS,2026-09-25 04:09:18,2026-09-25 04:09:38,2026-09-25 04:09:54,2026-09-25 04:28:41,5,900
KDS-ORD-20260925-10012,ORD-20260925-10012,MCH-107,DEV-107-POS,2026-09-25 22:56:59,2026-09-25 22:57:19,2026-09-25 22:57:39,2026-09-25 23:12:48,2,900
KDS-ORD-20260925-10013,ORD-20260925-10013,MCH-104,DEV-104-POS,2026-09-25 20:29:38,2026-09-25 20:29:58,2026-09-25 20:30:08,2026-09-25 21:06:50,6,1080
KDS-ORD-20260925-10014,ORD-20260925-10014,MCH-115,DEV-115-POS,2026-09-25 10:24:45,2026-09-25 10:25:05,2026-09-25 10:25:42,2026-09-25 10:49:13,6,1080
KDS-ORD-20260925-10015,ORD-20260925-10015,MCH-105,DEV-105-POS,2026-09-25 10:56:56,2026-09-25 10:57:16,2026-09-25 10:57:11,2026-09-25 11:17:50,4,900
KDS-ORD-20260925-10016,ORD-20260925-10016,MCH-107,DEV-107-POS,2026-09-25 10:43:34,2026-09-25 10:43:54,2026-09-25 10:44:26,2026-09-25 10:59:45,3,900
KDS-ORD-20260925-10017,ORD-20260925-10017,MCH-110,DEV-110-POS,2026-09-25 12:19:23,2026-09-25 12:19:43,2026-09-25 12:20:13,2026-09-25 12:41:53,8,720
KDS-ORD-20260925-10018,ORD-20260925-10018,MCH-111,DEV-111-POS,2026-09-25 15:05:08,2026-09-25 15:05:28,2026-09-25 15:05:32,2026-09-25 15:25:12,3,1080
KDS-ORD-20260925-10019,ORD-20260925-10019,MCH-109,DEV-109-POS,2026-09-25 13:36:07,2026-09-25 13:36:27,2026-09-25 13:36:24,2026-09-25 14:07:16,6,900
KDS-ORD-20260925-10020,ORD-20260925-10020,MCH-107,DEV-107-POS,2026-09-25 11:52:05,2026-09-25 11:52:25,2026-09-25 11:52:23,2026-09-25 12:15:52,6,900
KDS-ORD-20260925-10021,ORD-20260925-10021,MCH-107,DEV-107-POS,2026-09-25 17:04:30,2026-09-25 17:04:50,2026-09-25 17:05:11,2026-09-25 17:18:57,3,900
KDS-ORD-20260925-10022,ORD-20260925-10022,MCH-106,DEV-106-POS,2026-09-25 09:36:24,2026-09-25 09:36:44,2026-09-25 09:36:45,2026-09-25 09:53:44,3,720
KDS-ORD-20260925-10023,ORD-20260925-10023,MCH-114,DEV-114-POS,2026-09-25 11:35:50,2026-09-25 11:36:10,2026-09-25 11:36:38,2026-09-25 11:51:35,4,720
KDS-ORD-20260925-10024,ORD-20260925-10024,MCH-115,DEV-115-POS,2026-09-25 12:52:04,2026-09-25 12:52:24,2026-09-25 12:53:02,2026-09-25 13:23:39,10,1080
KDS-ORD-20260925-10025,ORD-20260925-10025,MCH-101,DEV-101-POS,2026-09-25 13:20:19,2026-09-25 13:20:39,2026-09-25 13:20:41,2026-09-25 13:51:14,13,720
KDS-ORD-20260925-10026,ORD-20260925-10026,MCH-101,DEV-101-POS,2026-09-25 20:40:38,2026-09-25 20:40:58,2026-09-25 20:41:19,2026-09-25 21:14:15,14,720
KDS-ORD-20260925-10027,ORD-20260925-10027,MCH-102,DEV-102-POS,2026-09-25 10:43:04,2026-09-25 10:43:24,2026-09-25 10:43:28,2026-09-25 11:01:25,6,720
KDS-ORD-20260925-10028,ORD-20260925-10028,MCH-109,DEV-109-POS,2026-09-25 14:37:47,2026-09-25 14:38:07,2026-09-25 14:38:41,2026-09-25 15:12:47,11,900
KDS-ORD-20260925-10029,ORD-20260925-10029,MCH-107,DEV-107-POS,2026-09-25 17:21:38,2026-09-25 17:21:58,2026-09-25 17:22:28,2026-09-25 17:40:11,4,900
KDS-ORD-20260925-10030,ORD-20260925-10030,MCH-111,DEV-111-POS,2026-09-25 06:29:53,2026-09-25 06:30:13,2026-09-25 06:30:17,2026-09-25 06:51:28,4,1080
KDS-ORD-20260925-10031,ORD-20260925-10031,MCH-103,DEV-103-POS,2026-09-25 17:09:47,2026-09-25 17:10:07,2026-09-25 17:10:16,2026-09-25 17:28:59,6,720
KDS-ORD-20260925-10032,ORD-20260925-10032,MCH-113,DEV-113-POS,2026-09-25 09:24:51,2026-09-25 09:25:11,2026-09-25 09:25:29,2026-09-25 09:40:28,3,720
KDS-ORD-20260925-10033,ORD-20260925-10033,MCH-102,DEV-102-POS,2026-09-25 07:33:56,2026-09-25 07:34:16,2026-09-25 07:34:22,2026-09-25 07:52:46,6,720
KDS-ORD-20260925-10034,ORD-20260925-10034,MCH-105,DEV-105-POS,2026-09-25 22:50:53,2026-09-25 22:51:13,2026-09-25 22:51:46,2026-09-25 23:13:36,6,900
KDS-ORD-20260925-10035,ORD-20260925-10035,MCH-101,DEV-101-POS,2026-09-25 22:51:43,2026-09-25 22:52:03,2026-09-25 22:52:17,2026-09-25 23:11:39,5,720
KDS-ORD-20260925-10036,ORD-20260925-10036,MCH-106,DEV-106-POS,2026-09-25 20:50:52,2026-09-25 20:51:12,2026-09-25 20:51:50,2026-09-25 21:19:27,8,720
KDS-ORD-20260925-10037,ORD-20260925-10037,MCH-109,DEV-109-POS,2026-09-25 12:33:48,2026-09-25 12:34:08,2026-09-25 12:34:26,2026-09-25 13:06:37,14,900
KDS-ORD-20260925-10038,ORD-20260925-10038,MCH-105,DEV-105-POS,2026-09-25 08:15:19,2026-09-25 08:15:39,2026-09-25 08:16:06,2026-09-25 08:34:14,5,900
KDS-ORD-20260925-10039,ORD-20260925-10039,MCH-109,DEV-109-POS,2026-09-25 19:51:31,2026-09-25 19:51:51,2026-09-25 19:52:27,2026-09-25 20:19:29,11,900
KDS-ORD-20260925-10040,ORD-20260925-10040,MCH-114,DEV-114-POS,2026-09-25 13:51:14,2026-09-25 13:51:34,2026-09-25 13:51:40,2026-09-25 14:18:19,7,720
KDS-ORD-20260925-10041,ORD-20260925-10041,MCH-106,DEV-106-POS,2026-09-25 08:33:43,2026-09-25 08:34:03,2026-09-25 08:34:34,2026-09-25 08:49:13,6,720
KDS-ORD-20260925-10042,ORD-20260925-10042,MCH-104,DEV-104-POS,2026-09-25 14:42:07,2026-09-25 14:42:27,2026-09-25 14:42:40,2026-09-25 15:25:56,16,1080
KDS-ORD-20260925-10043,ORD-20260925-10043,MCH-108,DEV-108-POS,2026-09-25 05:52:36,2026-09-25 05:52:56,2026-09-25 05:53:26,2026-09-25 06:14:03,5,900
KDS-ORD-20260925-10044,ORD-20260925-10044,MCH-115,DEV-115-POS,2026-09-25 21:19:16,2026-09-25 21:19:36,2026-09-25 21:19:32,,15,1080
KDS-ORD-20260925-10045,ORD-20260925-10045,MCH-107,DEV-107-POS,2026-09-25 11:18:34,2026-09-25 11:18:54,2026-09-25 11:19:06,2026-09-25 11:37:17,6,900
KDS-ORD-20260925-10046,ORD-20260925-10046,MCH-108,DEV-108-POS,2026-09-25 18:56:47,2026-09-25 18:57:07,2026-09-25 18:57:05,2026-09-25 19:17:23,4,900
KDS-ORD-20260925-10047,ORD-20260925-10047,MCH-106,DEV-106-POS,2026-09-25 12:50:54,2026-09-25 12:51:14,2026-09-25 12:51:29,2026-09-25 13:19:28,13,720
KDS-ORD-20260925-10048,ORD-20260925-10048,MCH-109,DEV-109-POS,2026-09-25 14:42:54,2026-09-25 14:43:14,2026-09-25 14:43:29,2026-09-25 15:11:58,6,900
KDS-ORD-20260925-10049,ORD-20260925-10049,MCH-105,DEV-105-POS,2026-09-25 15:16:53,2026-09-25 15:17:13,2026-09-25 15:17:42,2026-09-25 15:34:45,2,900
KDS-ORD-20260925-10050,ORD-20260925-10050,MCH-111,DEV-111-POS,2026-09-25 11:00:06,2026-09-25 11:00:26,2026-09-25 11:00:23,2026-09-25 11:18:29,2,1080
KDS-ORD-20260925-10051,ORD-20260925-10051,MCH-106,DEV-106-POS,2026-09-25 22:14:01,2026-09-25 22:14:21,2026-09-25 22:14:33,2026-09-25 22:30:28,5,720
KDS-ORD-20260925-10052,ORD-20260925-10052,MCH-112,DEV-112-POS,2026-09-25 20:09:44,2026-09-25 20:10:04,2026-09-25 20:10:37,2026-09-25 20:47:43,16,900
KDS-ORD-20260925-10053,ORD-20260925-10053,MCH-111,DEV-111-POS,2026-09-25 21:15:38,2026-09-25 21:15:58,2026-09-25 21:15:57,2026-09-25 21:50:56,15,1080
KDS-ORD-20260925-10054,ORD-20260925-10054,MCH-111,DEV-111-POS,2026-09-25 21:44:32,2026-09-25 21:44:52,2026-09-25 21:45:02,2026-09-25 22:26:43,14,1080
KDS-ORD-20260925-10055,ORD-20260925-10055,MCH-107,DEV-107-POS,2026-09-25 17:28:34,2026-09-25 17:28:54,2026-09-25 17:28:52,2026-09-25 17:48:36,3,900
KDS-ORD-20260925-10056,ORD-20260925-10056,MCH-114,DEV-114-POS,2026-09-25 21:45:27,2026-09-25 21:45:47,2026-09-25 21:45:45,2026-09-25 22:11:38,11,720
KDS-ORD-20260925-10057,ORD-20260925-10057,MCH-112,DEV-112-POS,2026-09-25 07:50:21,2026-09-25 07:50:41,2026-09-25 07:50:56,2026-09-25 08:11:59,5,900
KDS-ORD-20260925-10058,ORD-20260925-10058,MCH-110,DEV-110-POS,2026-09-25 10:54:00,2026-09-25 10:54:20,2026-09-25 10:54:19,2026-09-25 11:16:34,6,720
KDS-ORD-20260925-10059,ORD-20260925-10059,MCH-101,DEV-101-POS,2026-09-25 06:35:12,2026-09-25 06:35:32,2026-09-25 06:36:11,2026-09-25 06:51:23,4,720
KDS-ORD-20260925-10060,ORD-20260925-10060,MCH-113,DEV-113-POS,2026-09-25 12:22:07,2026-09-25 12:22:27,2026-09-25 12:22:47,2026-09-25 12:54:01,15,720
KDS-ORD-20260925-10061,ORD-20260925-10061,MCH-104,DEV-104-POS,2026-09-25 12:26:28,2026-09-25 12:26:48,2026-09-25 12:26:48,2026-09-25 13:06:57,13,1080
KDS-ORD-20260925-10062,ORD-20260925-10062,MCH-110,DEV-110-POS,2026-09-25 11:33:41,2026-09-25 11:34:01,2026-09-25 11:34:36,2026-09-25 11:46:56,2,720
KDS-ORD-20260925-10063,ORD-20260925-10063,MCH-110,DEV-110-POS,2026-09-25 20:09:43,2026-09-25 20:10:03,2026-09-25 20:10:41,2026-09-25 20:40:38,15,720
KDS-ORD-20260925-10064,ORD-20260925-10064,MCH-113,DEV-113-POS,2026-09-25 12:24:21,2026-09-25 12:24:41,2026-09-25 12:25:03,2026-09-25 13:02:18,16,720
KDS-ORD-20260925-10065,ORD-20260925-10065,MCH-102,DEV-102-POS,2026-09-25 11:18:58,2026-09-25 11:19:18,2026-09-25 11:19:34,2026-09-25 11:34:40,4,720
KDS-ORD-20260925-10066,ORD-20260925-10066,MCH-107,DEV-107-POS,2026-09-25 15:25:00,2026-09-25 15:25:20,2026-09-25 15:25:44,2026-09-25 15:41:20,2,900
KDS-ORD-20260925-10067,ORD-20260925-10067,MCH-115,DEV-115-POS,2026-09-25 09:40:01,2026-09-25 09:40:21,2026-09-25 09:40:34,2026-09-25 10:05:24,6,1080
KDS-ORD-20260925-10068,ORD-20260925-10068,MCH-108,DEV-108-POS,2026-09-25 20:11:25,2026-09-25 20:11:45,2026-09-25 20:11:42,2026-09-25 20:43:20,7,900
KDS-ORD-20260925-10069,ORD-20260925-10069,MCH-114,DEV-114-POS,2026-09-25 07:47:03,2026-09-25 07:47:23,2026-09-25 07:47:26,2026-09-25 08:02:01,2,720
KDS-ORD-20260925-10070,ORD-20260925-10070,MCH-107,DEV-107-POS,2026-09-25 23:31:49,2026-09-25 23:32:09,2026-09-25 23:32:35,2026-09-25 23:51:01,4,900
KDS-ORD-20260925-10071,ORD-20260925-10071,MCH-102,DEV-102-POS,2026-09-25 20:24:01,2026-09-25 20:24:21,2026-09-25 20:24:44,,7,720
KDS-ORD-20260925-10072,ORD-20260925-10072,MCH-103,DEV-103-POS,2026-09-25 10:03:37,2026-09-25 10:03:57,2026-09-25 10:04:33,2026-09-25 10:21:36,5,720
KDS-ORD-20260925-10073,ORD-20260925-10073,MCH-113,DEV-113-POS,2026-09-25 00:58:11,2026-09-25 00:58:31,2026-09-25 00:58:56,2026-09-25 01:15:41,6,720
KDS-ORD-20260925-10074,ORD-20260925-10074,MCH-109,DEV-109-POS,2026-09-25 20:59:10,2026-09-25 20:59:30,2026-09-25 20:59:58,2026-09-25 21:44:06,16,900
KDS-ORD-20260925-10075,ORD-20260925-10075,MCH-104,DEV-104-POS,2026-09-25 19:49:37,2026-09-25 19:49:57,2026-09-25 19:50:12,2026-09-25 20:25:43,12,1080
KDS-ORD-20260925-10076,ORD-20260925-10076,MCH-109,DEV-109-POS,2026-09-25 19:30:00,2026-09-25 19:30:20,2026-09-25 19:30:21,2026-09-25 20:01:08,6,900
KDS-ORD-20260925-10077,ORD-20260925-10077,MCH-110,DEV-110-POS,2026-09-25 20:07:04,2026-09-25 20:07:24,2026-09-25 20:07:31,2026-09-25 20:35:18,11,720
KDS-ORD-20260925-10078,ORD-20260925-10078,MCH-103,DEV-103-POS,2026-09-25 07:05:06,2026-09-25 07:05:26,2026-09-25 07:05:24,2026-09-25 07:23:27,6,720
KDS-ORD-20260925-10079,ORD-20260925-10079,MCH-102,DEV-102-POS,2026-09-25 12:03:27,2026-09-25 12:03:47,2026-09-25 12:03:47,2026-09-25 12:37:02,13,720
KDS-ORD-20260925-10080,ORD-20260925-10080,MCH-105,DEV-105-POS,2026-09-25 08:14:18,2026-09-25 08:14:38,2026-09-25 08:14:53,2026-09-25 08:33:22,5,900
KDS-ORD-20260925-10081,ORD-20260925-10081,MCH-104,DEV-104-POS,2026-09-25 20:03:16,2026-09-25 20:03:36,2026-09-25 20:03:37,2026-09-25 20:46:49,11,1080
KDS-ORD-20260925-10082,ORD-20260925-10082,MCH-110,DEV-110-POS,2026-09-25 18:21:32,2026-09-25 18:21:52,2026-09-25 18:22:08,2026-09-25 18:39:22,4,720
KDS-ORD-20260925-10083,ORD-20260925-10083,MCH-111,DEV-111-POS,2026-09-25 12:47:49,2026-09-25 12:48:09,2026-09-25 12:48:42,2026-09-25 13:23:54,14,1080
KDS-ORD-20260925-10084,ORD-20260925-10084,MCH-104,DEV-104-POS,2026-09-25 06:06:37,2026-09-25 06:06:57,2026-09-25 06:07:08,2026-09-25 06:25:55,3,1080
KDS-ORD-20260925-10085,ORD-20260925-10085,MCH-114,DEV-114-POS,2026-09-25 12:33:44,2026-09-25 12:34:04,2026-09-25 12:34:19,2026-09-25 13:00:53,9,720
KDS-ORD-20260925-10086,ORD-20260925-10086,MCH-110,DEV-110-POS,2026-09-25 12:44:29,2026-09-25 12:44:49,2026-09-25 12:45:01,2026-09-25 13:07:20,7,720
KDS-ORD-20260925-10087,ORD-20260925-10087,MCH-101,DEV-101-POS,2026-09-25 19:29:36,2026-09-25 19:29:56,2026-09-25 19:30:05,2026-09-25 20:00:33,10,720
KDS-ORD-20260925-10088,ORD-20260925-10088,MCH-105,DEV-105-POS,2026-09-25 18:13:58,2026-09-25 18:14:18,2026-09-25 18:14:54,2026-09-25 18:30:38,4,900
KDS-ORD-20260925-10089,ORD-20260925-10089,MCH-110,DEV-110-POS,2026-09-25 21:47:05,2026-09-25 21:47:25,2026-09-25 21:47:34,2026-09-25 22:18:31,8,720
KDS-ORD-20260925-10090,ORD-20260925-10090,MCH-107,DEV-107-POS,2026-09-25 13:05:54,2026-09-25 13:06:14,2026-09-25 13:06:19,2026-09-25 13:31:29,6,900
KDS-ORD-20260925-10091,ORD-20260925-10091,MCH-113,DEV-113-POS,2026-09-25 08:54:04,2026-09-25 08:54:24,2026-09-25 08:54:52,2026-09-25 09:06:44,2,720
KDS-ORD-20260925-10092,ORD-20260925-10092,MCH-113,DEV-113-POS,2026-09-25 19:35:29,2026-09-25 19:35:49,2026-09-25 19:36:03,2026-09-25 20:01:18,8,720
KDS-ORD-20260925-10093,ORD-20260925-10093,MCH-112,DEV-112-POS,2026-09-25 19:28:19,2026-09-25 19:28:39,2026-09-25 19:28:40,2026-09-25 20:09:06,16,900
KDS-ORD-20260925-10094,ORD-20260925-10094,MCH-114,DEV-114-POS,2026-09-25 16:50:03,2026-09-25 16:50:23,2026-09-25 16:50:25,2026-09-25 17:09:26,5,720
KDS-ORD-20260925-10095,ORD-20260925-10095,MCH-102,DEV-102-POS,2026-09-25 21:01:49,2026-09-25 21:02:09,2026-09-25 21:02:35,2026-09-25 21:29:59,15,720
KDS-ORD-20260925-10096,ORD-20260925-10096,MCH-114,DEV-114-POS,2026-09-25 14:31:45,2026-09-25 14:32:05,2026-09-25 14:32:30,2026-09-25 15:02:46,13,720
KDS-ORD-20260925-10097,ORD-20260925-10097,MCH-114,DEV-114-POS,2026-09-25 14:46:47,2026-09-25 14:47:07,2026-09-25 14:47:39,2026-09-25 15:16:25,7,720
KDS-ORD-20260925-10098,ORD-20260925-10098,MCH-111,DEV-111-POS,2026-09-25 13:40:01,2026-09-25 13:40:21,2026-09-25 13:40:48,2026-09-25 14:11:46,8,1080
KDS-ORD-20260925-10099,ORD-20260925-10099,MCH-108,DEV-108-POS,2026-09-25 04:37:53,2026-09-25 04:38:13,2026-09-25 04:38:11,2026-09-25 04:59:18,4,900
KDS-ORD-20260925-10100,ORD-20260925-10100,MCH-112,DEV-112-POS,2026-09-25 08:43:26,2026-09-25 08:43:46,2026-09-25 08:44:15,2026-09-25 09:04:29,5,900
KDS-ORD-20260925-10101,ORD-20260925-10101,MCH-101,DEV-101-POS,2026-09-25 05:10:23,2026-09-25 05:10:43,2026-09-25 05:11:12,2026-09-25 05:25:24,2,720
KDS-ORD-20260925-10102,ORD-20260925-10102,MCH-104,DEV-104-POS,2026-09-25 18:58:10,2026-09-25 18:58:30,2026-09-25 18:58:53,2026-09-25 19:23:26,6,1080
KDS-ORD-20260925-10103,ORD-20260925-10103,MCH-102,DEV-102-POS,2026-09-25 12:08:09,2026-09-25 12:08:29,2026-09-25 12:08:56,2026-09-25 12:37:12,7,720
KDS-ORD-20260925-10104,ORD-20260925-10104,MCH-114,DEV-114-POS,2026-09-25 14:36:10,2026-09-25 14:36:30,2026-09-25 14:37:01,2026-09-25 14:59:24,8,720
KDS-ORD-20260925-10105,ORD-20260925-10105,MCH-106,DEV-106-POS,2026-09-25 21:32:08,2026-09-25 21:32:28,2026-09-25 21:32:42,2026-09-25 22:00:27,8,720
KDS-ORD-20260925-10106,ORD-20260925-10106,MCH-112,DEV-112-POS,2026-09-25 11:54:40,2026-09-25 11:55:00,2026-09-25 11:55:17,2026-09-25 12:18:26,6,900
KDS-ORD-20260925-10107,ORD-20260925-10107,MCH-101,DEV-101-POS,2026-09-25 13:42:14,2026-09-25 13:42:34,2026-09-25 13:42:51,2026-09-25 14:06:56,7,720
KDS-ORD-20260925-10108,ORD-20260925-10108,MCH-111,DEV-111-POS,2026-09-25 19:13:17,2026-09-25 19:13:37,2026-09-25 19:13:41,,8,1080
KDS-ORD-20260925-10109,ORD-20260925-10109,MCH-114,DEV-114-POS,2026-09-25 10:30:30,2026-09-25 10:30:50,2026-09-25 10:31:11,2026-09-25 10:48:01,3,720
KDS-ORD-20260925-10110,ORD-20260925-10110,MCH-114,DEV-114-POS,2026-09-25 07:01:41,2026-09-25 07:02:01,2026-09-25 07:02:41,2026-09-25 07:15:38,3,720
KDS-ORD-20260925-10111,ORD-20260925-10111,MCH-110,DEV-110-POS,2026-09-25 11:18:04,2026-09-25 11:18:24,2026-09-25 11:18:29,2026-09-25 11:29:45,2,720
KDS-ORD-20260925-10112,ORD-20260925-10112,MCH-112,DEV-112-POS,2026-09-25 09:26:39,2026-09-25 09:26:59,2026-09-25 09:27:26,2026-09-25 09:43:48,6,900
KDS-ORD-20260925-10113,ORD-20260925-10113,MCH-110,DEV-110-POS,2026-09-25 21:16:08,2026-09-25 21:16:28,2026-09-25 21:16:47,2026-09-25 21:42:46,11,720
KDS-ORD-20260925-10114,ORD-20260925-10114,MCH-109,DEV-109-POS,2026-09-25 20:03:11,2026-09-25 20:03:31,2026-09-25 20:03:41,2026-09-25 20:36:22,9,900
KDS-ORD-20260925-10115,ORD-20260925-10115,MCH-114,DEV-114-POS,2026-09-25 18:17:47,2026-09-25 18:18:07,2026-09-25 18:18:35,2026-09-25 18:33:59,4,720
KDS-ORD-20260925-10116,ORD-20260925-10116,MCH-106,DEV-106-POS,2026-09-25 20:24:39,2026-09-25 20:24:59,2026-09-25 20:25:34,2026-09-25 20:50:47,12,720
KDS-ORD-20260925-10117,ORD-20260925-10117,MCH-106,DEV-106-POS,2026-09-25 20:36:18,2026-09-25 20:36:38,2026-09-25 20:37:13,2026-09-25 21:05:33,8,720
KDS-ORD-20260925-10118,ORD-20260925-10118,MCH-112,DEV-112-POS,2026-09-25 10:37:51,2026-09-25 10:38:11,2026-09-25 10:38:07,2026-09-25 10:58:15,3,900
KDS-ORD-20260925-10119,ORD-20260925-10119,MCH-109,DEV-109-POS,2026-09-25 21:54:09,2026-09-25 21:54:29,2026-09-25 21:54:43,2026-09-25 22:32:49,15,900
KDS-ORD-20260925-10120,ORD-20260925-10120,MCH-101,DEV-101-POS,2026-09-25 15:35:18,2026-09-25 15:35:38,2026-09-25 15:36:18,2026-09-25 15:53:23,6,720
KDS-ORD-20260925-10121,ORD-20260925-10121,MCH-113,DEV-113-POS,2026-09-25 20:21:47,2026-09-25 20:22:07,2026-09-25 20:22:33,2026-09-25 20:43:19,6,720
KDS-ORD-20260925-10122,ORD-20260925-10122,MCH-113,DEV-113-POS,2026-09-25 21:46:28,2026-09-25 21:46:48,2026-09-25 21:47:02,2026-09-25 22:19:01,14,720
KDS-ORD-20260925-10123,ORD-20260925-10123,MCH-113,DEV-113-POS,2026-09-25 12:45:02,2026-09-25 12:45:22,2026-09-25 12:45:29,,16,720
KDS-ORD-20260925-10124,ORD-20260925-10124,MCH-115,DEV-115-POS,2026-09-25 08:56:10,2026-09-25 08:56:30,2026-09-25 08:56:59,2026-09-25 09:19:10,6,1080
KDS-ORD-20260925-10125,ORD-20260925-10125,MCH-103,DEV-103-POS,2026-09-25 10:54:28,2026-09-25 10:54:48,2026-09-25 10:55:14,2026-09-25 11:09:11,2,720
KDS-ORD-20260925-10126,ORD-20260925-10126,MCH-114,DEV-114-POS,2026-09-25 13:19:56,2026-09-25 13:20:16,2026-09-25 13:20:51,2026-09-25 13:58:13,14,720
KDS-ORD-20260925-10127,ORD-20260925-10127,MCH-106,DEV-106-POS,2026-09-25 20:57:41,2026-09-25 20:58:01,2026-09-25 20:58:16,,14,720
KDS-ORD-20260925-10128,ORD-20260925-10128,MCH-112,DEV-112-POS,2026-09-25 20:05:26,2026-09-25 20:05:46,2026-09-25 20:06:19,2026-09-25 20:35:32,7,900
KDS-ORD-20260925-10129,ORD-20260925-10129,MCH-110,DEV-110-POS,2026-09-25 00:32:50,2026-09-25 00:33:10,2026-09-25 00:33:22,2026-09-25 00:50:06,6,720
KDS-ORD-20260925-10130,ORD-20260925-10130,MCH-110,DEV-110-POS,2026-09-25 14:57:54,2026-09-25 14:58:14,2026-09-25 14:58:22,2026-09-25 15:22:31,13,720
KDS-ORD-20260925-10131,ORD-20260925-10131,MCH-108,DEV-108-POS,2026-09-25 13:43:48,2026-09-25 13:44:08,2026-09-25 13:44:24,2026-09-25 14:08:22,6,900
KDS-ORD-20260925-10132,ORD-20260925-10132,MCH-115,DEV-115-POS,2026-09-25 10:40:19,2026-09-25 10:40:39,2026-09-25 10:41:09,2026-09-25 11:03:14,3,1080
KDS-ORD-20260925-10133,ORD-20260925-10133,MCH-103,DEV-103-POS,2026-09-25 08:48:25,2026-09-25 08:48:45,2026-09-25 08:48:48,2026-09-25 09:05:35,4,720
KDS-ORD-20260925-10134,ORD-20260925-10134,MCH-112,DEV-112-POS,2026-09-25 12:21:37,2026-09-25 12:21:57,2026-09-25 12:21:54,2026-09-25 13:00:20,9,900
KDS-ORD-20260925-10135,ORD-20260925-10135,MCH-114,DEV-114-POS,2026-09-25 21:42:00,2026-09-25 21:42:20,2026-09-25 21:43:00,2026-09-25 22:11:23,8,720
KDS-ORD-20260925-10136,ORD-20260925-10136,MCH-115,DEV-115-POS,2026-09-25 12:09:15,2026-09-25 12:09:35,2026-09-25 12:10:10,2026-09-25 12:46:27,13,1080
KDS-ORD-20260925-10137,ORD-20260925-10137,MCH-103,DEV-103-POS,2026-09-25 14:43:45,2026-09-25 14:44:05,2026-09-25 14:44:07,2026-09-25 15:14:02,12,720
KDS-ORD-20260925-10138,ORD-20260925-10138,MCH-110,DEV-110-POS,2026-09-25 19:43:45,2026-09-25 19:44:05,2026-09-25 19:44:35,2026-09-25 20:24:49,16,720
KDS-ORD-20260925-10139,ORD-20260925-10139,MCH-115,DEV-115-POS,2026-09-25 12:31:16,2026-09-25 12:31:36,2026-09-25 12:31:32,2026-09-25 13:07:06,11,1080
KDS-ORD-20260925-10140,ORD-20260925-10140,MCH-105,DEV-105-POS,2026-09-25 22:26:27,2026-09-25 22:26:47,2026-09-25 22:27:02,2026-09-25 22:47:22,4,900
KDS-ORD-20260925-10141,ORD-20260925-10141,MCH-111,DEV-111-POS,2026-09-25 22:54:29,2026-09-25 22:54:49,2026-09-25 22:54:44,2026-09-25 23:13:08,2,1080
KDS-ORD-20260925-10142,ORD-20260925-10142,MCH-115,DEV-115-POS,2026-09-25 11:22:07,2026-09-25 11:22:27,2026-09-25 11:22:27,2026-09-25 11:47:51,3,1080
KDS-ORD-20260925-10143,ORD-20260925-10143,MCH-105,DEV-105-POS,2026-09-25 14:58:46,2026-09-25 14:59:06,2026-09-25 14:59:20,2026-09-25 15:38:14,15,900
KDS-ORD-20260925-10144,ORD-20260925-10144,MCH-112,DEV-112-POS,2026-09-25 12:18:49,2026-09-25 12:19:09,2026-09-25 12:19:38,2026-09-25 13:01:29,15,900
KDS-ORD-20260925-10145,ORD-20260925-10145,MCH-106,DEV-106-POS,2026-09-25 11:58:34,2026-09-25 11:58:54,2026-09-25 11:59:31,2026-09-25 12:15:18,5,720
KDS-ORD-20260925-10146,ORD-20260925-10146,MCH-114,DEV-114-POS,2026-09-25 05:30:35,2026-09-25 05:30:55,2026-09-25 05:30:57,2026-09-25 05:50:46,6,720
KDS-ORD-20260925-10147,ORD-20260925-10147,MCH-104,DEV-104-POS,2026-09-25 17:31:23,2026-09-25 17:31:43,2026-09-25 17:32:22,2026-09-25 17:53:08,4,1080
KDS-ORD-20260925-10148,ORD-20260925-10148,MCH-109,DEV-109-POS,2026-09-25 14:05:49,2026-09-25 14:06:09,2026-09-25 14:06:48,2026-09-25 14:42:17,13,900
KDS-ORD-20260925-10149,ORD-20260925-10149,MCH-101,DEV-101-POS,2026-09-25 06:42:05,2026-09-25 06:42:25,2026-09-25 06:42:44,2026-09-25 06:54:44,5,720
KDS-ORD-20260925-10150,ORD-20260925-10150,MCH-105,DEV-105-POS,2026-09-25 11:41:52,2026-09-25 11:42:12,2026-09-25 11:42:50,2026-09-25 11:57:43,2,900
KDS-ORD-20260925-10151,ORD-20260925-10151,MCH-115,DEV-115-POS,2026-09-25 21:08:20,2026-09-25 21:08:40,2026-09-25 21:09:03,,6,1080
KDS-ORD-20260925-10152,ORD-20260925-10152,MCH-113,DEV-113-POS,2026-09-25 11:28:37,2026-09-25 11:28:57,2026-09-25 11:29:14,2026-09-25 11:47:11,5,720
KDS-ORD-20260925-10153,ORD-20260925-10153,MCH-111,DEV-111-POS,2026-09-25 09:12:24,2026-09-25 09:12:44,2026-09-25 09:13:22,2026-09-25 09:34:36,5,1080
KDS-ORD-20260925-10154,ORD-20260925-10154,MCH-108,DEV-108-POS,2026-09-25 14:40:40,2026-09-25 14:41:00,2026-09-25 14:41:08,2026-09-25 15:19:58,16,900
KDS-ORD-20260925-10155,ORD-20260925-10155,MCH-101,DEV-101-POS,2026-09-25 23:00:34,2026-09-25 23:00:54,2026-09-25 23:00:54,2026-09-25 23:13:31,2,720
KDS-ORD-20260925-10156,ORD-20260925-10156,MCH-113,DEV-113-POS,2026-09-25 11:41:12,2026-09-25 11:41:32,2026-09-25 11:41:56,2026-09-25 11:55:40,5,720
KDS-ORD-20260925-10157,ORD-20260925-10157,MCH-106,DEV-106-POS,2026-09-25 18:15:05,2026-09-25 18:15:25,2026-09-25 18:15:56,2026-09-25 18:30:06,4,720
KDS-ORD-20260925-10158,ORD-20260925-10158,MCH-102,DEV-102-POS,2026-09-25 19:27:37,2026-09-25 19:27:57,2026-09-25 19:28:36,2026-09-25 19:51:52,6,720
KDS-ORD-20260925-10159,ORD-20260925-10159,MCH-112,DEV-112-POS,2026-09-25 11:30:33,2026-09-25 11:30:53,2026-09-25 11:31:01,2026-09-25 11:53:39,4,900
KDS-ORD-20260925-10160,ORD-20260925-10160,MCH-109,DEV-109-POS,2026-09-25 19:45:50,2026-09-25 19:46:10,2026-09-25 19:46:37,2026-09-25 20:11:23,6,900
KDS-ORD-20260925-10161,ORD-20260925-10161,MCH-102,DEV-102-POS,2026-09-25 12:13:46,2026-09-25 12:14:06,2026-09-25 12:14:42,2026-09-25 12:49:03,14,720
KDS-ORD-20260925-10162,ORD-20260925-10162,MCH-113,DEV-113-POS,2026-09-25 18:54:44,2026-09-25 18:55:04,2026-09-25 18:55:41,2026-09-25 19:07:32,4,720
KDS-ORD-20260925-10163,ORD-20260925-10163,MCH-103,DEV-103-POS,2026-09-25 18:00:31,2026-09-25 18:00:51,2026-09-25 18:00:47,2026-09-25 18:14:38,2,720
KDS-ORD-20260925-10164,ORD-20260925-10164,MCH-111,DEV-111-POS,2026-09-25 15:07:07,2026-09-25 15:07:27,2026-09-25 15:07:50,2026-09-25 15:30:40,6,1080
KDS-ORD-20260925-10165,ORD-20260925-10165,MCH-103,DEV-103-POS,2026-09-25 07:34:14,2026-09-25 07:34:34,2026-09-25 07:34:47,2026-09-25 07:49:57,4,720
KDS-ORD-20260925-10166,ORD-20260925-10166,MCH-106,DEV-106-POS,2026-09-25 20:33:34,2026-09-25 20:33:54,2026-09-25 20:33:55,2026-09-25 21:03:56,14,720
KDS-ORD-20260925-10167,ORD-20260925-10167,MCH-115,DEV-115-POS,2026-09-25 12:58:45,2026-09-25 12:59:05,2026-09-25 12:59:45,2026-09-25 13:44:07,15,1080
KDS-ORD-20260925-10168,ORD-20260925-10168,MCH-109,DEV-109-POS,2026-09-25 10:39:02,2026-09-25 10:39:22,2026-09-25 10:39:34,2026-09-25 10:57:42,3,900
KDS-ORD-20260925-10169,ORD-20260925-10169,MCH-105,DEV-105-POS,2026-09-25 05:14:11,2026-09-25 05:14:31,2026-09-25 05:14:46,2026-09-25 05:33:39,5,900
KDS-ORD-20260925-10170,ORD-20260925-10170,MCH-112,DEV-112-POS,2026-09-25 17:20:48,2026-09-25 17:21:08,2026-09-25 17:21:08,2026-09-25 17:37:29,2,900
KDS-ORD-20260925-10171,ORD-20260925-10171,MCH-110,DEV-110-POS,2026-09-25 19:30:41,2026-09-25 19:31:01,2026-09-25 19:31:05,2026-09-25 19:52:14,6,720
KDS-ORD-20260925-10172,ORD-20260925-10172,MCH-107,DEV-107-POS,2026-09-25 03:28:09,2026-09-25 03:28:29,2026-09-25 03:28:58,2026-09-25 03:51:23,6,900
KDS-ORD-20260925-10173,ORD-20260925-10173,MCH-101,DEV-101-POS,2026-09-25 14:14:20,2026-09-25 14:14:40,2026-09-25 14:15:09,2026-09-25 14:37:25,7,720
KDS-ORD-20260925-10174,ORD-20260925-10174,MCH-102,DEV-102-POS,2026-09-25 10:45:11,2026-09-25 10:45:31,2026-09-25 10:45:31,2026-09-25 11:01:55,4,720
KDS-ORD-20260925-10175,ORD-20260925-10175,MCH-104,DEV-104-POS,2026-09-25 18:27:28,2026-09-25 18:27:48,2026-09-25 18:28:22,2026-09-25 18:52:37,5,1080
KDS-ORD-20260925-10176,ORD-20260925-10176,MCH-114,DEV-114-POS,2026-09-25 09:26:44,2026-09-25 09:27:04,2026-09-25 09:27:26,2026-09-25 09:39:00,4,720
KDS-ORD-20260925-10177,ORD-20260925-10177,MCH-115,DEV-115-POS,2026-09-25 19:28:25,2026-09-25 19:28:45,2026-09-25 19:28:55,2026-09-25 20:15:08,15,1080
KDS-ORD-20260925-10178,ORD-20260925-10178,MCH-114,DEV-114-POS,2026-09-25 12:21:41,2026-09-25 12:22:01,2026-09-25 12:22:06,2026-09-25 12:48:03,10,720
KDS-ORD-20260925-10179,ORD-20260925-10179,MCH-114,DEV-114-POS,2026-09-25 21:11:43,2026-09-25 21:12:03,2026-09-25 21:12:39,2026-09-25 21:32:46,7,720
KDS-ORD-20260925-10180,ORD-20260925-10180,MCH-114,DEV-114-POS,2026-09-25 09:56:56,2026-09-25 09:57:16,2026-09-25 09:57:25,2026-09-25 10:17:17,6,720
KDS-ORD-20260925-10181,ORD-20260925-10181,MCH-101,DEV-101-POS,2026-09-25 12:18:48,2026-09-25 12:19:08,2026-09-25 12:19:41,2026-09-25 12:52:12,16,720
KDS-ORD-20260925-10182,ORD-20260925-10182,MCH-105,DEV-105-POS,2026-09-25 08:26:03,2026-09-25 08:26:23,2026-09-25 08:26:34,2026-09-25 08:44:16,2,900
KDS-ORD-20260925-10183,ORD-20260925-10183,MCH-101,DEV-101-POS,2026-09-25 21:31:08,2026-09-25 21:31:28,2026-09-25 21:31:28,2026-09-25 21:59:38,7,720
KDS-ORD-20260925-10184,ORD-20260925-10184,MCH-114,DEV-114-POS,2026-09-25 21:21:36,2026-09-25 21:21:56,2026-09-25 21:22:02,2026-09-25 21:47:11,6,720
KDS-ORD-20260925-10185,ORD-20260925-10185,MCH-105,DEV-105-POS,2026-09-25 11:37:21,2026-09-25 11:37:41,2026-09-25 11:38:07,2026-09-25 11:56:58,3,900
KDS-ORD-20260925-10186,ORD-20260925-10186,MCH-101,DEV-101-POS,2026-09-25 18:36:42,2026-09-25 18:37:02,2026-09-25 18:37:17,2026-09-25 18:49:28,2,720
KDS-ORD-20260925-10187,ORD-20260925-10187,MCH-101,DEV-101-POS,2026-09-25 20:25:28,2026-09-25 20:25:48,2026-09-25 20:26:24,2026-09-25 20:49:08,6,720
KDS-ORD-20260925-10188,ORD-20260925-10188,MCH-102,DEV-102-POS,2026-09-25 16:12:32,2026-09-25 16:12:52,2026-09-25 16:13:25,2026-09-25 16:29:58,2,720
KDS-ORD-20260925-10189,ORD-20260925-10189,MCH-101,DEV-101-POS,2026-09-25 15:28:19,2026-09-25 15:28:39,2026-09-25 15:29:17,2026-09-25 15:44:51,5,720
KDS-ORD-20260925-10190,ORD-20260925-10190,MCH-110,DEV-110-POS,2026-09-25 11:13:33,2026-09-25 11:13:53,2026-09-25 11:14:20,2026-09-25 11:30:14,4,720
KDS-ORD-20260925-10191,ORD-20260925-10191,MCH-105,DEV-105-POS,2026-09-25 07:57:29,2026-09-25 07:57:49,2026-09-25 07:58:16,2026-09-25 08:13:17,2,900
KDS-ORD-20260925-10192,ORD-20260925-10192,MCH-106,DEV-106-POS,2026-09-25 21:46:26,2026-09-25 21:46:46,2026-09-25 21:47:26,2026-09-25 22:24:11,14,720
KDS-ORD-20260925-10193,ORD-20260925-10193,MCH-114,DEV-114-POS,2026-09-25 21:18:34,2026-09-25 21:18:54,2026-09-25 21:19:22,2026-09-25 21:43:21,8,720
KDS-ORD-20260925-10194,ORD-20260925-10194,MCH-104,DEV-104-POS,2026-09-25 18:52:09,2026-09-25 18:52:29,2026-09-25 18:52:52,2026-09-25 19:17:33,5,1080
KDS-ORD-20260925-10195,ORD-20260925-10195,MCH-114,DEV-114-POS,2026-09-25 12:13:41,2026-09-25 12:14:01,2026-09-25 12:14:14,2026-09-25 12:37:37,7,720
KDS-ORD-20260925-10196,ORD-20260925-10196,MCH-111,DEV-111-POS,2026-09-25 12:28:37,2026-09-25 12:28:57,2026-09-25 12:29:11,2026-09-25 13:03:46,6,1080
KDS-ORD-20260925-10197,ORD-20260925-10197,MCH-103,DEV-103-POS,2026-09-25 19:00:35,2026-09-25 19:00:55,2026-09-25 19:00:55,2026-09-25 19:22:47,7,720
KDS-ORD-20260925-10198,ORD-20260925-10198,MCH-101,DEV-101-POS,2026-09-25 21:15:13,2026-09-25 21:15:33,2026-09-25 21:16:03,2026-09-25 21:49:12,12,720
KDS-ORD-20260925-10199,ORD-20260925-10199,MCH-108,DEV-108-POS,2026-09-25 21:03:37,2026-09-25 21:03:57,2026-09-25 21:03:57,2026-09-25 21:37:03,8,900
KDS-ORD-20260925-10200,ORD-20260925-10200,MCH-108,DEV-108-POS,2026-09-25 20:39:56,2026-09-25 20:40:16,2026-09-25 20:40:49,2026-09-25 21:12:11,16,900
KDS-ORD-20260925-10201,ORD-20260925-10201,MCH-113,DEV-113-POS,2026-09-25 18:19:15,2026-09-25 18:19:35,2026-09-25 18:20:01,2026-09-25 18:37:22,5,720
KDS-ORD-20260925-10202,ORD-20260925-10202,MCH-109,DEV-109-POS,2026-09-25 07:56:58,2026-09-25 07:57:18,2026-09-25 07:57:25,2026-09-25 08:18:00,5,900
KDS-ORD-20260925-10203,ORD-20260925-10203,MCH-108,DEV-108-POS,2026-09-25 09:29:10,2026-09-25 09:29:30,2026-09-25 09:30:09,2026-09-25 09:52:18,5,900
KDS-ORD-20260925-10204,ORD-20260925-10204,MCH-101,DEV-101-POS,2026-09-25 21:21:51,2026-09-25 21:22:11,2026-09-25 21:22:46,2026-09-25 21:58:39,15,720
KDS-ORD-20260925-10205,ORD-20260925-10205,MCH-113,DEV-113-POS,2026-09-25 17:10:33,2026-09-25 17:10:53,2026-09-25 17:11:17,2026-09-25 17:27:25,4,720
KDS-ORD-20260925-10206,ORD-20260925-10206,MCH-104,DEV-104-POS,2026-09-25 01:31:03,2026-09-25 01:31:23,2026-09-25 01:31:55,2026-09-25 01:50:00,2,1080
KDS-ORD-20260925-10207,ORD-20260925-10207,MCH-107,DEV-107-POS,2026-09-25 08:40:42,2026-09-25 08:41:02,2026-09-25 08:41:41,2026-09-25 08:58:29,3,900
KDS-ORD-20260925-10208,ORD-20260925-10208,MCH-115,DEV-115-POS,2026-09-25 18:31:56,2026-09-25 18:32:16,2026-09-25 18:32:52,2026-09-25 18:58:07,6,1080
KDS-ORD-20260925-10209,ORD-20260925-10209,MCH-113,DEV-113-POS,2026-09-25 00:05:54,2026-09-25 00:06:14,2026-09-25 00:06:31,2026-09-25 00:19:22,3,720
KDS-ORD-20260925-10210,ORD-20260925-10210,MCH-103,DEV-103-POS,2026-09-25 09:56:57,2026-09-25 09:57:17,2026-09-25 09:57:25,2026-09-25 10:09:39,3,720
KDS-ORD-20260925-10211,ORD-20260925-10211,MCH-101,DEV-101-POS,2026-09-25 15:23:40,2026-09-25 15:24:00,2026-09-25 15:24:33,2026-09-25 15:37:01,2,720
KDS-ORD-20260925-10212,ORD-20260925-10212,MCH-111,DEV-111-POS,2026-09-25 19:34:28,2026-09-25 19:34:48,2026-09-25 19:35:17,2026-09-25 20:12:34,12,1080
KDS-ORD-20260925-10213,ORD-20260925-10213,MCH-108,DEV-108-POS,2026-09-25 18:17:54,2026-09-25 18:18:14,2026-09-25 18:18:38,2026-09-25 18:37:57,6,900
KDS-ORD-20260925-10214,ORD-20260925-10214,MCH-102,DEV-102-POS,2026-09-25 10:26:16,2026-09-25 10:26:36,2026-09-25 10:27:00,2026-09-25 10:41:08,5,720
KDS-ORD-20260925-10215,ORD-20260925-10215,MCH-114,DEV-114-POS,2026-09-25 19:10:33,2026-09-25 19:10:53,2026-09-25 19:11:28,2026-09-25 19:45:16,16,720
KDS-ORD-20260925-10216,ORD-20260925-10216,MCH-102,DEV-102-POS,2026-09-25 11:02:05,2026-09-25 11:02:25,2026-09-25 11:02:59,2026-09-25 11:14:51,2,720
KDS-ORD-20260925-10217,ORD-20260925-10217,MCH-101,DEV-101-POS,2026-09-25 12:26:37,2026-09-25 12:26:57,2026-09-25 12:26:58,2026-09-25 12:55:01,7,720
KDS-ORD-20260925-10218,ORD-20260925-10218,MCH-104,DEV-104-POS,2026-09-25 19:02:35,2026-09-25 19:02:55,2026-09-25 19:02:52,2026-09-25 19:35:52,11,1080
KDS-ORD-20260925-10219,ORD-20260925-10219,MCH-109,DEV-109-POS,2026-09-25 18:20:34,2026-09-25 18:20:54,2026-09-25 18:21:08,2026-09-25 18:37:49,3,900
KDS-ORD-20260925-10220,ORD-20260925-10220,MCH-112,DEV-112-POS,2026-09-25 20:28:30,2026-09-25 20:28:50,2026-09-25 20:28:57,,15,900
KDS-ORD-20260925-10221,ORD-20260925-10221,MCH-107,DEV-107-POS,2026-09-25 18:58:41,2026-09-25 18:59:01,2026-09-25 18:59:34,2026-09-25 19:16:59,2,900
KDS-ORD-20260925-10222,ORD-20260925-10222,MCH-109,DEV-109-POS,2026-09-25 16:58:37,2026-09-25 16:58:57,2026-09-25 16:59:19,2026-09-25 17:20:48,5,900
KDS-ORD-20260925-10223,ORD-20260925-10223,MCH-105,DEV-105-POS,2026-09-25 07:59:14,2026-09-25 07:59:34,2026-09-25 07:59:31,2026-09-25 08:17:41,2,900
KDS-ORD-20260925-10224,ORD-20260925-10224,MCH-107,DEV-107-POS,2026-09-25 12:23:36,2026-09-25 12:23:56,2026-09-25 12:24:33,2026-09-25 13:09:10,16,900
KDS-ORD-20260925-10225,ORD-20260925-10225,MCH-112,DEV-112-POS,2026-09-25 11:26:42,2026-09-25 11:27:02,2026-09-25 11:27:07,2026-09-25 11:42:38,2,900
KDS-ORD-20260925-10226,ORD-20260925-10226,MCH-114,DEV-114-POS,2026-09-25 11:15:23,2026-09-25 11:15:43,2026-09-25 11:16:02,2026-09-25 11:27:35,2,720
KDS-ORD-20260925-10227,ORD-20260925-10227,MCH-104,DEV-104-POS,2026-09-25 22:07:21,2026-09-25 22:07:41,2026-09-25 22:08:20,2026-09-25 22:31:50,3,1080
KDS-ORD-20260925-10228,ORD-20260925-10228,MCH-114,DEV-114-POS,2026-09-25 12:32:10,2026-09-25 12:32:30,2026-09-25 12:33:10,2026-09-25 12:59:49,12,720
KDS-ORD-20260925-10229,ORD-20260925-10229,MCH-102,DEV-102-POS,2026-09-25 21:33:48,2026-09-25 21:34:08,2026-09-25 21:34:45,2026-09-25 22:13:21,16,720
KDS-ORD-20260925-10230,ORD-20260925-10230,MCH-108,DEV-108-POS,2026-09-25 18:17:59,2026-09-25 18:18:19,2026-09-25 18:18:18,2026-09-25 18:41:56,6,900
KDS-ORD-20260925-10231,ORD-20260925-10231,MCH-102,DEV-102-POS,2026-09-25 20:04:55,2026-09-25 20:05:15,2026-09-25 20:05:18,2026-09-25 20:31:50,16,720
KDS-ORD-20260925-10232,ORD-20260925-10232,MCH-107,DEV-107-POS,2026-09-25 14:04:08,2026-09-25 14:04:28,2026-09-25 14:04:50,2026-09-25 14:38:08,15,900
KDS-ORD-20260925-10233,ORD-20260925-10233,MCH-105,DEV-105-POS,2026-09-25 16:01:23,2026-09-25 16:01:43,2026-09-25 16:02:12,2026-09-25 16:21:55,3,900
KDS-ORD-20260925-10234,ORD-20260925-10234,MCH-115,DEV-115-POS,2026-09-25 14:46:59,2026-09-25 14:47:19,2026-09-25 14:47:29,2026-09-25 15:21:42,11,1080
KDS-ORD-20260925-10235,ORD-20260925-10235,MCH-112,DEV-112-POS,2026-09-25 10:28:01,2026-09-25 10:28:21,2026-09-25 10:28:50,2026-09-25 10:47:03,5,900
KDS-ORD-20260925-10236,ORD-20260925-10236,MCH-108,DEV-108-POS,2026-09-25 19:22:07,2026-09-25 19:22:27,2026-09-25 19:22:52,2026-09-25 19:54:11,12,900
KDS-ORD-20260925-10237,ORD-20260925-10237,MCH-111,DEV-111-POS,2026-09-25 11:11:33,2026-09-25 11:11:53,2026-09-25 11:12:09,2026-09-25 11:33:01,2,1080
KDS-ORD-20260925-10238,ORD-20260925-10238,MCH-114,DEV-114-POS,2026-09-25 04:17:08,2026-09-25 04:17:28,2026-09-25 04:17:56,2026-09-25 04:33:59,3,720
KDS-ORD-20260925-10239,ORD-20260925-10239,MCH-111,DEV-111-POS,2026-09-25 18:47:34,2026-09-25 18:47:54,2026-09-25 18:48:26,2026-09-25 19:10:44,4,1080
KDS-ORD-20260925-10240,ORD-20260925-10240,MCH-114,DEV-114-POS,2026-09-25 09:14:06,2026-09-25 09:14:26,2026-09-25 09:15:06,2026-09-25 09:34:08,6,720
KDS-ORD-20260925-10241,ORD-20260925-10241,MCH-101,DEV-101-POS,2026-09-25 21:51:20,2026-09-25 21:51:40,2026-09-25 21:51:45,2026-09-25 22:23:36,12,720
KDS-ORD-20260925-10242,ORD-20260925-10242,MCH-101,DEV-101-POS,2026-09-25 22:41:11,2026-09-25 22:41:31,2026-09-25 22:41:34,2026-09-25 23:00:49,6,720
KDS-ORD-20260925-10243,ORD-20260925-10243,MCH-114,DEV-114-POS,2026-09-25 21:41:22,2026-09-25 21:41:42,2026-09-25 21:41:48,2026-09-25 22:08:51,8,720
KDS-ORD-20260925-10244,ORD-20260925-10244,MCH-113,DEV-113-POS,2026-09-25 12:54:25,2026-09-25 12:54:45,2026-09-25 12:54:41,2026-09-25 13:30:06,14,720
KDS-ORD-20260925-10245,ORD-20260925-10245,MCH-108,DEV-108-POS,2026-09-25 03:10:47,2026-09-25 03:11:07,2026-09-25 03:11:44,2026-09-25 03:29:33,4,900
KDS-ORD-20260925-10246,ORD-20260925-10246,MCH-106,DEV-106-POS,2026-09-25 21:10:09,2026-09-25 21:10:29,2026-09-25 21:11:05,2026-09-25 21:44:16,12,720
KDS-ORD-20260925-10247,ORD-20260925-10247,MCH-106,DEV-106-POS,2026-09-25 13:37:11,2026-09-25 13:37:31,2026-09-25 13:37:34,2026-09-25 14:04:37,12,720
KDS-ORD-20260925-10248,ORD-20260925-10248,MCH-101,DEV-101-POS,2026-09-25 22:38:10,2026-09-25 22:38:30,2026-09-25 22:39:00,2026-09-25 22:58:53,6,720
KDS-ORD-20260925-10249,ORD-20260925-10249,MCH-104,DEV-104-POS,2026-09-25 22:26:33,2026-09-25 22:26:53,2026-09-25 22:26:54,2026-09-25 22:46:28,4,1080
KDS-ORD-20260925-10250,ORD-20260925-10250,MCH-101,DEV-101-POS,2026-09-25 20:03:42,2026-09-25 20:04:02,2026-09-25 20:04:15,2026-09-25 20:36:36,12,720
KDS-ORD-20260925-10251,ORD-20260925-10251,MCH-111,DEV-111-POS,2026-09-25 11:29:59,2026-09-25 11:30:19,2026-09-25 11:30:36,2026-09-25 11:48:41,4,1080
KDS-ORD-20260925-10252,ORD-20260925-10252,MCH-109,DEV-109-POS,2026-09-25 12:28:59,2026-09-25 12:29:19,2026-09-25 12:29:35,,13,900
KDS-ORD-20260925-10253,ORD-20260925-10253,MCH-113,DEV-113-POS,2026-09-25 20:27:36,2026-09-25 20:27:56,2026-09-25 20:28:17,2026-09-25 20:52:11,12,720
KDS-ORD-20260925-10254,ORD-20260925-10254,MCH-104,DEV-104-POS,2026-09-25 12:05:01,2026-09-25 12:05:21,2026-09-25 12:05:22,,8,1080
KDS-ORD-20260925-10255,ORD-20260925-10255,MCH-107,DEV-107-POS,2026-09-25 09:33:21,2026-09-25 09:33:41,2026-09-25 09:33:42,2026-09-25 09:53:32,5,900
KDS-ORD-20260925-10256,ORD-20260925-10256,MCH-111,DEV-111-POS,2026-09-25 16:18:47,2026-09-25 16:19:07,2026-09-25 16:19:21,2026-09-25 16:40:49,6,1080
KDS-ORD-20260925-10257,ORD-20260925-10257,MCH-107,DEV-107-POS,2026-09-25 21:45:18,2026-09-25 21:45:38,2026-09-25 21:45:38,2026-09-25 22:18:15,10,900
KDS-ORD-20260925-10258,ORD-20260925-10258,MCH-111,DEV-111-POS,2026-09-25 19:37:00,2026-09-25 19:37:20,2026-09-25 19:37:19,2026-09-25 20:12:16,12,1080
KDS-ORD-20260925-10259,ORD-20260925-10259,MCH-109,DEV-109-POS,2026-09-25 16:33:12,2026-09-25 16:33:32,2026-09-25 16:33:56,2026-09-25 16:51:48,2,900
KDS-ORD-20260925-10260,ORD-20260925-10260,MCH-107,DEV-107-POS,2026-09-25 08:56:30,2026-09-25 08:56:50,2026-09-25 08:57:23,2026-09-25 09:14:35,5,900
KDS-ORD-20260925-10261,ORD-20260925-10261,MCH-103,DEV-103-POS,2026-09-25 17:48:42,2026-09-25 17:49:02,2026-09-25 17:49:17,2026-09-25 18:08:04,6,720
KDS-ORD-20260925-10262,ORD-20260925-10262,MCH-101,DEV-101-POS,2026-09-25 23:42:08,2026-09-25 23:42:28,2026-09-25 23:42:45,2026-09-25 23:57:07,2,720
KDS-ORD-20260925-10263,ORD-20260925-10263,MCH-114,DEV-114-POS,2026-09-25 09:58:59,2026-09-25 09:59:19,2026-09-25 09:59:34,2026-09-25 10:15:58,5,720
KDS-ORD-20260925-10264,ORD-20260925-10264,MCH-112,DEV-112-POS,2026-09-25 14:06:05,2026-09-25 14:06:25,2026-09-25 14:06:53,2026-09-25 14:35:35,13,900
KDS-ORD-20260925-10265,ORD-20260925-10265,MCH-111,DEV-111-POS,2026-09-25 21:18:41,2026-09-25 21:19:01,2026-09-25 21:19:05,2026-09-25 21:56:20,13,1080
KDS-ORD-20260925-10266,ORD-20260925-10266,MCH-110,DEV-110-POS,2026-09-25 19:31:52,2026-09-25 19:32:12,2026-09-25 19:32:13,2026-09-25 20:11:10,15,720
KDS-ORD-20260925-10267,ORD-20260925-10267,MCH-106,DEV-106-POS,2026-09-25 20:01:15,2026-09-25 20:01:35,2026-09-25 20:01:44,2026-09-25 20:29:29,13,720
KDS-ORD-20260925-10268,ORD-20260925-10268,MCH-112,DEV-112-POS,2026-09-25 19:24:55,2026-09-25 19:25:15,2026-09-25 19:25:16,2026-09-25 19:54:28,7,900
KDS-ORD-20260925-10269,ORD-20260925-10269,MCH-113,DEV-113-POS,2026-09-25 12:50:42,2026-09-25 12:51:02,2026-09-25 12:51:00,2026-09-25 13:12:30,6,720
KDS-ORD-20260925-10270,ORD-20260925-10270,MCH-107,DEV-107-POS,2026-09-25 11:26:46,2026-09-25 11:27:06,2026-09-25 11:27:41,2026-09-25 11:43:14,4,900
KDS-ORD-20260925-10271,ORD-20260925-10271,MCH-101,DEV-101-POS,2026-09-25 20:54:29,2026-09-25 20:54:49,2026-09-25 20:55:20,2026-09-25 21:20:21,7,720
KDS-ORD-20260925-10272,ORD-20260925-10272,MCH-113,DEV-113-POS,2026-09-25 20:34:56,2026-09-25 20:35:16,2026-09-25 20:35:53,2026-09-25 21:07:59,14,720
KDS-ORD-20260925-10273,ORD-20260925-10273,MCH-108,DEV-108-POS,2026-09-25 20:28:04,2026-09-25 20:28:24,2026-09-25 20:28:32,2026-09-25 20:58:05,8,900
KDS-ORD-20260925-10274,ORD-20260925-10274,MCH-115,DEV-115-POS,2026-09-25 21:55:21,2026-09-25 21:55:41,2026-09-25 21:55:51,2026-09-25 22:30:45,7,1080
KDS-ORD-20260925-10275,ORD-20260925-10275,MCH-105,DEV-105-POS,2026-09-25 14:36:15,2026-09-25 14:36:35,2026-09-25 14:37:04,2026-09-25 15:02:43,8,900
KDS-ORD-20260925-10276,ORD-20260925-10276,MCH-101,DEV-101-POS,2026-09-25 14:15:19,2026-09-25 14:15:39,2026-09-25 14:16:08,2026-09-25 14:49:26,15,720
KDS-ORD-20260925-10277,ORD-20260925-10277,MCH-112,DEV-112-POS,2026-09-25 20:58:13,2026-09-25 20:58:33,2026-09-25 20:58:42,,9,900
KDS-ORD-20260925-10278,ORD-20260925-10278,MCH-104,DEV-104-POS,2026-09-25 18:06:00,2026-09-25 18:06:20,2026-09-25 18:06:30,2026-09-25 18:24:52,2,1080
KDS-ORD-20260925-10279,ORD-20260925-10279,MCH-112,DEV-112-POS,2026-09-25 19:20:38,2026-09-25 19:20:58,2026-09-25 19:21:08,2026-09-25 19:59:05,11,900
KDS-ORD-20260925-10280,ORD-20260925-10280,MCH-111,DEV-111-POS,2026-09-25 20:28:17,2026-09-25 20:28:37,2026-09-25 20:29:15,2026-09-25 21:02:06,7,1080
KDS-ORD-20260925-10281,ORD-20260925-10281,MCH-105,DEV-105-POS,2026-09-25 21:42:50,2026-09-25 21:43:10,2026-09-25 21:43:10,2026-09-25 22:16:23,14,900
KDS-ORD-20260925-10282,ORD-20260925-10282,MCH-109,DEV-109-POS,2026-09-25 12:58:33,2026-09-25 12:58:53,2026-09-25 12:59:31,2026-09-25 13:27:32,9,900
KDS-ORD-20260925-10283,ORD-20260925-10283,MCH-102,DEV-102-POS,2026-09-25 12:39:06,2026-09-25 12:39:26,2026-09-25 12:39:54,2026-09-25 13:15:14,12,720
KDS-ORD-20260925-10284,ORD-20260925-10284,MCH-112,DEV-112-POS,2026-09-25 07:17:01,2026-09-25 07:17:21,2026-09-25 07:17:54,2026-09-25 07:37:03,3,900
KDS-ORD-20260925-10285,ORD-20260925-10285,MCH-103,DEV-103-POS,2026-09-25 16:06:34,2026-09-25 16:06:54,2026-09-25 16:07:10,2026-09-25 16:24:41,6,720
KDS-ORD-20260925-10286,ORD-20260925-10286,MCH-102,DEV-102-POS,2026-09-25 05:10:44,2026-09-25 05:11:04,2026-09-25 05:11:17,2026-09-25 05:30:43,6,720
KDS-ORD-20260925-10287,ORD-20260925-10287,MCH-106,DEV-106-POS,2026-09-25 13:18:56,2026-09-25 13:19:16,2026-09-25 13:19:23,,15,720
KDS-ORD-20260925-10288,ORD-20260925-10288,MCH-106,DEV-106-POS,2026-09-25 15:52:14,2026-09-25 15:52:34,2026-09-25 15:53:09,2026-09-25 16:08:25,6,720
KDS-ORD-20260925-10289,ORD-20260925-10289,MCH-105,DEV-105-POS,2026-09-25 11:10:45,2026-09-25 11:11:05,2026-09-25 11:11:31,2026-09-25 11:32:15,4,900
KDS-ORD-20260925-10290,ORD-20260925-10290,MCH-108,DEV-108-POS,2026-09-25 17:21:20,2026-09-25 17:21:40,2026-09-25 17:21:52,2026-09-25 17:38:56,5,900
KDS-ORD-20260925-10291,ORD-20260925-10291,MCH-101,DEV-101-POS,2026-09-25 05:46:26,2026-09-25 05:46:46,2026-09-25 05:46:51,2026-09-25 05:59:55,3,720
KDS-ORD-20260925-10292,ORD-20260925-10292,MCH-101,DEV-101-POS,2026-09-25 05:02:03,2026-09-25 05:02:23,2026-09-25 05:02:59,2026-09-25 05:17:43,4,720
KDS-ORD-20260925-10293,ORD-20260925-10293,MCH-112,DEV-112-POS,2026-09-25 20:11:50,2026-09-25 20:12:10,2026-09-25 20:12:20,,8,900
KDS-ORD-20260925-10294,ORD-20260925-10294,MCH-114,DEV-114-POS,2026-09-25 12:01:04,2026-09-25 12:01:24,2026-09-25 12:01:27,2026-09-25 12:23:37,7,720
KDS-ORD-20260925-10295,ORD-20260925-10295,MCH-105,DEV-105-POS,2026-09-25 08:34:54,2026-09-25 08:35:14,2026-09-25 08:35:13,2026-09-25 08:51:38,2,900
KDS-ORD-20260925-10296,ORD-20260925-10296,MCH-106,DEV-106-POS,2026-09-25 14:45:05,2026-09-25 14:45:25,2026-09-25 14:45:57,2026-09-25 15:23:45,15,720
KDS-ORD-20260925-10297,ORD-20260925-10297,MCH-104,DEV-104-POS,2026-09-25 20:36:32,2026-09-25 20:36:52,2026-09-25 20:37:10,2026-09-25 21:18:25,12,1080
KDS-ORD-20260925-10298,ORD-20260925-10298,MCH-109,DEV-109-POS,2026-09-25 10:59:17,2026-09-25 10:59:37,2026-09-25 10:59:43,2026-09-25 11:20:04,6,900
KDS-ORD-20260925-10299,ORD-20260925-10299,MCH-115,DEV-115-POS,2026-09-25 18:45:33,2026-09-25 18:45:53,2026-09-25 18:46:14,2026-09-25 19:06:20,2,1080
KDS-ORD-20260925-10300,ORD-20260925-10300,MCH-101,DEV-101-POS,2026-09-25 07:51:09,2026-09-25 07:51:29,2026-09-25 07:51:27,2026-09-25 08:08:15,3,720
KDS-ORD-20260925-10301,ORD-20260925-10301,MCH-102,DEV-102-POS,2026-09-25 06:34:12,2026-09-25 06:34:32,2026-09-25 06:34:40,2026-09-25 06:55:43,6,720
KDS-ORD-20260925-10302,ORD-20260925-10302,MCH-115,DEV-115-POS,2026-09-25 15:02:35,2026-09-25 15:02:55,2026-09-25 15:03:15,2026-09-25 15:28:16,6,1080
KDS-ORD-20260925-10303,ORD-20260925-10303,MCH-103,DEV-103-POS,2026-09-25 15:58:12,2026-09-25 15:58:32,2026-09-25 15:58:42,2026-09-25 16:12:22,2,720
KDS-ORD-20260925-10304,ORD-20260925-10304,MCH-107,DEV-107-POS,2026-09-25 18:52:17,2026-09-25 18:52:37,2026-09-25 18:52:46,2026-09-25 19:15:36,5,900
KDS-ORD-20260925-10305,ORD-20260925-10305,MCH-102,DEV-102-POS,2026-09-25 19:21:44,2026-09-25 19:22:04,2026-09-25 19:22:24,2026-09-25 19:56:05,11,720
KDS-ORD-20260925-10306,ORD-20260925-10306,MCH-114,DEV-114-POS,2026-09-25 22:36:40,2026-09-25 22:37:00,2026-09-25 22:36:58,2026-09-25 22:55:20,6,720
KDS-ORD-20260925-10307,ORD-20260925-10307,MCH-105,DEV-105-POS,2026-09-25 14:23:00,2026-09-25 14:23:20,2026-09-25 14:23:35,2026-09-25 14:58:41,15,900
KDS-ORD-20260925-10308,ORD-20260925-10308,MCH-101,DEV-101-POS,2026-09-25 12:13:06,2026-09-25 12:13:26,2026-09-25 12:13:46,2026-09-25 12:38:06,8,720
KDS-ORD-20260925-10309,ORD-20260925-10309,MCH-104,DEV-104-POS,2026-09-25 20:05:25,2026-09-25 20:05:45,2026-09-25 20:06:22,2026-09-25 20:42:06,8,1080
KDS-ORD-20260925-10310,ORD-20260925-10310,MCH-113,DEV-113-POS,2026-09-25 11:02:11,2026-09-25 11:02:31,2026-09-25 11:02:51,2026-09-25 11:21:19,3,720
KDS-ORD-20260925-10311,ORD-20260925-10311,MCH-113,DEV-113-POS,2026-09-25 13:29:57,2026-09-25 13:30:17,2026-09-25 13:30:17,2026-09-25 13:59:55,9,720
KDS-ORD-20260925-10312,ORD-20260925-10312,MCH-114,DEV-114-POS,2026-09-25 07:58:37,2026-09-25 07:58:57,2026-09-25 07:58:59,2026-09-25 08:19:51,6,720
KDS-ORD-20260925-10313,ORD-20260925-10313,MCH-105,DEV-105-POS,2026-09-25 04:57:04,2026-09-25 04:57:24,2026-09-25 04:57:26,2026-09-25 05:21:19,4,900
KDS-ORD-20260925-10314,ORD-20260925-10314,MCH-113,DEV-113-POS,2026-09-25 22:18:13,2026-09-25 22:18:33,2026-09-25 22:18:56,2026-09-25 22:34:40,3,720
KDS-ORD-20260925-10315,ORD-20260925-10315,MCH-107,DEV-107-POS,2026-09-25 20:29:45,2026-09-25 20:30:05,2026-09-25 20:30:09,2026-09-25 20:57:43,7,900
KDS-ORD-20260925-10316,ORD-20260925-10316,MCH-109,DEV-109-POS,2026-09-25 19:35:51,2026-09-25 19:36:11,2026-09-25 19:36:20,2026-09-25 20:07:48,7,900
KDS-ORD-20260925-10317,ORD-20260925-10317,MCH-114,DEV-114-POS,2026-09-25 13:57:53,2026-09-25 13:58:13,2026-09-25 13:58:29,2026-09-25 14:29:43,16,720
KDS-ORD-20260925-10318,ORD-20260925-10318,MCH-113,DEV-113-POS,2026-09-25 09:07:10,2026-09-25 09:07:30,2026-09-25 09:07:42,2026-09-25 09:28:02,6,720
KDS-ORD-20260925-10319,ORD-20260925-10319,MCH-101,DEV-101-POS,2026-09-25 09:48:41,2026-09-25 09:49:01,2026-09-25 09:49:08,2026-09-25 10:07:29,5,720
KDS-ORD-20260925-10320,ORD-20260925-10320,MCH-104,DEV-104-POS,2026-09-25 11:18:52,2026-09-25 11:19:12,2026-09-25 11:19:42,2026-09-25 11:39:51,3,1080
KDS-ORD-20260925-10321,ORD-20260925-10321,MCH-112,DEV-112-POS,2026-09-25 15:57:39,2026-09-25 15:57:59,2026-09-25 15:57:55,2026-09-25 16:19:07,6,900
KDS-ORD-20260925-10322,ORD-20260925-10322,MCH-103,DEV-103-POS,2026-09-25 19:51:56,2026-09-25 19:52:16,2026-09-25 19:52:47,2026-09-25 20:19:36,8,720
KDS-ORD-20260925-10323,ORD-20260925-10323,MCH-104,DEV-104-POS,2026-09-25 18:52:17,2026-09-25 18:52:37,2026-09-25 18:52:36,2026-09-25 19:11:46,2,1080
KDS-ORD-20260925-10324,ORD-20260925-10324,MCH-103,DEV-103-POS,2026-09-25 11:31:47,2026-09-25 11:32:07,2026-09-25 11:32:31,2026-09-25 11:49:58,6,720
KDS-ORD-20260925-10325,ORD-20260925-10325,MCH-103,DEV-103-POS,2026-09-25 22:35:45,2026-09-25 22:36:05,2026-09-25 22:36:19,2026-09-25 22:49:10,3,720
KDS-ORD-20260925-10326,ORD-20260925-10326,MCH-115,DEV-115-POS,2026-09-25 19:14:54,2026-09-25 19:15:14,2026-09-25 19:15:45,2026-09-25 20:01:37,16,1080
KDS-ORD-20260925-10327,ORD-20260925-10327,MCH-111,DEV-111-POS,2026-09-25 15:36:35,2026-09-25 15:36:55,2026-09-25 15:37:30,2026-09-25 16:01:31,6,1080
KDS-ORD-20260925-10328,ORD-20260925-10328,MCH-105,DEV-105-POS,2026-09-25 17:23:02,2026-09-25 17:23:22,2026-09-25 17:23:22,2026-09-25 17:40:15,3,900
KDS-ORD-20260925-10329,ORD-20260925-10329,MCH-112,DEV-112-POS,2026-09-25 13:33:31,2026-09-25 13:33:51,2026-09-25 13:34:05,2026-09-25 13:58:13,6,900
KDS-ORD-20260925-10330,ORD-20260925-10330,MCH-110,DEV-110-POS,2026-09-25 11:13:14,2026-09-25 11:13:34,2026-09-25 11:13:36,2026-09-25 11:30:19,5,720
KDS-ORD-20260925-10331,ORD-20260925-10331,MCH-113,DEV-113-POS,2026-09-25 12:18:42,2026-09-25 12:19:02,2026-09-25 12:19:34,2026-09-25 12:41:45,6,720
KDS-ORD-20260925-10332,ORD-20260925-10332,MCH-102,DEV-102-POS,2026-09-25 19:36:54,2026-09-25 19:37:14,2026-09-25 19:37:10,2026-09-25 20:19:39,16,720
KDS-ORD-20260925-10333,ORD-20260925-10333,MCH-114,DEV-114-POS,2026-09-25 02:32:34,2026-09-25 02:32:54,2026-09-25 02:32:50,2026-09-25 02:49:22,4,720
KDS-ORD-20260925-10334,ORD-20260925-10334,MCH-115,DEV-115-POS,2026-09-25 08:57:56,2026-09-25 08:58:16,2026-09-25 08:58:25,2026-09-25 09:21:23,4,1080
KDS-ORD-20260925-10335,ORD-20260925-10335,MCH-103,DEV-103-POS,2026-09-25 06:00:14,2026-09-25 06:00:34,2026-09-25 06:00:44,2026-09-25 06:15:41,4,720
KDS-ORD-20260925-10336,ORD-20260925-10336,MCH-104,DEV-104-POS,2026-09-25 05:47:13,2026-09-25 05:47:33,2026-09-25 05:47:32,2026-09-25 06:07:04,2,1080
KDS-ORD-20260925-10337,ORD-20260925-10337,MCH-110,DEV-110-POS,2026-09-25 20:21:17,2026-09-25 20:21:37,2026-09-25 20:21:43,,15,720
KDS-ORD-20260925-10338,ORD-20260925-10338,MCH-112,DEV-112-POS,2026-09-25 19:35:04,2026-09-25 19:35:24,2026-09-25 19:36:02,2026-09-25 20:02:46,7,900
KDS-ORD-20260925-10339,ORD-20260925-10339,MCH-109,DEV-109-POS,2026-09-25 13:10:58,2026-09-25 13:11:18,2026-09-25 13:11:52,2026-09-25 13:38:50,8,900
KDS-ORD-20260925-10340,ORD-20260925-10340,MCH-102,DEV-102-POS,2026-09-25 08:55:32,2026-09-25 08:55:52,2026-09-25 08:56:18,2026-09-25 09:12:29,5,720
KDS-ORD-20260925-10341,ORD-20260925-10341,MCH-109,DEV-109-POS,2026-09-25 14:12:50,2026-09-25 14:13:10,2026-09-25 14:13:18,2026-09-25 14:43:13,7,900
KDS-ORD-20260925-10342,ORD-20260925-10342,MCH-101,DEV-101-POS,2026-09-25 13:11:08,2026-09-25 13:11:28,2026-09-25 13:11:48,,13,720
KDS-ORD-20260925-10343,ORD-20260925-10343,MCH-114,DEV-114-POS,2026-09-25 09:31:52,2026-09-25 09:32:12,2026-09-25 09:32:39,2026-09-25 09:47:31,3,720
KDS-ORD-20260925-10344,ORD-20260925-10344,MCH-107,DEV-107-POS,2026-09-25 13:25:27,2026-09-25 13:25:47,2026-09-25 13:25:52,2026-09-25 14:02:01,12,900
KDS-ORD-20260925-10345,ORD-20260925-10345,MCH-107,DEV-107-POS,2026-09-25 13:19:04,2026-09-25 13:19:24,2026-09-25 13:19:48,2026-09-25 13:48:26,6,900
KDS-ORD-20260925-10346,ORD-20260925-10346,MCH-106,DEV-106-POS,2026-09-25 17:43:44,2026-09-25 17:44:04,2026-09-25 17:44:08,2026-09-25 18:01:27,5,720
KDS-ORD-20260925-10347,ORD-20260925-10347,MCH-107,DEV-107-POS,2026-09-25 18:59:23,2026-09-25 18:59:43,2026-09-25 19:00:04,2026-09-25 19:21:37,5,900
KDS-ORD-20260925-10348,ORD-20260925-10348,MCH-104,DEV-104-POS,2026-09-25 06:47:31,2026-09-25 06:47:51,2026-09-25 06:48:25,2026-09-25 07:07:33,3,1080
KDS-ORD-20260925-10349,ORD-20260925-10349,MCH-107,DEV-107-POS,2026-09-25 12:30:32,2026-09-25 12:30:52,2026-09-25 12:31:30,2026-09-25 12:58:08,11,900
KDS-ORD-20260925-10350,ORD-20260925-10350,MCH-105,DEV-105-POS,2026-09-25 18:48:23,2026-09-25 18:48:43,2026-09-25 18:48:46,2026-09-25 19:11:43,6,900
KDS-ORD-20260925-10351,ORD-20260925-10351,MCH-113,DEV-113-POS,2026-09-25 14:09:06,2026-09-25 14:09:26,2026-09-25 14:09:50,2026-09-25 14:35:08,15,720
KDS-ORD-20260925-10352,ORD-20260925-10352,MCH-110,DEV-110-POS,2026-09-25 20:46:01,2026-09-25 20:46:21,2026-09-25 20:46:36,2026-09-25 21:14:02,7,720
KDS-ORD-20260925-10353,ORD-20260925-10353,MCH-102,DEV-102-POS,2026-09-25 18:21:53,2026-09-25 18:22:13,2026-09-25 18:22:34,2026-09-25 18:34:59,3,720
KDS-ORD-20260925-10354,ORD-20260925-10354,MCH-114,DEV-114-POS,2026-09-25 09:40:52,2026-09-25 09:41:12,2026-09-25 09:41:17,2026-09-25 09:55:23,4,720
KDS-ORD-20260925-10355,ORD-20260925-10355,MCH-102,DEV-102-POS,2026-09-25 07:21:16,2026-09-25 07:21:36,2026-09-25 07:21:58,2026-09-25 07:37:22,3,720
KDS-ORD-20260925-10356,ORD-20260925-10356,MCH-104,DEV-104-POS,2026-09-25 18:21:11,2026-09-25 18:21:31,2026-09-25 18:21:46,2026-09-25 18:44:13,3,1080
KDS-ORD-20260925-10357,ORD-20260925-10357,MCH-112,DEV-112-POS,2026-09-25 05:10:12,2026-09-25 05:10:32,2026-09-25 05:10:30,2026-09-25 05:29:29,3,900
KDS-ORD-20260925-10358,ORD-20260925-10358,MCH-108,DEV-108-POS,2026-09-25 17:40:44,2026-09-25 17:41:04,2026-09-25 17:41:23,2026-09-25 18:00:39,4,900
KDS-ORD-20260925-10359,ORD-20260925-10359,MCH-106,DEV-106-POS,2026-09-25 21:06:27,2026-09-25 21:06:47,2026-09-25 21:06:44,,6,720
KDS-ORD-20260925-10360,ORD-20260925-10360,MCH-104,DEV-104-POS,2026-09-25 16:14:52,2026-09-25 16:15:12,2026-09-25 16:15:31,2026-09-25 16:37:42,6,1080
KDS-ORD-20260925-10361,ORD-20260925-10361,MCH-103,DEV-103-POS,2026-09-25 12:06:31,2026-09-25 12:06:51,2026-09-25 12:06:59,2026-09-25 12:32:47,10,720
KDS-ORD-20260925-10362,ORD-20260925-10362,MCH-102,DEV-102-POS,2026-09-25 18:18:32,2026-09-25 18:18:52,2026-09-25 18:19:02,2026-09-25 18:31:55,2,720
KDS-ORD-20260925-10363,ORD-20260925-10363,MCH-107,DEV-107-POS,2026-09-25 13:12:13,2026-09-25 13:12:33,2026-09-25 13:13:03,2026-09-25 13:43:46,13,900
KDS-ORD-20260925-10364,ORD-20260925-10364,MCH-112,DEV-112-POS,2026-09-25 15:40:50,2026-09-25 15:41:10,2026-09-25 15:41:48,2026-09-25 15:58:36,3,900
KDS-ORD-20260925-10365,ORD-20260925-10365,MCH-109,DEV-109-POS,2026-09-25 21:03:47,2026-09-25 21:04:07,2026-09-25 21:04:16,2026-09-25 21:41:01,14,900
KDS-ORD-20260925-10366,ORD-20260925-10366,MCH-104,DEV-104-POS,2026-09-25 12:53:26,2026-09-25 12:53:46,2026-09-25 12:54:00,2026-09-25 13:26:42,7,1080
KDS-ORD-20260925-10367,ORD-20260925-10367,MCH-115,DEV-115-POS,2026-09-25 22:23:01,2026-09-25 22:23:21,2026-09-25 22:23:54,2026-09-25 22:42:51,2,1080
KDS-ORD-20260925-10368,ORD-20260925-10368,MCH-113,DEV-113-POS,2026-09-25 21:59:50,2026-09-25 22:00:10,2026-09-25 22:00:20,,12,720
KDS-ORD-20260925-10369,ORD-20260925-10369,MCH-110,DEV-110-POS,2026-09-25 10:03:17,2026-09-25 10:03:37,2026-09-25 10:03:40,2026-09-25 10:16:48,4,720
KDS-ORD-20260925-10370,ORD-20260925-10370,MCH-103,DEV-103-POS,2026-09-25 07:46:58,2026-09-25 07:47:18,2026-09-25 07:47:53,2026-09-25 07:59:22,3,720
KDS-ORD-20260925-10371,ORD-20260925-10371,MCH-113,DEV-113-POS,2026-09-25 08:28:29,2026-09-25 08:28:49,2026-09-25 08:29:16,2026-09-25 08:46:50,3,720
KDS-ORD-20260925-10372,ORD-20260925-10372,MCH-113,DEV-113-POS,2026-09-25 03:42:20,2026-09-25 03:42:40,2026-09-25 03:43:13,2026-09-25 04:03:13,6,720
KDS-ORD-20260925-10373,ORD-20260925-10373,MCH-115,DEV-115-POS,2026-09-25 08:16:43,2026-09-25 08:17:03,2026-09-25 08:17:27,2026-09-25 08:40:32,4,1080
KDS-ORD-20260925-10374,ORD-20260925-10374,MCH-112,DEV-112-POS,2026-09-25 19:18:14,2026-09-25 19:18:34,2026-09-25 19:19:05,2026-09-25 19:52:06,10,900
KDS-ORD-20260925-10375,ORD-20260925-10375,MCH-104,DEV-104-POS,2026-09-25 07:03:24,2026-09-25 07:03:44,2026-09-25 07:03:49,2026-09-25 07:24:48,2,1080
KDS-ORD-20260925-10376,ORD-20260925-10376,MCH-102,DEV-102-POS,2026-09-25 12:00:37,2026-09-25 12:00:57,2026-09-25 12:01:09,2026-09-25 12:39:20,15,720
KDS-ORD-20260925-10377,ORD-20260925-10377,MCH-106,DEV-106-POS,2026-09-25 20:23:07,2026-09-25 20:23:27,2026-09-25 20:23:53,2026-09-25 20:55:04,12,720
KDS-ORD-20260925-10378,ORD-20260925-10378,MCH-101,DEV-101-POS,2026-09-25 04:48:35,2026-09-25 04:48:55,2026-09-25 04:49:16,2026-09-25 05:06:30,5,720
KDS-ORD-20260925-10379,ORD-20260925-10379,MCH-102,DEV-102-POS,2026-09-25 20:52:16,2026-09-25 20:52:36,2026-09-25 20:52:34,2026-09-25 21:23:16,10,720
KDS-ORD-20260925-10380,ORD-20260925-10380,MCH-111,DEV-111-POS,2026-09-25 11:47:51,2026-09-25 11:48:11,2026-09-25 11:48:07,2026-09-25 12:09:21,4,1080
KDS-ORD-20260925-10381,ORD-20260925-10381,MCH-101,DEV-101-POS,2026-09-25 08:57:31,2026-09-25 08:57:51,2026-09-25 08:57:49,2026-09-25 09:15:03,3,720
KDS-ORD-20260925-10382,ORD-20260925-10382,MCH-105,DEV-105-POS,2026-09-25 19:59:48,2026-09-25 20:00:08,2026-09-25 20:00:26,,15,900
KDS-ORD-20260925-10383,ORD-20260925-10383,MCH-105,DEV-105-POS,2026-09-25 18:09:30,2026-09-25 18:09:50,2026-09-25 18:10:21,2026-09-25 18:32:33,5,900
KDS-ORD-20260925-10384,ORD-20260925-10384,MCH-110,DEV-110-POS,2026-09-25 21:46:54,2026-09-25 21:47:14,2026-09-25 21:47:25,2026-09-25 22:14:33,12,720
KDS-ORD-20260925-10385,ORD-20260925-10385,MCH-110,DEV-110-POS,2026-09-25 19:32:49,2026-09-25 19:33:09,2026-09-25 19:33:19,2026-09-25 20:04:19,12,720
KDS-ORD-20260925-10386,ORD-20260925-10386,MCH-105,DEV-105-POS,2026-09-25 20:56:28,2026-09-25 20:56:48,2026-09-25 20:57:00,2026-09-25 21:28:31,8,900
KDS-ORD-20260925-10387,ORD-20260925-10387,MCH-107,DEV-107-POS,2026-09-25 11:53:13,2026-09-25 11:53:33,2026-09-25 11:53:34,2026-09-25 12:09:54,2,900
KDS-ORD-20260925-10388,ORD-20260925-10388,MCH-101,DEV-101-POS,2026-09-25 10:23:51,2026-09-25 10:24:11,2026-09-25 10:24:26,2026-09-25 10:43:43,4,720
KDS-ORD-20260925-10389,ORD-20260925-10389,MCH-109,DEV-109-POS,2026-09-25 19:40:04,2026-09-25 19:40:24,2026-09-25 19:40:51,2026-09-25 20:07:54,9,900
KDS-ORD-20260925-10390,ORD-20260925-10390,MCH-108,DEV-108-POS,2026-09-25 20:58:40,2026-09-25 20:59:00,2026-09-25 20:59:21,,9,900
KDS-ORD-20260925-10391,ORD-20260925-10391,MCH-109,DEV-109-POS,2026-09-25 23:42:26,2026-09-25 23:42:46,2026-09-25 23:42:51,2026-09-26 00:00:48,3,900
KDS-ORD-20260925-10392,ORD-20260925-10392,MCH-114,DEV-114-POS,2026-09-25 13:08:58,2026-09-25 13:09:18,2026-09-25 13:09:37,2026-09-25 13:34:44,7,720
KDS-ORD-20260925-10393,ORD-20260925-10393,MCH-113,DEV-113-POS,2026-09-25 12:33:05,2026-09-25 12:33:25,2026-09-25 12:33:20,2026-09-25 13:05:29,15,720
KDS-ORD-20260925-10394,ORD-20260925-10394,MCH-114,DEV-114-POS,2026-09-25 20:09:16,2026-09-25 20:09:36,2026-09-25 20:09:37,2026-09-25 20:35:03,7,720
KDS-ORD-20260925-10395,ORD-20260925-10395,MCH-105,DEV-105-POS,2026-09-25 13:03:26,2026-09-25 13:03:46,2026-09-25 13:03:47,2026-09-25 13:31:07,6,900
KDS-ORD-20260925-10396,ORD-20260925-10396,MCH-103,DEV-103-POS,2026-09-25 21:47:26,2026-09-25 21:47:46,2026-09-25 21:48:18,2026-09-25 22:17:41,14,720
KDS-ORD-20260925-10397,ORD-20260925-10397,MCH-110,DEV-110-POS,2026-09-25 20:08:02,2026-09-25 20:08:22,2026-09-25 20:08:40,2026-09-25 20:34:39,8,720
KDS-ORD-20260925-10398,ORD-20260925-10398,MCH-107,DEV-107-POS,2026-09-25 13:02:29,2026-09-25 13:02:49,2026-09-25 13:02:58,2026-09-25 13:33:02,7,900
KDS-ORD-20260925-10399,ORD-20260925-10399,MCH-111,DEV-111-POS,2026-09-25 19:30:11,2026-09-25 19:30:31,2026-09-25 19:30:41,2026-09-25 20:04:04,7,1080
KDS-ORD-20260925-10400,ORD-20260925-10400,MCH-102,DEV-102-POS,2026-09-25 19:46:46,2026-09-25 19:47:06,2026-09-25 19:47:09,2026-09-25 20:11:42,9,720
KDS-ORD-20260925-10401,ORD-20260925-10401,MCH-102,DEV-102-POS,2026-09-25 08:51:41,2026-09-25 08:52:01,2026-09-25 08:52:10,2026-09-25 09:06:41,5,720
KDS-ORD-20260925-10402,ORD-20260925-10402,MCH-104,DEV-104-POS,2026-09-25 21:48:09,2026-09-25 21:48:29,2026-09-25 21:48:26,2026-09-25 22:23:12,8,1080
KDS-ORD-20260925-10403,ORD-20260925-10403,MCH-110,DEV-110-POS,2026-09-25 14:13:45,2026-09-25 14:14:05,2026-09-25 14:14:41,2026-09-25 14:42:22,14,720
KDS-ORD-20260925-10404,ORD-20260925-10404,MCH-113,DEV-113-POS,2026-09-25 20:55:19,2026-09-25 20:55:39,2026-09-25 20:56:14,2026-09-25 21:19:31,6,720
KDS-ORD-20260925-10405,ORD-20260925-10405,MCH-107,DEV-107-POS,2026-09-25 12:46:24,2026-09-25 12:46:44,2026-09-25 12:47:03,2026-09-25 13:20:28,10,900
KDS-ORD-20260925-10406,ORD-20260925-10406,MCH-106,DEV-106-POS,2026-09-25 21:28:57,2026-09-25 21:29:17,2026-09-25 21:29:19,2026-09-25 22:05:11,16,720
KDS-ORD-20260925-10407,ORD-20260925-10407,MCH-112,DEV-112-POS,2026-09-25 12:49:25,2026-09-25 12:49:45,2026-09-25 12:49:59,2026-09-25 13:33:39,16,900
KDS-ORD-20260925-10408,ORD-20260925-10408,MCH-111,DEV-111-POS,2026-09-25 01:23:16,2026-09-25 01:23:36,2026-09-25 01:24:07,2026-09-25 01:47:58,5,1080
KDS-ORD-20260925-10409,ORD-20260925-10409,MCH-108,DEV-108-POS,2026-09-25 21:40:21,2026-09-25 21:40:41,2026-09-25 21:40:42,2026-09-25 22:12:43,7,900
KDS-ORD-20260925-10410,ORD-20260925-10410,MCH-102,DEV-102-POS,2026-09-25 07:59:04,2026-09-25 07:59:24,2026-09-25 07:59:27,2026-09-25 08:13:54,2,720
KDS-ORD-20260925-10411,ORD-20260925-10411,MCH-111,DEV-111-POS,2026-09-25 12:12:21,2026-09-25 12:12:41,2026-09-25 12:13:02,2026-09-25 12:53:46,13,1080
KDS-ORD-20260925-10412,ORD-20260925-10412,MCH-114,DEV-114-POS,2026-09-25 22:24:15,2026-09-25 22:24:35,2026-09-25 22:24:43,2026-09-25 22:42:34,5,720
KDS-ORD-20260925-10413,ORD-20260925-10413,MCH-111,DEV-111-POS,2026-09-25 22:56:27,2026-09-25 22:56:47,2026-09-25 22:57:12,2026-09-25 23:20:44,5,1080
KDS-ORD-20260925-10414,ORD-20260925-10414,MCH-110,DEV-110-POS,2026-09-25 16:52:26,2026-09-25 16:52:46,2026-09-25 16:53:07,2026-09-25 17:16:11,6,720
KDS-ORD-20260925-10415,ORD-20260925-10415,MCH-103,DEV-103-POS,2026-09-25 18:36:20,2026-09-25 18:36:40,2026-09-25 18:37:02,2026-09-25 18:47:38,3,720
KDS-ORD-20260925-10416,ORD-20260925-10416,MCH-112,DEV-112-POS,2026-09-25 13:15:16,2026-09-25 13:15:36,2026-09-25 13:15:32,2026-09-25 13:49:51,16,900
KDS-ORD-20260925-10417,ORD-20260925-10417,MCH-111,DEV-111-POS,2026-09-25 11:52:50,2026-09-25 11:53:10,2026-09-25 11:53:37,2026-09-25 12:14:34,3,1080
KDS-ORD-20260925-10418,ORD-20260925-10418,MCH-114,DEV-114-POS,2026-09-25 12:48:41,2026-09-25 12:49:01,2026-09-25 12:49:16,,7,720
KDS-ORD-20260925-10419,ORD-20260925-10419,MCH-110,DEV-110-POS,2026-09-25 18:21:40,2026-09-25 18:22:00,2026-09-25 18:22:00,2026-09-25 18:40:38,6,720
KDS-ORD-20260925-10420,ORD-20260925-10420,MCH-102,DEV-102-POS,2026-09-25 19:39:14,2026-09-25 19:39:34,2026-09-25 19:39:38,2026-09-25 20:10:51,10,720
KDS-ORD-20260925-10421,ORD-20260925-10421,MCH-105,DEV-105-POS,2026-09-25 20:53:51,2026-09-25 20:54:11,2026-09-25 20:54:39,2026-09-25 21:26:13,14,900
KDS-ORD-20260925-10422,ORD-20260925-10422,MCH-108,DEV-108-POS,2026-09-25 20:31:05,2026-09-25 20:31:25,2026-09-25 20:32:03,2026-09-25 20:58:32,8,900
KDS-ORD-20260925-10423,ORD-20260925-10423,MCH-102,DEV-102-POS,2026-09-25 07:36:24,2026-09-25 07:36:44,2026-09-25 07:37:24,2026-09-25 07:50:35,4,720
KDS-ORD-20260925-10424,ORD-20260925-10424,MCH-109,DEV-109-POS,2026-09-25 14:32:47,2026-09-25 14:33:07,2026-09-25 14:33:36,2026-09-25 15:18:48,16,900
KDS-ORD-20260925-10425,ORD-20260925-10425,MCH-108,DEV-108-POS,2026-09-25 06:37:32,2026-09-25 06:37:52,2026-09-25 06:37:55,2026-09-25 06:56:54,4,900
KDS-ORD-20260925-10426,ORD-20260925-10426,MCH-109,DEV-109-POS,2026-09-25 15:49:29,2026-09-25 15:49:49,2026-09-25 15:49:50,2026-09-25 16:10:14,4,900
KDS-ORD-20260925-10427,ORD-20260925-10427,MCH-106,DEV-106-POS,2026-09-25 13:53:29,2026-09-25 13:53:49,2026-09-25 13:54:13,2026-09-25 14:19:53,9,720
KDS-ORD-20260925-10428,ORD-20260925-10428,MCH-103,DEV-103-POS,2026-09-25 21:28:15,2026-09-25 21:28:35,2026-09-25 21:28:40,2026-09-25 22:04:33,14,720
KDS-ORD-20260925-10429,ORD-20260925-10429,MCH-112,DEV-112-POS,2026-09-25 12:22:12,2026-09-25 12:22:32,2026-09-25 12:22:41,2026-09-25 12:50:31,8,900
KDS-ORD-20260925-10430,ORD-20260925-10430,MCH-107,DEV-107-POS,2026-09-25 08:24:31,2026-09-25 08:24:51,2026-09-25 08:24:54,2026-09-25 08:44:02,4,900
KDS-ORD-20260925-10431,ORD-20260925-10431,MCH-104,DEV-104-POS,2026-09-25 09:39:20,2026-09-25 09:39:40,2026-09-25 09:39:40,2026-09-25 10:02:20,5,1080
KDS-ORD-20260925-10432,ORD-20260925-10432,MCH-103,DEV-103-POS,2026-09-25 19:37:52,2026-09-25 19:38:12,2026-09-25 19:38:43,2026-09-25 20:08:11,9,720
KDS-ORD-20260925-10433,ORD-20260925-10433,MCH-114,DEV-114-POS,2026-09-25 17:37:49,2026-09-25 17:38:09,2026-09-25 17:38:14,2026-09-25 17:58:18,5,720
KDS-ORD-20260925-10434,ORD-20260925-10434,MCH-114,DEV-114-POS,2026-09-25 08:55:50,2026-09-25 08:56:10,2026-09-25 08:56:50,2026-09-25 09:15:38,6,720
KDS-ORD-20260925-10435,ORD-20260925-10435,MCH-115,DEV-115-POS,2026-09-25 07:02:40,2026-09-25 07:03:00,2026-09-25 07:03:00,2026-09-25 07:26:03,6,1080
KDS-ORD-20260925-10436,ORD-20260925-10436,MCH-110,DEV-110-POS,2026-09-25 19:19:37,2026-09-25 19:19:57,2026-09-25 19:20:05,2026-09-25 19:53:42,15,720
KDS-ORD-20260925-10437,ORD-20260925-10437,MCH-101,DEV-101-POS,2026-09-25 07:19:06,2026-09-25 07:19:26,2026-09-25 07:19:42,2026-09-25 07:38:49,6,720
KDS-ORD-20260925-10438,ORD-20260925-10438,MCH-101,DEV-101-POS,2026-09-25 20:52:19,2026-09-25 20:52:39,2026-09-25 20:52:58,2026-09-25 21:22:23,12,720
KDS-ORD-20260925-10439,ORD-20260925-10439,MCH-107,DEV-107-POS,2026-09-25 19:26:45,2026-09-25 19:27:05,2026-09-25 19:27:28,2026-09-25 20:03:24,12,900
KDS-ORD-20260925-10440,ORD-20260925-10440,MCH-114,DEV-114-POS,2026-09-25 07:51:55,2026-09-25 07:52:15,2026-09-25 07:52:16,2026-09-25 08:07:18,2,720
KDS-ORD-20260925-10441,ORD-20260925-10441,MCH-102,DEV-102-POS,2026-09-25 07:04:07,2026-09-25 07:04:27,2026-09-25 07:05:05,2026-09-25 07:17:36,5,720
KDS-ORD-20260925-10442,ORD-20260925-10442,MCH-115,DEV-115-POS,2026-09-25 23:28:37,2026-09-25 23:28:57,2026-09-25 23:29:13,2026-09-25 23:51:50,5,1080
KDS-ORD-20260925-10443,ORD-20260925-10443,MCH-102,DEV-102-POS,2026-09-25 12:53:33,2026-09-25 12:53:53,2026-09-25 12:54:16,2026-09-25 13:21:00,9,720
KDS-ORD-20260925-10444,ORD-20260925-10444,MCH-110,DEV-110-POS,2026-09-25 12:19:19,2026-09-25 12:19:39,2026-09-25 12:19:35,2026-09-25 12:40:13,8,720
KDS-ORD-20260925-10445,ORD-20260925-10445,MCH-108,DEV-108-POS,2026-09-25 20:02:07,2026-09-25 20:02:27,2026-09-25 20:02:36,2026-09-25 20:37:30,13,900
KDS-ORD-20260925-10446,ORD-20260925-10446,MCH-114,DEV-114-POS,2026-09-25 22:12:53,2026-09-25 22:13:13,2026-09-25 22:13:40,2026-09-25 22:29:46,3,720
KDS-ORD-20260925-10447,ORD-20260925-10447,MCH-107,DEV-107-POS,2026-09-25 23:01:18,2026-09-25 23:01:38,2026-09-25 23:02:12,2026-09-25 23:23:37,6,900
KDS-ORD-20260925-10448,ORD-20260925-10448,MCH-107,DEV-107-POS,2026-09-25 19:10:20,2026-09-25 19:10:40,2026-09-25 19:10:49,2026-09-25 19:43:34,10,900
KDS-ORD-20260925-10449,ORD-20260925-10449,MCH-106,DEV-106-POS,2026-09-25 12:14:36,2026-09-25 12:14:56,2026-09-25 12:15:21,2026-09-25 12:41:13,10,720
KDS-ORD-20260925-10450,ORD-20260925-10450,MCH-114,DEV-114-POS,2026-09-25 07:37:17,2026-09-25 07:37:37,2026-09-25 07:38:06,2026-09-25 07:54:15,5,720
KDS-ORD-20260925-10451,ORD-20260925-10451,MCH-106,DEV-106-POS,2026-09-25 20:52:55,2026-09-25 20:53:15,2026-09-25 20:53:35,2026-09-25 21:30:16,15,720
KDS-ORD-20260925-10452,ORD-20260925-10452,MCH-110,DEV-110-POS,2026-09-25 16:17:56,2026-09-25 16:18:16,2026-09-25 16:18:12,2026-09-25 16:36:57,5,720
KDS-ORD-20260925-10453,ORD-20260925-10453,MCH-103,DEV-103-POS,2026-09-25 13:49:15,2026-09-25 13:49:35,2026-09-25 13:49:38,2026-09-25 14:25:26,13,720
KDS-ORD-20260925-10454,ORD-20260925-10454,MCH-107,DEV-107-POS,2026-09-25 21:30:15,2026-09-25 21:30:35,2026-09-25 21:30:43,2026-09-25 22:02:16,8,900
KDS-ORD-20260925-10455,ORD-20260925-10455,MCH-105,DEV-105-POS,2026-09-25 08:08:37,2026-09-25 08:08:57,2026-09-25 08:09:37,2026-09-25 08:27:33,5,900
KDS-ORD-20260925-10456,ORD-20260925-10456,MCH-111,DEV-111-POS,2026-09-25 14:42:55,2026-09-25 14:43:15,2026-09-25 14:43:34,2026-09-25 15:19:52,10,1080
KDS-ORD-20260925-10457,ORD-20260925-10457,MCH-109,DEV-109-POS,2026-09-25 02:58:11,2026-09-25 02:58:31,2026-09-25 02:59:01,2026-09-25 03:20:14,5,900
KDS-ORD-20260925-10458,ORD-20260925-10458,MCH-111,DEV-111-POS,2026-09-25 13:07:41,2026-09-25 13:08:01,2026-09-25 13:08:03,2026-09-25 13:42:13,9,1080
KDS-ORD-20260925-10459,ORD-20260925-10459,MCH-103,DEV-103-POS,2026-09-25 06:12:56,2026-09-25 06:13:16,2026-09-25 06:13:16,2026-09-25 06:25:34,2,720
KDS-ORD-20260925-10460,ORD-20260925-10460,MCH-115,DEV-115-POS,2026-09-25 08:11:17,2026-09-25 08:11:37,2026-09-25 08:11:36,2026-09-25 08:35:43,5,1080
KDS-ORD-20260925-10461,ORD-20260925-10461,MCH-108,DEV-108-POS,2026-09-25 08:03:22,2026-09-25 08:03:42,2026-09-25 08:03:44,2026-09-25 08:26:00,6,900
KDS-ORD-20260925-10462,ORD-20260925-10462,MCH-101,DEV-101-POS,2026-09-25 18:45:57,2026-09-25 18:46:17,2026-09-25 18:46:44,2026-09-25 19:05:23,6,720
KDS-ORD-20260925-10463,ORD-20260925-10463,MCH-113,DEV-113-POS,2026-09-25 19:54:02,2026-09-25 19:54:22,2026-09-25 19:55:02,2026-09-25 20:25:02,11,720
KDS-ORD-20260925-10464,ORD-20260925-10464,MCH-103,DEV-103-POS,2026-09-25 16:53:42,2026-09-25 16:54:02,2026-09-25 16:54:27,2026-09-25 17:09:31,3,720
KDS-ORD-20260925-10465,ORD-20260925-10465,MCH-102,DEV-102-POS,2026-09-25 22:26:02,2026-09-25 22:26:22,2026-09-25 22:26:19,2026-09-25 22:40:41,4,720
KDS-ORD-20260925-10466,ORD-20260925-10466,MCH-115,DEV-115-POS,2026-09-25 12:45:31,2026-09-25 12:45:51,2026-09-25 12:46:03,2026-09-25 13:20:31,9,1080
KDS-ORD-20260925-10467,ORD-20260925-10467,MCH-110,DEV-110-POS,2026-09-25 11:28:22,2026-09-25 11:28:42,2026-09-25 11:29:14,2026-09-25 11:45:00,5,720
KDS-ORD-20260925-10468,ORD-20260925-10468,MCH-112,DEV-112-POS,2026-09-25 20:04:58,2026-09-25 20:05:18,2026-09-25 20:05:15,2026-09-25 20:42:28,14,900
KDS-ORD-20260925-10469,ORD-20260925-10469,MCH-112,DEV-112-POS,2026-09-25 10:40:03,2026-09-25 10:40:23,2026-09-25 10:40:21,2026-09-25 11:02:47,4,900
KDS-ORD-20260925-10470,ORD-20260925-10470,MCH-106,DEV-106-POS,2026-09-25 22:02:54,2026-09-25 22:03:14,2026-09-25 22:03:52,2026-09-25 22:14:15,2,720
KDS-ORD-20260925-10471,ORD-20260925-10471,MCH-111,DEV-111-POS,2026-09-25 02:41:12,2026-09-25 02:41:32,2026-09-25 02:42:02,2026-09-25 03:10:00,6,1080
KDS-ORD-20260925-10472,ORD-20260925-10472,MCH-114,DEV-114-POS,2026-09-25 22:14:26,2026-09-25 22:14:46,2026-09-25 22:15:15,2026-09-25 22:30:31,5,720
KDS-ORD-20260925-10473,ORD-20260925-10473,MCH-110,DEV-110-POS,2026-09-25 06:03:02,2026-09-25 06:03:22,2026-09-25 06:03:46,2026-09-25 06:18:29,2,720
KDS-ORD-20260925-10474,ORD-20260925-10474,MCH-104,DEV-104-POS,2026-09-25 21:54:42,2026-09-25 21:55:02,2026-09-25 21:55:07,2026-09-25 22:30:52,9,1080
KDS-ORD-20260925-10475,ORD-20260925-10475,MCH-107,DEV-107-POS,2026-09-25 15:12:48,2026-09-25 15:13:08,2026-09-25 15:13:40,2026-09-25 15:33:25,6,900
KDS-ORD-20260925-10476,ORD-20260925-10476,MCH-103,DEV-103-POS,2026-09-25 23:34:12,2026-09-25 23:34:32,2026-09-25 23:35:00,2026-09-25 23:52:25,5,720
KDS-ORD-20260925-10477,ORD-20260925-10477,MCH-101,DEV-101-POS,2026-09-25 07:58:44,2026-09-25 07:59:04,2026-09-25 07:59:36,2026-09-25 08:16:18,5,720
KDS-ORD-20260925-10478,ORD-20260925-10478,MCH-101,DEV-101-POS,2026-09-25 15:55:47,2026-09-25 15:56:07,2026-09-25 15:56:02,2026-09-25 16:13:31,3,720
KDS-ORD-20260925-10479,ORD-20260925-10479,MCH-107,DEV-107-POS,2026-09-25 22:24:05,2026-09-25 22:24:25,2026-09-25 22:24:47,2026-09-25 22:42:56,3,900
KDS-ORD-20260925-10480,ORD-20260925-10480,MCH-111,DEV-111-POS,2026-09-25 14:55:44,2026-09-25 14:56:04,2026-09-25 14:56:33,2026-09-25 15:32:57,10,1080
KDS-ORD-20260925-10481,ORD-20260925-10481,MCH-113,DEV-113-POS,2026-09-25 18:47:07,2026-09-25 18:47:27,2026-09-25 18:47:54,2026-09-25 19:02:22,4,720
KDS-ORD-20260925-10482,ORD-20260925-10482,MCH-103,DEV-103-POS,2026-09-25 19:48:17,2026-09-25 19:48:37,2026-09-25 19:48:50,,7,720
KDS-ORD-20260925-10483,ORD-20260925-10483,MCH-111,DEV-111-POS,2026-09-25 13:42:51,2026-09-25 13:43:11,2026-09-25 13:43:38,2026-09-25 14:25:14,10,1080
KDS-ORD-20260925-10484,ORD-20260925-10484,MCH-103,DEV-103-POS,2026-09-25 18:35:14,2026-09-25 18:35:34,2026-09-25 18:35:31,2026-09-25 18:52:21,4,720
KDS-ORD-20260925-10485,ORD-20260925-10485,MCH-113,DEV-113-POS,2026-09-25 16:41:45,2026-09-25 16:42:05,2026-09-25 16:42:15,2026-09-25 17:03:00,6,720
KDS-ORD-20260925-10486,ORD-20260925-10486,MCH-101,DEV-101-POS,2026-09-25 21:22:39,2026-09-25 21:22:59,2026-09-25 21:23:01,2026-09-25 21:45:12,6,720
KDS-ORD-20260925-10487,ORD-20260925-10487,MCH-107,DEV-107-POS,2026-09-25 06:58:36,2026-09-25 06:58:56,2026-09-25 06:59:29,2026-09-25 07:17:54,3,900
KDS-ORD-20260925-10488,ORD-20260925-10488,MCH-107,DEV-107-POS,2026-09-25 11:02:31,2026-09-25 11:02:51,2026-09-25 11:03:17,2026-09-25 11:20:56,5,900
KDS-ORD-20260925-10489,ORD-20260925-10489,MCH-107,DEV-107-POS,2026-09-25 22:14:09,2026-09-25 22:14:29,2026-09-25 22:14:28,2026-09-25 22:31:29,4,900
KDS-ORD-20260925-10490,ORD-20260925-10490,MCH-113,DEV-113-POS,2026-09-25 21:16:54,2026-09-25 21:17:14,2026-09-25 21:17:36,2026-09-25 21:40:45,7,720
KDS-ORD-20260925-10491,ORD-20260925-10491,MCH-108,DEV-108-POS,2026-09-25 13:41:43,2026-09-25 13:42:03,2026-09-25 13:42:38,2026-09-25 14:16:20,11,900
KDS-ORD-20260925-10492,ORD-20260925-10492,MCH-107,DEV-107-POS,2026-09-25 17:21:34,2026-09-25 17:21:54,2026-09-25 17:22:11,2026-09-25 17:38:36,4,900
KDS-ORD-20260925-10493,ORD-20260925-10493,MCH-112,DEV-112-POS,2026-09-25 11:24:17,2026-09-25 11:24:37,2026-09-25 11:25:05,2026-09-25 11:43:53,3,900
KDS-ORD-20260925-10494,ORD-20260925-10494,MCH-112,DEV-112-POS,2026-09-25 10:16:08,2026-09-25 10:16:28,2026-09-25 10:17:05,2026-09-25 10:34:04,4,900
KDS-ORD-20260925-10495,ORD-20260925-10495,MCH-101,DEV-101-POS,2026-09-25 13:59:28,2026-09-25 13:59:48,2026-09-25 14:00:04,2026-09-25 14:31:07,10,720
KDS-ORD-20260925-10496,ORD-20260925-10496,MCH-102,DEV-102-POS,2026-09-25 12:11:14,2026-09-25 12:11:34,2026-09-25 12:11:49,2026-09-25 12:41:40,11,720
KDS-ORD-20260925-10497,ORD-20260925-10497,MCH-102,DEV-102-POS,2026-09-25 16:01:55,2026-09-25 16:02:15,2026-09-25 16:02:14,2026-09-25 16:17:55,6,720
KDS-ORD-20260925-10498,ORD-20260925-10498,MCH-108,DEV-108-POS,2026-09-25 07:48:36,2026-09-25 07:48:56,2026-09-25 07:49:19,2026-09-25 08:04:05,2,900
KDS-ORD-20260925-10499,ORD-20260925-10499,MCH-103,DEV-103-POS,2026-09-25 22:16:41,2026-09-25 22:17:01,2026-09-25 22:17:06,2026-09-25 22:31:06,2,720
KDS-ORD-20260925-10500,ORD-20260925-10500,MCH-106,DEV-106-POS,2026-09-25 23:53:12,2026-09-25 23:53:32,2026-09-25 23:54:01,2026-09-26 00:14:59,6,720
KDS-ORD-20260925-10501,ORD-20260925-10501,MCH-109,DEV-109-POS,2026-09-25 19:30:16,2026-09-25 19:30:36,2026-09-25 19:31:08,2026-09-25 20:06:48,16,900
KDS-ORD-20260925-10502,ORD-20260925-10502,MCH-103,DEV-103-POS,2026-09-25 15:56:21,2026-09-25 15:56:41,2026-09-25 15:56:52,2026-09-25 16:13:00,3,720
KDS-ORD-20260925-10503,ORD-20260925-10503,MCH-101,DEV-101-POS,2026-09-25 12:17:53,2026-09-25 12:18:13,2026-09-25 12:18:25,2026-09-25 12:50:28,16,720
KDS-ORD-20260925-10504,ORD-20260925-10504,MCH-106,DEV-106-POS,2026-09-25 20:37:24,2026-09-25 20:37:44,2026-09-25 20:38:05,2026-09-25 21:13:14,13,720
KDS-ORD-20260925-10505,ORD-20260925-10505,MCH-109,DEV-109-POS,2026-09-25 19:49:16,2026-09-25 19:49:36,2026-09-25 19:49:31,2026-09-25 20:25:48,12,900
KDS-ORD-20260925-10506,ORD-20260925-10506,MCH-106,DEV-106-POS,2026-09-25 09:50:44,2026-09-25 09:51:04,2026-09-25 09:51:00,2026-09-25 10:05:47,5,720
KDS-ORD-20260925-10507,ORD-20260925-10507,MCH-108,DEV-108-POS,2026-09-25 21:10:07,2026-09-25 21:10:27,2026-09-25 21:10:32,2026-09-25 21:44:22,12,900
KDS-ORD-20260925-10508,ORD-20260925-10508,MCH-114,DEV-114-POS,2026-09-25 20:55:36,2026-09-25 20:55:56,2026-09-25 20:56:04,2026-09-25 21:34:31,14,720
KDS-ORD-20260925-10509,ORD-20260925-10509,MCH-102,DEV-102-POS,2026-09-25 22:12:53,2026-09-25 22:13:13,2026-09-25 22:13:48,2026-09-25 22:29:23,5,720
KDS-ORD-20260925-10510,ORD-20260925-10510,MCH-108,DEV-108-POS,2026-09-25 19:59:07,2026-09-25 19:59:27,2026-09-25 19:59:44,2026-09-25 20:35:18,12,900
KDS-ORD-20260925-10511,ORD-20260925-10511,MCH-110,DEV-110-POS,2026-09-25 17:21:37,2026-09-25 17:21:57,2026-09-25 17:22:10,2026-09-25 17:35:39,3,720
KDS-ORD-20260925-10512,ORD-20260925-10512,MCH-113,DEV-113-POS,2026-09-25 13:38:52,2026-09-25 13:39:12,2026-09-25 13:39:41,2026-09-25 14:09:02,10,720
KDS-ORD-20260925-10513,ORD-20260925-10513,MCH-114,DEV-114-POS,2026-09-25 21:38:56,2026-09-25 21:39:16,2026-09-25 21:39:54,2026-09-25 22:05:19,11,720
KDS-ORD-20260925-10514,ORD-20260925-10514,MCH-114,DEV-114-POS,2026-09-25 20:57:57,2026-09-25 20:58:17,2026-09-25 20:58:19,,6,720
KDS-ORD-20260925-10515,ORD-20260925-10515,MCH-107,DEV-107-POS,2026-09-25 06:08:35,2026-09-25 06:08:55,2026-09-25 06:09:06,2026-09-25 06:23:40,3,900
KDS-ORD-20260925-10516,ORD-20260925-10516,MCH-109,DEV-109-POS,2026-09-25 04:16:18,2026-09-25 04:16:38,2026-09-25 04:17:15,2026-09-25 04:33:39,2,900
KDS-ORD-20260925-10517,ORD-20260925-10517,MCH-107,DEV-107-POS,2026-09-25 12:52:14,2026-09-25 12:52:34,2026-09-25 12:52:33,,11,900
KDS-ORD-20260925-10518,ORD-20260925-10518,MCH-114,DEV-114-POS,2026-09-25 20:34:34,2026-09-25 20:34:54,2026-09-25 20:35:00,2026-09-25 21:01:54,7,720
KDS-ORD-20260925-10519,ORD-20260925-10519,MCH-106,DEV-106-POS,2026-09-25 23:11:51,2026-09-25 23:12:11,2026-09-25 23:12:36,2026-09-25 23:29:32,4,720
KDS-ORD-20260925-10520,ORD-20260925-10520,MCH-105,DEV-105-POS,2026-09-25 09:58:10,2026-09-25 09:58:30,2026-09-25 09:58:35,2026-09-25 10:20:35,5,900
KDS-ORD-20260925-10521,ORD-20260925-10521,MCH-114,DEV-114-POS,2026-09-25 17:50:37,2026-09-25 17:50:57,2026-09-25 17:51:34,2026-09-25 18:11:02,6,720
KDS-ORD-20260925-10522,ORD-20260925-10522,MCH-105,DEV-105-POS,2026-09-25 12:58:40,2026-09-25 12:59:00,2026-09-25 12:59:22,2026-09-25 13:25:49,6,900
KDS-ORD-20260925-10523,ORD-20260925-10523,MCH-106,DEV-106-POS,2026-09-25 22:10:12,2026-09-25 22:10:32,2026-09-25 22:10:32,2026-09-25 22:24:40,2,720
KDS-ORD-20260925-10524,ORD-20260925-10524,MCH-113,DEV-113-POS,2026-09-25 20:07:43,2026-09-25 20:08:03,2026-09-25 20:08:36,2026-09-25 20:35:42,12,720
KDS-ORD-20260925-10525,ORD-20260925-10525,MCH-106,DEV-106-POS,2026-09-25 20:27:23,2026-09-25 20:27:43,2026-09-25 20:27:49,2026-09-25 20:52:14,12,720
KDS-ORD-20260925-10526,ORD-20260925-10526,MCH-115,DEV-115-POS,2026-09-25 13:21:08,2026-09-25 13:21:28,2026-09-25 13:21:30,2026-09-25 13:59:43,10,1080
KDS-ORD-20260925-10527,ORD-20260925-10527,MCH-110,DEV-110-POS,2026-09-25 13:32:53,2026-09-25 13:33:13,2026-09-25 13:33:25,2026-09-25 14:08:20,12,720
KDS-ORD-20260925-10528,ORD-20260925-10528,MCH-112,DEV-112-POS,2026-09-25 11:01:01,2026-09-25 11:01:21,2026-09-25 11:01:21,2026-09-25 11:19:05,2,900
KDS-ORD-20260925-10529,ORD-20260925-10529,MCH-114,DEV-114-POS,2026-09-25 06:38:59,2026-09-25 06:39:19,2026-09-25 06:39:19,2026-09-25 06:56:39,6,720
KDS-ORD-20260925-10530,ORD-20260925-10530,MCH-101,DEV-101-POS,2026-09-25 20:07:06,2026-09-25 20:07:26,2026-09-25 20:07:47,2026-09-25 20:42:03,11,720
KDS-ORD-20260925-10531,ORD-20260925-10531,MCH-113,DEV-113-POS,2026-09-25 20:33:59,2026-09-25 20:34:19,2026-09-25 20:34:25,2026-09-25 21:01:42,13,720
KDS-ORD-20260925-10532,ORD-20260925-10532,MCH-105,DEV-105-POS,2026-09-25 23:56:54,2026-09-25 23:57:14,2026-09-25 23:57:39,2026-09-26 00:18:53,4,900
KDS-ORD-20260925-10533,ORD-20260925-10533,MCH-111,DEV-111-POS,2026-09-25 23:07:36,2026-09-25 23:07:56,2026-09-25 23:08:16,2026-09-25 23:28:58,2,1080
KDS-ORD-20260925-10534,ORD-20260925-10534,MCH-105,DEV-105-POS,2026-09-25 16:30:31,2026-09-25 16:30:51,2026-09-25 16:31:06,2026-09-25 16:56:21,6,900
KDS-ORD-20260925-10535,ORD-20260925-10535,MCH-110,DEV-110-POS,2026-09-25 20:34:11,2026-09-25 20:34:31,2026-09-25 20:34:39,2026-09-25 20:56:22,8,720
KDS-ORD-20260925-10536,ORD-20260925-10536,MCH-114,DEV-114-POS,2026-09-25 21:55:31,2026-09-25 21:55:51,2026-09-25 21:56:02,2026-09-25 22:23:39,14,720
KDS-ORD-20260925-10537,ORD-20260925-10537,MCH-103,DEV-103-POS,2026-09-25 20:00:09,2026-09-25 20:00:29,2026-09-25 20:00:27,2026-09-25 20:28:10,10,720
KDS-ORD-20260925-10538,ORD-20260925-10538,MCH-111,DEV-111-POS,2026-09-25 11:11:47,2026-09-25 11:12:07,2026-09-25 11:12:06,2026-09-25 11:33:15,4,1080
KDS-ORD-20260925-10539,ORD-20260925-10539,MCH-101,DEV-101-POS,2026-09-25 13:03:33,2026-09-25 13:03:53,2026-09-25 13:04:08,2026-09-25 13:28:16,11,720
KDS-ORD-20260925-10540,ORD-20260925-10540,MCH-104,DEV-104-POS,2026-09-25 08:01:12,2026-09-25 08:01:32,2026-09-25 08:01:35,2026-09-25 08:24:50,3,1080
KDS-ORD-20260925-10541,ORD-20260925-10541,MCH-105,DEV-105-POS,2026-09-25 22:05:16,2026-09-25 22:05:36,2026-09-25 22:05:37,2026-09-25 22:21:17,3,900
KDS-ORD-20260925-10542,ORD-20260925-10542,MCH-103,DEV-103-POS,2026-09-25 17:04:10,2026-09-25 17:04:30,2026-09-25 17:04:37,2026-09-25 17:18:49,2,720
KDS-ORD-20260925-10543,ORD-20260925-10543,MCH-113,DEV-113-POS,2026-09-25 10:12:10,2026-09-25 10:12:30,2026-09-25 10:12:42,2026-09-25 10:25:54,3,720
KDS-ORD-20260925-10544,ORD-20260925-10544,MCH-114,DEV-114-POS,2026-09-25 18:33:22,2026-09-25 18:33:42,2026-09-25 18:33:37,2026-09-25 18:45:24,2,720
KDS-ORD-20260925-10545,ORD-20260925-10545,MCH-115,DEV-115-POS,2026-09-25 17:41:18,2026-09-25 17:41:38,2026-09-25 17:41:33,2026-09-25 18:04:41,5,1080
KDS-ORD-20260925-10546,ORD-20260925-10546,MCH-103,DEV-103-POS,2026-09-25 12:49:04,2026-09-25 12:49:24,2026-09-25 12:49:31,2026-09-25 13:26:26,15,720
KDS-ORD-20260925-10547,ORD-20260925-10547,MCH-114,DEV-114-POS,2026-09-25 08:22:12,2026-09-25 08:22:32,2026-09-25 08:22:56,2026-09-25 08:43:54,6,720
KDS-ORD-20260925-10548,ORD-20260925-10548,MCH-112,DEV-112-POS,2026-09-25 18:48:13,2026-09-25 18:48:33,2026-09-25 18:48:46,2026-09-25 19:09:15,6,900
KDS-ORD-20260925-10549,ORD-20260925-10549,MCH-114,DEV-114-POS,2026-09-25 14:16:25,2026-09-25 14:16:45,2026-09-25 14:16:56,2026-09-25 14:42:56,7,720
KDS-ORD-20260925-10550,ORD-20260925-10550,MCH-115,DEV-115-POS,2026-09-25 20:29:58,2026-09-25 20:30:18,2026-09-25 20:30:14,2026-09-25 21:10:01,15,1080
KDS-ORD-20260925-10551,ORD-20260925-10551,MCH-109,DEV-109-POS,2026-09-25 14:45:35,2026-09-25 14:45:55,2026-09-25 14:46:14,,14,900
KDS-ORD-20260925-10552,ORD-20260925-10552,MCH-106,DEV-106-POS,2026-09-25 20:14:32,2026-09-25 20:14:52,2026-09-25 20:15:20,2026-09-25 20:40:07,6,720
KDS-ORD-20260925-10553,ORD-20260925-10553,MCH-110,DEV-110-POS,2026-09-25 15:55:01,2026-09-25 15:55:21,2026-09-25 15:55:17,2026-09-25 16:12:32,3,720
KDS-ORD-20260925-10554,ORD-20260925-10554,MCH-103,DEV-103-POS,2026-09-25 16:40:01,2026-09-25 16:40:21,2026-09-25 16:40:51,2026-09-25 16:56:57,6,720
KDS-ORD-20260925-10555,ORD-20260925-10555,MCH-105,DEV-105-POS,2026-09-25 21:32:17,2026-09-25 21:32:37,2026-09-25 21:32:43,2026-09-25 21:59:27,6,900
KDS-ORD-20260925-10556,ORD-20260925-10556,MCH-114,DEV-114-POS,2026-09-25 13:35:37,2026-09-25 13:35:57,2026-09-25 13:36:33,2026-09-25 14:10:47,15,720
KDS-ORD-20260925-10557,ORD-20260925-10557,MCH-107,DEV-107-POS,2026-09-25 09:18:41,2026-09-25 09:19:01,2026-09-25 09:19:15,2026-09-25 09:35:51,3,900
KDS-ORD-20260925-10558,ORD-20260925-10558,MCH-106,DEV-106-POS,2026-09-25 05:13:28,2026-09-25 05:13:48,2026-09-25 05:13:45,2026-09-25 05:27:46,4,720
KDS-ORD-20260925-10559,ORD-20260925-10559,MCH-115,DEV-115-POS,2026-09-25 19:11:54,2026-09-25 19:12:14,2026-09-25 19:12:40,2026-09-25 19:56:12,15,1080
KDS-ORD-20260925-10560,ORD-20260925-10560,MCH-113,DEV-113-POS,2026-09-25 17:07:41,2026-09-25 17:08:01,2026-09-25 17:08:02,2026-09-25 17:29:07,6,720
KDS-ORD-20260925-10561,ORD-20260925-10561,MCH-114,DEV-114-POS,2026-09-25 19:22:05,2026-09-25 19:22:25,2026-09-25 19:22:36,2026-09-25 19:55:16,11,720
KDS-ORD-20260925-10562,ORD-20260925-10562,MCH-107,DEV-107-POS,2026-09-25 10:32:01,2026-09-25 10:32:21,2026-09-25 10:32:49,2026-09-25 10:52:23,4,900
KDS-ORD-20260925-10563,ORD-20260925-10563,MCH-107,DEV-107-POS,2026-09-25 09:28:53,2026-09-25 09:29:13,2026-09-25 09:29:50,2026-09-25 09:43:20,2,900
KDS-ORD-20260925-10564,ORD-20260925-10564,MCH-115,DEV-115-POS,2026-09-25 02:19:00,2026-09-25 02:19:20,2026-09-25 02:19:19,2026-09-25 02:39:07,2,1080
KDS-ORD-20260925-10565,ORD-20260925-10565,MCH-102,DEV-102-POS,2026-09-25 12:37:46,2026-09-25 12:38:06,2026-09-25 12:38:04,2026-09-25 13:08:37,7,720
KDS-ORD-20260925-10566,ORD-20260925-10566,MCH-111,DEV-111-POS,2026-09-25 17:10:22,2026-09-25 17:10:42,2026-09-25 17:10:48,2026-09-25 17:32:49,4,1080
KDS-ORD-20260925-10567,ORD-20260925-10567,MCH-108,DEV-108-POS,2026-09-25 12:21:24,2026-09-25 12:21:44,2026-09-25 12:22:10,2026-09-25 12:53:24,10,900
KDS-ORD-20260925-10568,ORD-20260925-10568,MCH-110,DEV-110-POS,2026-09-25 13:02:43,2026-09-25 13:03:03,2026-09-25 13:03:09,2026-09-25 13:35:16,16,720
KDS-ORD-20260925-10569,ORD-20260925-10569,MCH-105,DEV-105-POS,2026-09-25 21:19:24,2026-09-25 21:19:44,2026-09-25 21:19:44,2026-09-25 21:51:58,7,900
KDS-ORD-20260925-10570,ORD-20260925-10570,MCH-113,DEV-113-POS,2026-09-25 12:56:52,2026-09-25 12:57:12,2026-09-25 12:57:18,2026-09-25 13:32:36,13,720
KDS-ORD-20260925-10571,ORD-20260925-10571,MCH-108,DEV-108-POS,2026-09-25 14:49:47,2026-09-25 14:50:07,2026-09-25 14:50:46,2026-09-25 15:18:00,6,900
KDS-ORD-20260925-10572,ORD-20260925-10572,MCH-113,DEV-113-POS,2026-09-25 20:54:10,2026-09-25 20:54:30,2026-09-25 20:55:08,2026-09-25 21:18:14,6,720
KDS-ORD-20260925-10573,ORD-20260925-10573,MCH-102,DEV-102-POS,2026-09-25 13:41:08,2026-09-25 13:41:28,2026-09-25 13:41:53,2026-09-25 14:07:14,7,720
KDS-ORD-20260925-10574,ORD-20260925-10574,MCH-103,DEV-103-POS,2026-09-25 17:57:20,2026-09-25 17:57:40,2026-09-25 17:57:38,2026-09-25 18:12:59,3,720
KDS-ORD-20260925-10575,ORD-20260925-10575,MCH-109,DEV-109-POS,2026-09-25 20:43:16,2026-09-25 20:43:36,2026-09-25 20:43:38,2026-09-25 21:17:28,7,900
KDS-ORD-20260925-10576,ORD-20260925-10576,MCH-105,DEV-105-POS,2026-09-25 22:17:34,2026-09-25 22:17:54,2026-09-25 22:18:27,2026-09-25 22:37:54,3,900
KDS-ORD-20260925-10577,ORD-20260925-10577,MCH-113,DEV-113-POS,2026-09-25 09:28:41,2026-09-25 09:29:01,2026-09-25 09:29:28,2026-09-25 09:47:46,4,720
KDS-ORD-20260925-10578,ORD-20260925-10578,MCH-106,DEV-106-POS,2026-09-25 21:37:57,2026-09-25 21:38:17,2026-09-25 21:38:41,2026-09-25 22:01:31,6,720
KDS-ORD-20260925-10579,ORD-20260925-10579,MCH-112,DEV-112-POS,2026-09-25 14:32:16,2026-09-25 14:32:36,2026-09-25 14:32:31,,15,900
KDS-ORD-20260925-10580,ORD-20260925-10580,MCH-102,DEV-102-POS,2026-09-25 11:14:43,2026-09-25 11:15:03,2026-09-25 11:15:43,2026-09-25 11:31:11,3,720
KDS-ORD-20260925-10581,ORD-20260925-10581,MCH-114,DEV-114-POS,2026-09-25 13:55:10,2026-09-25 13:55:30,2026-09-25 13:56:01,2026-09-25 14:23:35,12,720
KDS-ORD-20260925-10582,ORD-20260925-10582,MCH-113,DEV-113-POS,2026-09-25 22:42:42,2026-09-25 22:43:02,2026-09-25 22:43:25,2026-09-25 22:58:29,5,720
KDS-ORD-20260925-10583,ORD-20260925-10583,MCH-114,DEV-114-POS,2026-09-25 14:50:08,2026-09-25 14:50:28,2026-09-25 14:51:02,2026-09-25 15:27:39,14,720
KDS-ORD-20260925-10584,ORD-20260925-10584,MCH-105,DEV-105-POS,2026-09-25 12:02:47,2026-09-25 12:03:07,2026-09-25 12:03:11,2026-09-25 12:32:25,6,900
KDS-ORD-20260925-10585,ORD-20260925-10585,MCH-104,DEV-104-POS,2026-09-25 18:04:55,2026-09-25 18:05:15,2026-09-25 18:05:54,2026-09-25 18:27:47,6,1080
KDS-ORD-20260925-10586,ORD-20260925-10586,MCH-106,DEV-106-POS,2026-09-25 11:36:09,2026-09-25 11:36:29,2026-09-25 11:36:41,2026-09-25 11:55:48,5,720
KDS-ORD-20260925-10587,ORD-20260925-10587,MCH-113,DEV-113-POS,2026-09-25 07:25:41,2026-09-25 07:26:01,2026-09-25 07:26:31,2026-09-25 07:38:33,4,720
KDS-ORD-20260925-10588,ORD-20260925-10588,MCH-110,DEV-110-POS,2026-09-25 08:35:29,2026-09-25 08:35:49,2026-09-25 08:36:25,2026-09-25 08:53:00,6,720
KDS-ORD-20260925-10589,ORD-20260925-10589,MCH-113,DEV-113-POS,2026-09-25 08:18:17,2026-09-25 08:18:37,2026-09-25 08:18:42,2026-09-25 08:34:42,4,720
KDS-ORD-20260925-10590,ORD-20260925-10590,MCH-105,DEV-105-POS,2026-09-25 09:34:43,2026-09-25 09:35:03,2026-09-25 09:35:12,2026-09-25 09:53:40,4,900
KDS-ORD-20260925-10591,ORD-20260925-10591,MCH-105,DEV-105-POS,2026-09-25 09:29:36,2026-09-25 09:29:56,2026-09-25 09:30:10,2026-09-25 09:50:26,6,900
KDS-ORD-20260925-10592,ORD-20260925-10592,MCH-101,DEV-101-POS,2026-09-25 18:24:28,2026-09-25 18:24:48,2026-09-25 18:25:28,2026-09-25 18:40:07,3,720
KDS-ORD-20260925-10593,ORD-20260925-10593,MCH-107,DEV-107-POS,2026-09-25 10:38:53,2026-09-25 10:39:13,2026-09-25 10:39:19,2026-09-25 10:55:06,2,900
KDS-ORD-20260925-10594,ORD-20260925-10594,MCH-114,DEV-114-POS,2026-09-25 12:06:32,2026-09-25 12:06:52,2026-09-25 12:07:14,2026-09-25 12:32:13,10,720
KDS-ORD-20260925-10595,ORD-20260925-10595,MCH-101,DEV-101-POS,2026-09-25 22:00:09,2026-09-25 22:00:29,2026-09-25 22:00:27,2026-09-25 22:37:16,16,720
KDS-ORD-20260925-10596,ORD-20260925-10596,MCH-114,DEV-114-POS,2026-09-25 13:02:47,2026-09-25 13:03:07,2026-09-25 13:03:38,2026-09-25 13:33:47,15,720
KDS-ORD-20260925-10597,ORD-20260925-10597,MCH-104,DEV-104-POS,2026-09-25 18:09:14,2026-09-25 18:09:34,2026-09-25 18:10:00,2026-09-25 18:35:14,5,1080
KDS-ORD-20260925-10598,ORD-20260925-10598,MCH-111,DEV-111-POS,2026-09-25 09:29:39,2026-09-25 09:29:59,2026-09-25 09:30:30,2026-09-25 09:55:37,6,1080
KDS-ORD-20260925-10599,ORD-20260925-10599,MCH-112,DEV-112-POS,2026-09-25 10:29:06,2026-09-25 10:29:26,2026-09-25 10:29:54,2026-09-25 10:49:09,5,900
KDS-ORD-20260925-10600,ORD-20260925-10600,MCH-102,DEV-102-POS,2026-09-25 05:50:21,2026-09-25 05:50:41,2026-09-25 05:50:56,2026-09-25 06:05:48,5,720
KDS-ORD-20260925-10601,ORD-20260925-10601,MCH-112,DEV-112-POS,2026-09-25 09:04:50,2026-09-25 09:05:10,2026-09-25 09:05:07,2026-09-25 09:22:51,4,900
KDS-ORD-20260925-10602,ORD-20260925-10602,MCH-115,DEV-115-POS,2026-09-25 11:23:24,2026-09-25 11:23:44,2026-09-25 11:24:12,2026-09-25 11:45:04,2,1080
KDS-ORD-20260925-10603,ORD-20260925-10603,MCH-111,DEV-111-POS,2026-09-25 09:28:39,2026-09-25 09:28:59,2026-09-25 09:28:54,2026-09-25 09:52:15,4,1080
KDS-ORD-20260925-10604,ORD-20260925-10604,MCH-101,DEV-101-POS,2026-09-25 07:48:22,2026-09-25 07:48:42,2026-09-25 07:48:50,2026-09-25 08:00:54,2,720
KDS-ORD-20260925-10605,ORD-20260925-10605,MCH-110,DEV-110-POS,2026-09-25 08:36:23,2026-09-25 08:36:43,2026-09-25 08:37:14,2026-09-25 08:50:18,6,720
KDS-ORD-20260925-10606,ORD-20260925-10606,MCH-114,DEV-114-POS,2026-09-25 14:02:08,2026-09-25 14:02:28,2026-09-25 14:03:08,2026-09-25 14:30:05,10,720
KDS-ORD-20260925-10607,ORD-20260925-10607,MCH-111,DEV-111-POS,2026-09-25 10:06:12,2026-09-25 10:06:32,2026-09-25 10:07:05,2026-09-25 10:26:00,2,1080
KDS-ORD-20260925-10608,ORD-20260925-10608,MCH-111,DEV-111-POS,2026-09-25 13:00:09,2026-09-25 13:00:29,2026-09-25 13:00:55,2026-09-25 13:34:43,9,1080
KDS-ORD-20260925-10609,ORD-20260925-10609,MCH-110,DEV-110-POS,2026-09-25 14:44:26,2026-09-25 14:44:46,2026-09-25 14:45:22,2026-09-25 15:10:56,7,720
KDS-ORD-20260925-10610,ORD-20260925-10610,MCH-113,DEV-113-POS,2026-09-25 19:18:22,2026-09-25 19:18:42,2026-09-25 19:18:44,2026-09-25 19:48:57,9,720
KDS-ORD-20260925-10611,ORD-20260925-10611,MCH-106,DEV-106-POS,2026-09-25 05:36:03,2026-09-25 05:36:23,2026-09-25 05:36:48,2026-09-25 05:48:57,5,720
KDS-ORD-20260925-10612,ORD-20260925-10612,MCH-101,DEV-101-POS,2026-09-25 20:22:31,2026-09-25 20:22:51,2026-09-25 20:22:54,2026-09-25 20:52:34,13,720
KDS-ORD-20260925-10613,ORD-20260925-10613,MCH-110,DEV-110-POS,2026-09-25 18:48:14,2026-09-25 18:48:34,2026-09-25 18:49:00,2026-09-25 19:03:16,2,720
KDS-ORD-20260925-10614,ORD-20260925-10614,MCH-110,DEV-110-POS,2026-09-25 07:10:49,2026-09-25 07:11:09,2026-09-25 07:11:40,2026-09-25 07:28:55,5,720
KDS-ORD-20260925-10615,ORD-20260925-10615,MCH-113,DEV-113-POS,2026-09-25 21:05:40,2026-09-25 21:06:00,2026-09-25 21:06:10,2026-09-25 21:35:56,14,720
KDS-ORD-20260925-10616,ORD-20260925-10616,MCH-108,DEV-108-POS,2026-09-25 21:33:52,2026-09-25 21:34:12,2026-09-25 21:34:51,2026-09-25 22:10:19,14,900
KDS-ORD-20260925-10617,ORD-20260925-10617,MCH-111,DEV-111-POS,2026-09-25 06:32:13,2026-09-25 06:32:33,2026-09-25 06:32:40,2026-09-25 06:51:57,3,1080
KDS-ORD-20260925-10618,ORD-20260925-10618,MCH-102,DEV-102-POS,2026-09-25 11:20:33,2026-09-25 11:20:53,2026-09-25 11:20:51,2026-09-25 11:31:42,2,720
KDS-ORD-20260925-10619,ORD-20260925-10619,MCH-104,DEV-104-POS,2026-09-25 20:37:01,2026-09-25 20:37:21,2026-09-25 20:37:35,2026-09-25 21:19:04,12,1080
KDS-ORD-20260925-10620,ORD-20260925-10620,MCH-107,DEV-107-POS,2026-09-25 19:51:39,2026-09-25 19:51:59,2026-09-25 19:51:58,2026-09-25 20:27:50,12,900
KDS-ORD-20260925-10621,ORD-20260925-10621,MCH-103,DEV-103-POS,2026-09-25 10:17:56,2026-09-25 10:18:16,2026-09-25 10:18:21,2026-09-25 10:33:54,5,720
KDS-ORD-20260925-10622,ORD-20260925-10622,MCH-111,DEV-111-POS,2026-09-25 10:36:14,2026-09-25 10:36:34,2026-09-25 10:36:58,2026-09-25 10:58:46,6,1080
KDS-ORD-20260925-10623,ORD-20260925-10623,MCH-109,DEV-109-POS,2026-09-25 12:58:09,2026-09-25 12:58:29,2026-09-25 12:58:37,2026-09-25 13:37:48,15,900
KDS-ORD-20260925-10624,ORD-20260925-10624,MCH-112,DEV-112-POS,2026-09-25 14:23:39,2026-09-25 14:23:59,2026-09-25 14:23:56,2026-09-25 14:57:46,9,900
KDS-ORD-20260925-10625,ORD-20260925-10625,MCH-114,DEV-114-POS,2026-09-25 17:28:02,2026-09-25 17:28:22,2026-09-25 17:28:43,2026-09-25 17:40:04,3,720
KDS-ORD-20260925-10626,ORD-20260925-10626,MCH-105,DEV-105-POS,2026-09-25 12:35:35,2026-09-25 12:35:55,2026-09-25 12:35:58,2026-09-25 13:07:49,7,900
KDS-ORD-20260925-10627,ORD-20260925-10627,MCH-105,DEV-105-POS,2026-09-25 13:27:35,2026-09-25 13:27:55,2026-09-25 13:28:14,2026-09-25 14:02:26,13,900
KDS-ORD-20260925-10628,ORD-20260925-10628,MCH-107,DEV-107-POS,2026-09-25 19:44:32,2026-09-25 19:44:52,2026-09-25 19:45:32,2026-09-25 20:18:43,10,900
KDS-ORD-20260925-10629,ORD-20260925-10629,MCH-112,DEV-112-POS,2026-09-25 05:46:59,2026-09-25 05:47:19,2026-09-25 05:47:14,2026-09-25 06:05:51,4,900
KDS-ORD-20260925-10630,ORD-20260925-10630,MCH-107,DEV-107-POS,2026-09-25 11:34:33,2026-09-25 11:34:53,2026-09-25 11:34:59,2026-09-25 11:50:23,3,900
KDS-ORD-20260925-10631,ORD-20260925-10631,MCH-105,DEV-105-POS,2026-09-25 19:29:39,2026-09-25 19:29:59,2026-09-25 19:30:34,2026-09-25 20:01:57,6,900
KDS-ORD-20260925-10632,ORD-20260925-10632,MCH-113,DEV-113-POS,2026-09-25 21:59:24,2026-09-25 21:59:44,2026-09-25 21:59:48,2026-09-25 22:35:56,14,720
KDS-ORD-20260925-10633,ORD-20260925-10633,MCH-112,DEV-112-POS,2026-09-25 14:52:08,2026-09-25 14:52:28,2026-09-25 14:52:37,2026-09-25 15:19:28,6,900
KDS-ORD-20260925-10634,ORD-20260925-10634,MCH-103,DEV-103-POS,2026-09-25 15:21:08,2026-09-25 15:21:28,2026-09-25 15:21:23,2026-09-25 15:34:43,3,720
KDS-ORD-20260925-10635,ORD-20260925-10635,MCH-105,DEV-105-POS,2026-09-25 08:54:54,2026-09-25 08:55:14,2026-09-25 08:55:30,2026-09-25 09:13:39,3,900
KDS-ORD-20260925-10636,ORD-20260925-10636,MCH-107,DEV-107-POS,2026-09-25 13:10:46,2026-09-25 13:11:06,2026-09-25 13:11:12,2026-09-25 13:38:18,8,900
KDS-ORD-20260925-10637,ORD-20260925-10637,MCH-101,DEV-101-POS,2026-09-25 15:12:05,2026-09-25 15:12:25,2026-09-25 15:12:44,2026-09-25 15:27:21,2,720
KDS-ORD-20260925-10638,ORD-20260925-10638,MCH-110,DEV-110-POS,2026-09-25 11:52:59,2026-09-25 11:53:19,2026-09-25 11:53:18,2026-09-25 12:13:01,5,720
KDS-ORD-20260925-10639,ORD-20260925-10639,MCH-107,DEV-107-POS,2026-09-25 11:26:24,2026-09-25 11:26:44,2026-09-25 11:26:43,2026-09-25 11:46:16,4,900
KDS-ORD-20260925-10640,ORD-20260925-10640,MCH-102,DEV-102-POS,2026-09-25 12:55:24,2026-09-25 12:55:44,2026-09-25 12:56:13,2026-09-25 13:26:56,13,720
KDS-ORD-20260925-10641,ORD-20260925-10641,MCH-112,DEV-112-POS,2026-09-25 04:16:27,2026-09-25 04:16:47,2026-09-25 04:16:43,2026-09-25 04:35:08,2,900
KDS-ORD-20260925-10642,ORD-20260925-10642,MCH-106,DEV-106-POS,2026-09-25 12:15:30,2026-09-25 12:15:50,2026-09-25 12:15:46,2026-09-25 12:50:33,15,720
KDS-ORD-20260925-10643,ORD-20260925-10643,MCH-112,DEV-112-POS,2026-09-25 10:02:19,2026-09-25 10:02:39,2026-09-25 10:03:09,2026-09-25 10:18:55,4,900
KDS-ORD-20260925-10644,ORD-20260925-10644,MCH-109,DEV-109-POS,2026-09-25 12:12:15,2026-09-25 12:12:35,2026-09-25 12:12:55,2026-09-25 12:49:19,13,900
KDS-ORD-20260925-10645,ORD-20260925-10645,MCH-107,DEV-107-POS,2026-09-25 08:53:26,2026-09-25 08:53:46,2026-09-25 08:53:42,2026-09-25 09:15:19,4,900
KDS-ORD-20260925-10646,ORD-20260925-10646,MCH-101,DEV-101-POS,2026-09-25 21:53:30,2026-09-25 21:53:50,2026-09-25 21:54:18,2026-09-25 22:22:28,16,720
KDS-ORD-20260925-10647,ORD-20260925-10647,MCH-104,DEV-104-POS,2026-09-25 17:34:00,2026-09-25 17:34:20,2026-09-25 17:34:53,2026-09-25 17:57:34,5,1080
KDS-ORD-20260925-10648,ORD-20260925-10648,MCH-107,DEV-107-POS,2026-09-25 19:50:42,2026-09-25 19:51:02,2026-09-25 19:51:31,2026-09-25 20:20:34,6,900
KDS-ORD-20260925-10649,ORD-20260925-10649,MCH-103,DEV-103-POS,2026-09-25 20:17:24,2026-09-25 20:17:44,2026-09-25 20:18:11,2026-09-25 20:42:47,6,720
KDS-ORD-20260925-10650,ORD-20260925-10650,MCH-105,DEV-105-POS,2026-09-25 14:27:49,2026-09-25 14:28:09,2026-09-25 14:28:12,2026-09-25 14:57:00,7,900
KDS-ORD-20260925-10651,ORD-20260925-10651,MCH-115,DEV-115-POS,2026-09-25 07:08:40,2026-09-25 07:09:00,2026-09-25 07:09:12,2026-09-25 07:33:53,5,1080
KDS-ORD-20260925-10652,ORD-20260925-10652,MCH-101,DEV-101-POS,2026-09-25 15:48:58,2026-09-25 15:49:18,2026-09-25 15:49:34,2026-09-25 16:03:54,3,720
KDS-ORD-20260925-10653,ORD-20260925-10653,MCH-108,DEV-108-POS,2026-09-25 17:37:36,2026-09-25 17:37:56,2026-09-25 17:38:00,2026-09-25 17:56:36,5,900
KDS-ORD-20260925-10654,ORD-20260925-10654,MCH-111,DEV-111-POS,2026-09-25 19:08:22,2026-09-25 19:08:42,2026-09-25 19:09:18,2026-09-25 19:41:48,9,1080
KDS-ORD-20260925-10655,ORD-20260925-10655,MCH-110,DEV-110-POS,2026-09-25 13:05:23,2026-09-25 13:05:43,2026-09-25 13:05:52,,8,720
KDS-ORD-20260925-10656,ORD-20260925-10656,MCH-113,DEV-113-POS,2026-09-25 08:32:21,2026-09-25 08:32:41,2026-09-25 08:32:48,2026-09-25 08:47:59,3,720
KDS-ORD-20260925-10657,ORD-20260925-10657,MCH-112,DEV-112-POS,2026-09-25 11:57:19,2026-09-25 11:57:39,2026-09-25 11:57:49,2026-09-25 12:20:44,6,900
KDS-ORD-20260925-10658,ORD-20260925-10658,MCH-101,DEV-101-POS,2026-09-25 12:37:38,2026-09-25 12:37:58,2026-09-25 12:38:32,2026-09-25 13:12:02,15,720
KDS-ORD-20260925-10659,ORD-20260925-10659,MCH-104,DEV-104-POS,2026-09-25 18:37:00,2026-09-25 18:37:20,2026-09-25 18:37:48,2026-09-25 18:59:28,4,1080
KDS-ORD-20260925-10660,ORD-20260925-10660,MCH-111,DEV-111-POS,2026-09-25 16:31:29,2026-09-25 16:31:49,2026-09-25 16:32:22,2026-09-25 16:51:07,3,1080
KDS-ORD-20260925-10661,ORD-20260925-10661,MCH-111,DEV-111-POS,2026-09-25 12:46:38,2026-09-25 12:46:58,2026-09-25 12:46:56,2026-09-25 13:30:44,12,1080
KDS-ORD-20260925-10662,ORD-20260925-10662,MCH-114,DEV-114-POS,2026-09-25 23:26:48,2026-09-25 23:27:08,2026-09-25 23:27:13,2026-09-25 23:44:24,4,720
KDS-ORD-20260925-10663,ORD-20260925-10663,MCH-105,DEV-105-POS,2026-09-25 17:16:55,2026-09-25 17:17:15,2026-09-25 17:17:33,2026-09-25 17:31:29,2,900
KDS-ORD-20260925-10664,ORD-20260925-10664,MCH-108,DEV-108-POS,2026-09-25 11:16:03,2026-09-25 11:16:23,2026-09-25 11:16:37,2026-09-25 11:31:09,2,900
KDS-ORD-20260925-10665,ORD-20260925-10665,MCH-104,DEV-104-POS,2026-09-25 08:06:15,2026-09-25 08:06:35,2026-09-25 08:07:13,2026-09-25 08:27:19,5,1080
KDS-ORD-20260925-10666,ORD-20260925-10666,MCH-101,DEV-101-POS,2026-09-25 09:51:54,2026-09-25 09:52:14,2026-09-25 09:52:15,2026-09-25 10:07:45,5,720
KDS-ORD-20260925-10667,ORD-20260925-10667,MCH-113,DEV-113-POS,2026-09-25 11:27:43,2026-09-25 11:28:03,2026-09-25 11:28:25,2026-09-25 11:48:40,3,720
KDS-ORD-20260925-10668,ORD-20260925-10668,MCH-105,DEV-105-POS,2026-09-25 09:50:36,2026-09-25 09:50:56,2026-09-25 09:51:34,2026-09-25 10:10:41,6,900
KDS-ORD-20260925-10669,ORD-20260925-10669,MCH-110,DEV-110-POS,2026-09-25 10:02:31,2026-09-25 10:02:51,2026-09-25 10:03:12,2026-09-25 10:17:49,2,720
KDS-ORD-20260925-10670,ORD-20260925-10670,MCH-102,DEV-102-POS,2026-09-25 11:47:19,2026-09-25 11:47:39,2026-09-25 11:47:34,2026-09-25 12:03:10,3,720
KDS-ORD-20260925-10671,ORD-20260925-10671,MCH-109,DEV-109-POS,2026-09-25 09:40:25,2026-09-25 09:40:45,2026-09-25 09:41:23,2026-09-25 09:57:30,3,900
KDS-ORD-20260925-10672,ORD-20260925-10672,MCH-114,DEV-114-POS,2026-09-25 21:49:09,2026-09-25 21:49:29,2026-09-25 21:49:28,2026-09-25 22:23:12,11,720
KDS-ORD-20260925-10673,ORD-20260925-10673,MCH-110,DEV-110-POS,2026-09-25 07:45:38,2026-09-25 07:45:58,2026-09-25 07:46:20,2026-09-25 08:01:55,2,720
KDS-ORD-20260925-10674,ORD-20260925-10674,MCH-115,DEV-115-POS,2026-09-25 14:49:57,2026-09-25 14:50:17,2026-09-25 14:50:55,2026-09-25 15:28:18,12,1080
KDS-ORD-20260925-10675,ORD-20260925-10675,MCH-108,DEV-108-POS,2026-09-25 13:15:42,2026-09-25 13:16:02,2026-09-25 13:16:16,2026-09-25 13:50:47,10,900
KDS-ORD-20260925-10676,ORD-20260925-10676,MCH-110,DEV-110-POS,2026-09-25 22:26:18,2026-09-25 22:26:38,2026-09-25 22:26:47,2026-09-25 22:39:21,2,720
KDS-ORD-20260925-10677,ORD-20260925-10677,MCH-103,DEV-103-POS,2026-09-25 08:35:56,2026-09-25 08:36:16,2026-09-25 08:36:14,2026-09-25 08:58:55,6,720
KDS-ORD-20260925-10678,ORD-20260925-10678,MCH-110,DEV-110-POS,2026-09-25 13:04:23,2026-09-25 13:04:43,2026-09-25 13:05:21,2026-09-25 13:27:06,6,720
KDS-ORD-20260925-10679,ORD-20260925-10679,MCH-104,DEV-104-POS,2026-09-25 22:35:45,2026-09-25 22:36:05,2026-09-25 22:36:07,2026-09-25 22:59:42,4,1080
KDS-ORD-20260925-10680,ORD-20260925-10680,MCH-110,DEV-110-POS,2026-09-25 20:23:16,2026-09-25 20:23:36,2026-09-25 20:23:42,2026-09-25 20:57:53,15,720
KDS-ORD-20260925-10681,ORD-20260925-10681,MCH-105,DEV-105-POS,2026-09-25 20:21:08,2026-09-25 20:21:28,2026-09-25 20:21:52,2026-09-25 20:55:43,10,900
KDS-ORD-20260925-10682,ORD-20260925-10682,MCH-104,DEV-104-POS,2026-09-25 11:40:01,2026-09-25 11:40:21,2026-09-25 11:40:49,2026-09-25 12:00:10,3,1080
KDS-ORD-20260925-10683,ORD-20260925-10683,MCH-113,DEV-113-POS,2026-09-25 09:36:42,2026-09-25 09:37:02,2026-09-25 09:37:36,2026-09-25 09:50:26,2,720
KDS-ORD-20260925-10684,ORD-20260925-10684,MCH-105,DEV-105-POS,2026-09-25 18:53:52,2026-09-25 18:54:12,2026-09-25 18:54:44,2026-09-25 19:11:44,4,900
KDS-ORD-20260925-10685,ORD-20260925-10685,MCH-114,DEV-114-POS,2026-09-25 21:35:29,2026-09-25 21:35:49,2026-09-25 21:36:03,2026-09-25 22:01:08,9,720
KDS-ORD-20260925-10686,ORD-20260925-10686,MCH-113,DEV-113-POS,2026-09-25 16:19:52,2026-09-25 16:20:12,2026-09-25 16:20:45,2026-09-25 16:38:38,6,720
KDS-ORD-20260925-10687,ORD-20260925-10687,MCH-113,DEV-113-POS,2026-09-25 16:38:30,2026-09-25 16:38:50,2026-09-25 16:39:12,2026-09-25 17:00:02,5,720
KDS-ORD-20260925-10688,ORD-20260925-10688,MCH-109,DEV-109-POS,2026-09-25 11:46:47,2026-09-25 11:47:07,2026-09-25 11:47:47,2026-09-25 12:05:03,4,900
KDS-ORD-20260925-10689,ORD-20260925-10689,MCH-113,DEV-113-POS,2026-09-25 20:28:47,2026-09-25 20:29:07,2026-09-25 20:29:42,2026-09-25 20:58:09,12,720
KDS-ORD-20260925-10690,ORD-20260925-10690,MCH-114,DEV-114-POS,2026-09-25 10:48:45,2026-09-25 10:49:05,2026-09-25 10:49:26,2026-09-25 11:05:58,5,720
KDS-ORD-20260925-10691,ORD-20260925-10691,MCH-111,DEV-111-POS,2026-09-25 12:09:34,2026-09-25 12:09:54,2026-09-25 12:10:32,2026-09-25 12:48:08,11,1080
KDS-ORD-20260925-10692,ORD-20260925-10692,MCH-105,DEV-105-POS,2026-09-25 13:41:58,2026-09-25 13:42:18,2026-09-25 13:42:43,2026-09-25 14:09:50,10,900
KDS-ORD-20260925-10693,ORD-20260925-10693,MCH-106,DEV-106-POS,2026-09-25 14:15:49,2026-09-25 14:16:09,2026-09-25 14:16:46,2026-09-25 14:58:38,16,720
KDS-ORD-20260925-10694,ORD-20260925-10694,MCH-105,DEV-105-POS,2026-09-25 11:47:07,2026-09-25 11:47:27,2026-09-25 11:48:01,2026-09-25 12:09:08,6,900
KDS-ORD-20260925-10695,ORD-20260925-10695,MCH-102,DEV-102-POS,2026-09-25 08:17:18,2026-09-25 08:17:38,2026-09-25 08:17:52,2026-09-25 08:31:45,4,720
KDS-ORD-20260925-10696,ORD-20260925-10696,MCH-108,DEV-108-POS,2026-09-25 17:19:35,2026-09-25 17:19:55,2026-09-25 17:20:12,2026-09-25 17:39:28,5,900
KDS-ORD-20260925-10697,ORD-20260925-10697,MCH-113,DEV-113-POS,2026-09-25 11:05:56,2026-09-25 11:06:16,2026-09-25 11:06:47,2026-09-25 11:21:57,3,720
KDS-ORD-20260925-10698,ORD-20260925-10698,MCH-112,DEV-112-POS,2026-09-25 16:39:18,2026-09-25 16:39:38,2026-09-25 16:39:48,2026-09-25 16:57:49,3,900
KDS-ORD-20260925-10699,ORD-20260925-10699,MCH-111,DEV-111-POS,2026-09-25 09:44:07,2026-09-25 09:44:27,2026-09-25 09:44:33,2026-09-25 10:08:04,4,1080
KDS-ORD-20260925-10700,ORD-20260925-10700,MCH-103,DEV-103-POS,2026-09-25 14:42:15,2026-09-25 14:42:35,2026-09-25 14:42:54,2026-09-25 15:18:59,16,720
KDS-ORD-20260925-10701,ORD-20260925-10701,MCH-109,DEV-109-POS,2026-09-25 15:41:03,2026-09-25 15:41:23,2026-09-25 15:41:20,2026-09-25 15:57:15,4,900
KDS-ORD-20260925-10702,ORD-20260925-10702,MCH-113,DEV-113-POS,2026-09-25 07:00:09,2026-09-25 07:00:29,2026-09-25 07:00:56,2026-09-25 07:14:50,2,720
KDS-ORD-20260925-10703,ORD-20260925-10703,MCH-110,DEV-110-POS,2026-09-25 12:54:42,2026-09-25 12:55:02,2026-09-25 12:55:25,2026-09-25 13:28:12,14,720
KDS-ORD-20260925-10704,ORD-20260925-10704,MCH-105,DEV-105-POS,2026-09-25 09:30:29,2026-09-25 09:30:49,2026-09-25 09:30:58,2026-09-25 09:46:51,3,900
KDS-ORD-20260925-10705,ORD-20260925-10705,MCH-113,DEV-113-POS,2026-09-25 06:43:09,2026-09-25 06:43:29,2026-09-25 06:43:45,2026-09-25 06:56:55,3,720
KDS-ORD-20260925-10706,ORD-20260925-10706,MCH-112,DEV-112-POS,2026-09-25 23:18:18,2026-09-25 23:18:38,2026-09-25 23:18:43,2026-09-25 23:33:41,4,900
KDS-ORD-20260925-10707,ORD-20260925-10707,MCH-113,DEV-113-POS,2026-09-25 12:41:46,2026-09-25 12:42:06,2026-09-25 12:42:18,2026-09-25 13:17:07,15,720
KDS-ORD-20260925-10708,ORD-20260925-10708,MCH-102,DEV-102-POS,2026-09-25 20:53:06,2026-09-25 20:53:26,2026-09-25 20:53:41,2026-09-25 21:27:23,12,720
KDS-ORD-20260925-10709,ORD-20260925-10709,MCH-111,DEV-111-POS,2026-09-25 11:22:07,2026-09-25 11:22:27,2026-09-25 11:23:03,2026-09-25 11:47:55,4,1080
KDS-ORD-20260925-10710,ORD-20260925-10710,MCH-108,DEV-108-POS,2026-09-25 19:42:55,2026-09-25 19:43:15,2026-09-25 19:43:40,2026-09-25 20:16:27,15,900
KDS-ORD-20260925-10711,ORD-20260925-10711,MCH-110,DEV-110-POS,2026-09-25 19:59:25,2026-09-25 19:59:45,2026-09-25 20:00:24,2026-09-25 20:29:08,15,720
KDS-ORD-20260925-10712,ORD-20260925-10712,MCH-112,DEV-112-POS,2026-09-25 17:35:19,2026-09-25 17:35:39,2026-09-25 17:35:43,2026-09-25 17:52:43,4,900
KDS-ORD-20260925-10713,ORD-20260925-10713,MCH-114,DEV-114-POS,2026-09-25 13:35:20,2026-09-25 13:35:40,2026-09-25 13:36:06,2026-09-25 14:10:06,15,720
KDS-ORD-20260925-10714,ORD-20260925-10714,MCH-101,DEV-101-POS,2026-09-25 13:06:53,2026-09-25 13:07:13,2026-09-25 13:07:15,2026-09-25 13:35:39,16,720
KDS-ORD-20260925-10715,ORD-20260925-10715,MCH-107,DEV-107-POS,2026-09-25 12:02:33,2026-09-25 12:02:53,2026-09-25 12:03:26,2026-09-25 12:32:56,15,900
KDS-ORD-20260925-10716,ORD-20260925-10716,MCH-107,DEV-107-POS,2026-09-25 21:52:15,2026-09-25 21:52:35,2026-09-25 21:52:46,2026-09-25 22:30:18,12,900
KDS-ORD-20260925-10717,ORD-20260925-10717,MCH-108,DEV-108-POS,2026-09-25 20:18:20,2026-09-25 20:18:40,2026-09-25 20:18:48,2026-09-25 20:48:53,11,900
KDS-ORD-20260925-10718,ORD-20260925-10718,MCH-107,DEV-107-POS,2026-09-25 22:42:42,2026-09-25 22:43:02,2026-09-25 22:43:33,2026-09-25 22:59:16,2,900
KDS-ORD-20260925-10719,ORD-20260925-10719,MCH-102,DEV-102-POS,2026-09-25 08:31:52,2026-09-25 08:32:12,2026-09-25 08:32:27,2026-09-25 08:46:55,2,720
KDS-ORD-20260925-10720,ORD-20260925-10720,MCH-103,DEV-103-POS,2026-09-25 19:20:42,2026-09-25 19:21:02,2026-09-25 19:21:22,2026-09-25 19:45:23,9,720
KDS-ORD-20260925-10721,ORD-20260925-10721,MCH-104,DEV-104-POS,2026-09-25 21:13:17,2026-09-25 21:13:37,2026-09-25 21:14:06,2026-09-25 21:48:52,11,1080
KDS-ORD-20260925-10722,ORD-20260925-10722,MCH-101,DEV-101-POS,2026-09-25 10:23:02,2026-09-25 10:23:22,2026-09-25 10:23:42,2026-09-25 10:39:22,4,720
KDS-ORD-20260925-10723,ORD-20260925-10723,MCH-113,DEV-113-POS,2026-09-25 07:16:59,2026-09-25 07:17:19,2026-09-25 07:17:42,2026-09-25 07:27:33,2,720
KDS-ORD-20260925-10724,ORD-20260925-10724,MCH-114,DEV-114-POS,2026-09-25 19:38:32,2026-09-25 19:38:52,2026-09-25 19:39:05,2026-09-25 20:01:54,8,720
KDS-ORD-20260925-10725,ORD-20260925-10725,MCH-112,DEV-112-POS,2026-09-25 16:39:13,2026-09-25 16:39:33,2026-09-25 16:39:52,2026-09-25 17:03:31,6,900
KDS-ORD-20260925-10726,ORD-20260925-10726,MCH-103,DEV-103-POS,2026-09-25 20:14:06,2026-09-25 20:14:26,2026-09-25 20:14:21,2026-09-25 20:39:34,6,720
KDS-ORD-20260925-10727,ORD-20260925-10727,MCH-101,DEV-101-POS,2026-09-25 09:51:44,2026-09-25 09:52:04,2026-09-25 09:52:08,2026-09-25 10:12:10,6,720
KDS-ORD-20260925-10728,ORD-20260925-10728,MCH-109,DEV-109-POS,2026-09-25 20:35:40,2026-09-25 20:36:00,2026-09-25 20:36:25,2026-09-25 21:08:55,12,900
KDS-ORD-20260925-10729,ORD-20260925-10729,MCH-108,DEV-108-POS,2026-09-25 10:00:23,2026-09-25 10:00:43,2026-09-25 10:00:57,2026-09-25 10:18:00,2,900
KDS-ORD-20260925-10730,ORD-20260925-10730,MCH-106,DEV-106-POS,2026-09-25 09:42:31,2026-09-25 09:42:51,2026-09-25 09:43:22,2026-09-25 09:59:21,4,720
KDS-ORD-20260925-10731,ORD-20260925-10731,MCH-103,DEV-103-POS,2026-09-25 09:24:58,2026-09-25 09:25:18,2026-09-25 09:25:35,2026-09-25 09:41:19,5,720
KDS-ORD-20260925-10732,ORD-20260925-10732,MCH-114,DEV-114-POS,2026-09-25 20:18:35,2026-09-25 20:18:55,2026-09-25 20:18:55,2026-09-25 20:46:47,11,720
KDS-ORD-20260925-10733,ORD-20260925-10733,MCH-107,DEV-107-POS,2026-09-25 18:07:20,2026-09-25 18:07:40,2026-09-25 18:07:56,2026-09-25 18:24:59,3,900
KDS-ORD-20260925-10734,ORD-20260925-10734,MCH-114,DEV-114-POS,2026-09-25 14:44:35,2026-09-25 14:44:55,2026-09-25 14:45:16,2026-09-25 15:08:36,6,720
KDS-ORD-20260925-10735,ORD-20260925-10735,MCH-106,DEV-106-POS,2026-09-25 12:17:20,2026-09-25 12:17:40,2026-09-25 12:17:56,2026-09-25 12:47:57,12,720
KDS-ORD-20260925-10736,ORD-20260925-10736,MCH-103,DEV-103-POS,2026-09-25 21:36:24,2026-09-25 21:36:44,2026-09-25 21:36:59,,10,720
KDS-ORD-20260925-10737,ORD-20260925-10737,MCH-112,DEV-112-POS,2026-09-25 12:46:42,2026-09-25 12:47:02,2026-09-25 12:47:11,2026-09-25 13:17:52,11,900
KDS-ORD-20260925-10738,ORD-20260925-10738,MCH-102,DEV-102-POS,2026-09-25 20:56:55,2026-09-25 20:57:15,2026-09-25 20:57:41,2026-09-25 21:20:27,12,720
KDS-ORD-20260925-10739,ORD-20260925-10739,MCH-110,DEV-110-POS,2026-09-25 13:10:42,2026-09-25 13:11:02,2026-09-25 13:11:41,2026-09-25 13:34:06,11,720
KDS-ORD-20260925-10740,ORD-20260925-10740,MCH-111,DEV-111-POS,2026-09-25 12:09:19,2026-09-25 12:09:39,2026-09-25 12:09:52,2026-09-25 12:51:34,13,1080
KDS-ORD-20260925-10741,ORD-20260925-10741,MCH-101,DEV-101-POS,2026-09-25 13:59:47,2026-09-25 14:00:07,2026-09-25 14:00:27,2026-09-25 14:34:20,14,720
KDS-ORD-20260925-10742,ORD-20260925-10742,MCH-110,DEV-110-POS,2026-09-25 12:29:26,2026-09-25 12:29:46,2026-09-25 12:29:53,2026-09-25 12:57:09,14,720
KDS-ORD-20260925-10743,ORD-20260925-10743,MCH-105,DEV-105-POS,2026-09-25 19:39:47,2026-09-25 19:40:07,2026-09-25 19:40:08,,7,900
KDS-ORD-20260925-10744,ORD-20260925-10744,MCH-101,DEV-101-POS,2026-09-25 14:50:19,2026-09-25 14:50:39,2026-09-25 14:50:40,2026-09-25 15:15:09,7,720
KDS-ORD-20260925-10745,ORD-20260925-10745,MCH-106,DEV-106-POS,2026-09-25 11:19:04,2026-09-25 11:19:24,2026-09-25 11:19:44,2026-09-25 11:36:33,6,720
KDS-ORD-20260925-10746,ORD-20260925-10746,MCH-110,DEV-110-POS,2026-09-25 21:41:43,2026-09-25 21:42:03,2026-09-25 21:42:27,2026-09-25 22:04:32,9,720
KDS-ORD-20260925-10747,ORD-20260925-10747,MCH-109,DEV-109-POS,2026-09-25 12:20:31,2026-09-25 12:20:51,2026-09-25 12:21:11,2026-09-25 12:48:29,10,900
KDS-ORD-20260925-10748,ORD-20260925-10748,MCH-110,DEV-110-POS,2026-09-25 15:52:30,2026-09-25 15:52:50,2026-09-25 15:52:51,2026-09-25 16:07:34,2,720
KDS-ORD-20260925-10749,ORD-20260925-10749,MCH-111,DEV-111-POS,2026-09-25 21:53:33,2026-09-25 21:53:53,2026-09-25 21:53:55,2026-09-25 22:25:31,7,1080
KDS-ORD-20260925-10750,ORD-20260925-10750,MCH-105,DEV-105-POS,2026-09-25 18:52:34,2026-09-25 18:52:54,2026-09-25 18:53:05,2026-09-25 19:15:52,4,900
KDS-ORD-20260925-10751,ORD-20260925-10751,MCH-107,DEV-107-POS,2026-09-25 08:20:02,2026-09-25 08:20:22,2026-09-25 08:20:18,2026-09-25 08:37:46,3,900
KDS-ORD-20260925-10752,ORD-20260925-10752,MCH-101,DEV-101-POS,2026-09-25 21:30:03,2026-09-25 21:30:23,2026-09-25 21:30:32,2026-09-25 21:55:03,9,720
KDS-ORD-20260925-10753,ORD-20260925-10753,MCH-110,DEV-110-POS,2026-09-25 18:01:57,2026-09-25 18:02:17,2026-09-25 18:02:33,2026-09-25 18:21:45,6,720
KDS-ORD-20260925-10754,ORD-20260925-10754,MCH-110,DEV-110-POS,2026-09-25 12:11:46,2026-09-25 12:12:06,2026-09-25 12:12:43,2026-09-25 12:35:37,8,720
KDS-ORD-20260925-10755,ORD-20260925-10755,MCH-102,DEV-102-POS,2026-09-25 09:31:32,2026-09-25 09:31:52,2026-09-25 09:32:10,2026-09-25 09:55:26,6,720
KDS-ORD-20260925-10756,ORD-20260925-10756,MCH-110,DEV-110-POS,2026-09-25 20:47:25,2026-09-25 20:47:45,2026-09-25 20:47:45,2026-09-25 21:10:32,6,720
KDS-ORD-20260925-10757,ORD-20260925-10757,MCH-103,DEV-103-POS,2026-09-25 17:11:31,2026-09-25 17:11:51,2026-09-25 17:11:54,2026-09-25 17:26:00,3,720
KDS-ORD-20260925-10758,ORD-20260925-10758,MCH-105,DEV-105-POS,2026-09-25 15:49:11,2026-09-25 15:49:31,2026-09-25 15:49:47,2026-09-25 16:11:55,6,900
KDS-ORD-20260925-10759,ORD-20260925-10759,MCH-114,DEV-114-POS,2026-09-25 21:40:56,2026-09-25 21:41:16,2026-09-25 21:41:25,2026-09-25 22:11:18,12,720
KDS-ORD-20260925-10760,ORD-20260925-10760,MCH-113,DEV-113-POS,2026-09-25 20:33:20,2026-09-25 20:33:40,2026-09-25 20:33:54,,6,720
KDS-ORD-20260925-10761,ORD-20260925-10761,MCH-111,DEV-111-POS,2026-09-25 09:03:56,2026-09-25 09:04:16,2026-09-25 09:04:24,2026-09-25 09:28:26,6,1080
KDS-ORD-20260925-10762,ORD-20260925-10762,MCH-109,DEV-109-POS,2026-09-25 12:13:03,2026-09-25 12:13:23,2026-09-25 12:14:01,,14,900
KDS-ORD-20260925-10763,ORD-20260925-10763,MCH-101,DEV-101-POS,2026-09-25 11:32:32,2026-09-25 11:32:52,2026-09-25 11:32:49,2026-09-25 11:45:33,2,720
KDS-ORD-20260925-10764,ORD-20260925-10764,MCH-114,DEV-114-POS,2026-09-25 19:36:43,2026-09-25 19:37:03,2026-09-25 19:37:35,2026-09-25 20:01:45,10,720
KDS-ORD-20260925-10765,ORD-20260925-10765,MCH-114,DEV-114-POS,2026-09-25 05:45:31,2026-09-25 05:45:51,2026-09-25 05:46:09,2026-09-25 06:02:31,2,720
KDS-ORD-20260925-10766,ORD-20260925-10766,MCH-108,DEV-108-POS,2026-09-25 16:26:20,2026-09-25 16:26:40,2026-09-25 16:27:09,2026-09-25 16:46:47,6,900
KDS-ORD-20260925-10767,ORD-20260925-10767,MCH-101,DEV-101-POS,2026-09-25 19:22:05,2026-09-25 19:22:25,2026-09-25 19:23:03,2026-09-25 19:49:58,8,720
KDS-ORD-20260925-10768,ORD-20260925-10768,MCH-115,DEV-115-POS,2026-09-25 21:37:42,2026-09-25 21:38:02,2026-09-25 21:38:28,2026-09-25 22:18:33,16,1080
KDS-ORD-20260925-10769,ORD-20260925-10769,MCH-113,DEV-113-POS,2026-09-25 12:20:59,2026-09-25 12:21:19,2026-09-25 12:21:54,2026-09-25 12:51:36,15,720
KDS-ORD-20260925-10770,ORD-20260925-10770,MCH-112,DEV-112-POS,2026-09-25 20:04:34,2026-09-25 20:04:54,2026-09-25 20:04:55,2026-09-25 20:30:42,9,900
KDS-ORD-20260925-10771,ORD-20260925-10771,MCH-110,DEV-110-POS,2026-09-25 08:39:27,2026-09-25 08:39:47,2026-09-25 08:40:02,2026-09-25 08:55:00,5,720
KDS-ORD-20260925-10772,ORD-20260925-10772,MCH-104,DEV-104-POS,2026-09-25 20:45:40,2026-09-25 20:46:00,2026-09-25 20:46:20,2026-09-25 21:21:54,10,1080
KDS-ORD-20260925-10773,ORD-20260925-10773,MCH-104,DEV-104-POS,2026-09-25 08:42:46,2026-09-25 08:43:06,2026-09-25 08:43:14,2026-09-25 09:09:41,6,1080
KDS-ORD-20260925-10774,ORD-20260925-10774,MCH-107,DEV-107-POS,2026-09-25 13:35:30,2026-09-25 13:35:50,2026-09-25 13:35:48,2026-09-25 14:04:18,6,900
KDS-ORD-20260925-10775,ORD-20260925-10775,MCH-110,DEV-110-POS,2026-09-25 20:47:57,2026-09-25 20:48:17,2026-09-25 20:48:29,2026-09-25 21:13:40,8,720
KDS-ORD-20260925-10776,ORD-20260925-10776,MCH-109,DEV-109-POS,2026-09-25 09:54:23,2026-09-25 09:54:43,2026-09-25 09:54:55,2026-09-25 10:15:20,6,900
KDS-ORD-20260925-10777,ORD-20260925-10777,MCH-108,DEV-108-POS,2026-09-25 10:35:46,2026-09-25 10:36:06,2026-09-25 10:36:33,2026-09-25 10:52:07,5,900
KDS-ORD-20260925-10778,ORD-20260925-10778,MCH-105,DEV-105-POS,2026-09-25 19:13:38,2026-09-25 19:13:58,2026-09-25 19:14:29,2026-09-25 19:47:14,12,900
KDS-ORD-20260925-10779,ORD-20260925-10779,MCH-113,DEV-113-POS,2026-09-25 19:01:49,2026-09-25 19:02:09,2026-09-25 19:02:39,2026-09-25 19:24:59,6,720
KDS-ORD-20260925-10780,ORD-20260925-10780,MCH-114,DEV-114-POS,2026-09-25 18:07:14,2026-09-25 18:07:34,2026-09-25 18:07:34,2026-09-25 18:24:03,3,720
KDS-ORD-20260925-10781,ORD-20260925-10781,MCH-106,DEV-106-POS,2026-09-25 19:39:53,2026-09-25 19:40:13,2026-09-25 19:40:33,2026-09-25 20:17:41,16,720
KDS-ORD-20260925-10782,ORD-20260925-10782,MCH-115,DEV-115-POS,2026-09-25 15:25:18,2026-09-25 15:25:38,2026-09-25 15:25:35,2026-09-25 15:51:12,6,1080
KDS-ORD-20260925-10783,ORD-20260925-10783,MCH-115,DEV-115-POS,2026-09-25 11:44:58,2026-09-25 11:45:18,2026-09-25 11:45:57,2026-09-25 12:11:33,5,1080
KDS-ORD-20260925-10784,ORD-20260925-10784,MCH-103,DEV-103-POS,2026-09-25 12:08:26,2026-09-25 12:08:46,2026-09-25 12:08:52,,10,720
KDS-ORD-20260925-10785,ORD-20260925-10785,MCH-108,DEV-108-POS,2026-09-25 10:31:18,2026-09-25 10:31:38,2026-09-25 10:31:33,2026-09-25 10:52:43,3,900
KDS-ORD-20260925-10786,ORD-20260925-10786,MCH-103,DEV-103-POS,2026-09-25 21:52:56,2026-09-25 21:53:16,2026-09-25 21:53:50,2026-09-25 22:15:08,6,720
KDS-ORD-20260925-10787,ORD-20260925-10787,MCH-113,DEV-113-POS,2026-09-25 16:57:16,2026-09-25 16:57:36,2026-09-25 16:57:56,2026-09-25 17:18:10,6,720
KDS-ORD-20260925-10788,ORD-20260925-10788,MCH-109,DEV-109-POS,2026-09-25 13:49:16,2026-09-25 13:49:36,2026-09-25 13:50:13,2026-09-25 14:15:56,6,900
KDS-ORD-20260925-10789,ORD-20260925-10789,MCH-109,DEV-109-POS,2026-09-25 13:29:30,2026-09-25 13:29:50,2026-09-25 13:30:25,2026-09-25 14:10:04,16,900
KDS-ORD-20260925-10790,ORD-20260925-10790,MCH-106,DEV-106-POS,2026-09-25 22:47:48,2026-09-25 22:48:08,2026-09-25 22:48:19,2026-09-25 23:02:38,5,720
KDS-ORD-20260925-10791,ORD-20260925-10791,MCH-111,DEV-111-POS,2026-09-25 09:01:30,2026-09-25 09:01:50,2026-09-25 09:02:04,2026-09-25 09:24:58,6,1080
KDS-ORD-20260925-10792,ORD-20260925-10792,MCH-106,DEV-106-POS,2026-09-25 17:36:50,2026-09-25 17:37:10,2026-09-25 17:37:15,2026-09-25 17:57:10,6,720
KDS-ORD-20260925-10793,ORD-20260925-10793,MCH-108,DEV-108-POS,2026-09-25 14:06:13,2026-09-25 14:06:33,2026-09-25 14:06:57,2026-09-25 14:32:13,6,900
KDS-ORD-20260925-10794,ORD-20260925-10794,MCH-110,DEV-110-POS,2026-09-25 17:24:28,2026-09-25 17:24:48,2026-09-25 17:24:50,2026-09-25 17:40:51,3,720
KDS-ORD-20260925-10795,ORD-20260925-10795,MCH-108,DEV-108-POS,2026-09-25 03:59:44,2026-09-25 04:00:04,2026-09-25 04:00:02,2026-09-25 04:20:21,5,900
KDS-ORD-20260925-10796,ORD-20260925-10796,MCH-113,DEV-113-POS,2026-09-25 21:28:24,2026-09-25 21:28:44,2026-09-25 21:28:48,2026-09-25 22:04:56,13,720
KDS-ORD-20260925-10797,ORD-20260925-10797,MCH-114,DEV-114-POS,2026-09-25 21:12:32,2026-09-25 21:12:52,2026-09-25 21:12:59,2026-09-25 21:46:44,16,720
KDS-ORD-20260925-10798,ORD-20260925-10798,MCH-101,DEV-101-POS,2026-09-25 16:55:06,2026-09-25 16:55:26,2026-09-25 16:55:58,2026-09-25 17:06:14,3,720
KDS-ORD-20260925-10799,ORD-20260925-10799,MCH-108,DEV-108-POS,2026-09-25 19:10:33,2026-09-25 19:10:53,2026-09-25 19:11:17,,12,900
KDS-ORD-20260925-10800,ORD-20260925-10800,MCH-113,DEV-113-POS,2026-09-25 21:03:15,2026-09-25 21:03:35,2026-09-25 21:03:42,2026-09-25 21:33:04,12,720
KDS-ORD-20260925-10801,ORD-20260925-10801,MCH-115,DEV-115-POS,2026-09-25 19:38:28,2026-09-25 19:38:48,2026-09-25 19:39:23,2026-09-25 20:15:13,13,1080
KDS-ORD-20260925-10802,ORD-20260925-10802,MCH-102,DEV-102-POS,2026-09-25 09:25:48,2026-09-25 09:26:08,2026-09-25 09:26:20,2026-09-25 09:40:30,4,720
KDS-ORD-20260925-10803,ORD-20260925-10803,MCH-114,DEV-114-POS,2026-09-25 16:13:19,2026-09-25 16:13:39,2026-09-25 16:13:50,2026-09-25 16:33:15,5,720
KDS-ORD-20260925-10804,ORD-20260925-10804,MCH-111,DEV-111-POS,2026-09-25 17:25:56,2026-09-25 17:26:16,2026-09-25 17:26:39,2026-09-25 17:52:20,6,1080
KDS-ORD-20260925-10805,ORD-20260925-10805,MCH-104,DEV-104-POS,2026-09-25 13:17:29,2026-09-25 13:17:49,2026-09-25 13:18:00,2026-09-25 13:47:51,6,1080
KDS-ORD-20260925-10806,ORD-20260925-10806,MCH-106,DEV-106-POS,2026-09-25 19:16:52,2026-09-25 19:17:12,2026-09-25 19:17:52,2026-09-25 19:45:20,13,720
KDS-ORD-20260925-10807,ORD-20260925-10807,MCH-109,DEV-109-POS,2026-09-25 21:15:35,2026-09-25 21:15:55,2026-09-25 21:16:30,2026-09-25 21:44:10,7,900
KDS-ORD-20260925-10808,ORD-20260925-10808,MCH-114,DEV-114-POS,2026-09-25 21:57:29,2026-09-25 21:57:49,2026-09-25 21:57:52,2026-09-25 22:26:16,14,720
KDS-ORD-20260925-10809,ORD-20260925-10809,MCH-101,DEV-101-POS,2026-09-25 13:44:32,2026-09-25 13:44:52,2026-09-25 13:45:23,2026-09-25 14:12:07,7,720
KDS-ORD-20260925-10810,ORD-20260925-10810,MCH-102,DEV-102-POS,2026-09-25 08:49:03,2026-09-25 08:49:23,2026-09-25 08:49:54,2026-09-25 09:06:27,5,720
KDS-ORD-20260925-10811,ORD-20260925-10811,MCH-101,DEV-101-POS,2026-09-25 22:52:10,2026-09-25 22:52:30,2026-09-25 22:52:51,2026-09-25 23:11:19,5,720
KDS-ORD-20260925-10812,ORD-20260925-10812,MCH-113,DEV-113-POS,2026-09-25 20:39:12,2026-09-25 20:39:32,2026-09-25 20:39:43,2026-09-25 21:11:57,15,720
KDS-ORD-20260925-10813,ORD-20260925-10813,MCH-111,DEV-111-POS,2026-09-25 08:11:06,2026-09-25 08:11:26,2026-09-25 08:11:47,2026-09-25 08:33:35,2,1080
KDS-ORD-20260925-10814,ORD-20260925-10814,MCH-104,DEV-104-POS,2026-09-25 21:32:55,2026-09-25 21:33:15,2026-09-25 21:33:27,2026-09-25 22:04:38,10,1080
KDS-ORD-20260925-10815,ORD-20260925-10815,MCH-115,DEV-115-POS,2026-09-25 20:01:27,2026-09-25 20:01:47,2026-09-25 20:02:16,2026-09-25 20:32:39,8,1080
KDS-ORD-20260925-10816,ORD-20260925-10816,MCH-104,DEV-104-POS,2026-09-25 14:17:41,2026-09-25 14:18:01,2026-09-25 14:18:19,2026-09-25 15:04:13,15,1080
KDS-ORD-20260925-10817,ORD-20260925-10817,MCH-102,DEV-102-POS,2026-09-25 17:57:27,2026-09-25 17:57:47,2026-09-25 17:58:20,2026-09-25 18:14:01,3,720
KDS-ORD-20260925-10818,ORD-20260925-10818,MCH-107,DEV-107-POS,2026-09-25 13:48:31,2026-09-25 13:48:51,2026-09-25 13:49:29,2026-09-25 14:21:15,13,900
KDS-ORD-20260925-10819,ORD-20260925-10819,MCH-102,DEV-102-POS,2026-09-25 06:29:52,2026-09-25 06:30:12,2026-09-25 06:30:37,2026-09-25 06:49:41,5,720
KDS-ORD-20260925-10820,ORD-20260925-10820,MCH-111,DEV-111-POS,2026-09-25 12:23:03,2026-09-25 12:23:23,2026-09-25 12:23:53,2026-09-25 13:07:25,13,1080
KDS-ORD-20260925-10821,ORD-20260925-10821,MCH-110,DEV-110-POS,2026-09-25 20:14:20,2026-09-25 20:14:40,2026-09-25 20:14:57,2026-09-25 20:37:06,8,720
KDS-ORD-20260925-10822,ORD-20260925-10822,MCH-110,DEV-110-POS,2026-09-25 00:18:42,2026-09-25 00:19:02,2026-09-25 00:19:22,2026-09-25 00:35:34,2,720
KDS-ORD-20260925-10823,ORD-20260925-10823,MCH-110,DEV-110-POS,2026-09-25 12:15:30,2026-09-25 12:15:50,2026-09-25 12:16:15,2026-09-25 12:38:55,6,720
KDS-ORD-20260925-10824,ORD-20260925-10824,MCH-113,DEV-113-POS,2026-09-25 13:47:12,2026-09-25 13:47:32,2026-09-25 13:47:37,2026-09-25 14:17:09,15,720
KDS-ORD-20260925-10825,ORD-20260925-10825,MCH-110,DEV-110-POS,2026-09-25 15:15:56,2026-09-25 15:16:16,2026-09-25 15:16:54,2026-09-25 15:32:20,4,720
KDS-ORD-20260925-10826,ORD-20260925-10826,MCH-115,DEV-115-POS,2026-09-25 21:27:10,2026-09-25 21:27:30,2026-09-25 21:27:39,2026-09-25 22:04:35,6,1080
KDS-ORD-20260925-10827,ORD-20260925-10827,MCH-113,DEV-113-POS,2026-09-25 12:22:01,2026-09-25 12:22:21,2026-09-25 12:22:42,2026-09-25 12:42:12,6,720
KDS-ORD-20260925-10828,ORD-20260925-10828,MCH-101,DEV-101-POS,2026-09-25 12:38:33,2026-09-25 12:38:53,2026-09-25 12:39:26,2026-09-25 13:14:36,15,720
KDS-ORD-20260925-10829,ORD-20260925-10829,MCH-109,DEV-109-POS,2026-09-25 19:19:17,2026-09-25 19:19:37,2026-09-25 19:20:09,2026-09-25 19:48:32,7,900
KDS-ORD-20260925-10830,ORD-20260925-10830,MCH-109,DEV-109-POS,2026-09-25 13:10:14,2026-09-25 13:10:34,2026-09-25 13:10:38,2026-09-25 13:39:42,13,900
KDS-ORD-20260925-10831,ORD-20260925-10831,MCH-101,DEV-101-POS,2026-09-25 10:40:38,2026-09-25 10:40:58,2026-09-25 10:41:08,2026-09-25 10:58:27,6,720
KDS-ORD-20260925-10832,ORD-20260925-10832,MCH-115,DEV-115-POS,2026-09-25 13:46:23,2026-09-25 13:46:43,2026-09-25 13:47:12,2026-09-25 14:32:44,16,1080
KDS-ORD-20260925-10833,ORD-20260925-10833,MCH-110,DEV-110-POS,2026-09-25 09:25:29,2026-09-25 09:25:49,2026-09-25 09:25:56,2026-09-25 09:42:24,4,720
KDS-ORD-20260925-10834,ORD-20260925-10834,MCH-109,DEV-109-POS,2026-09-25 09:02:10,2026-09-25 09:02:30,2026-09-25 09:03:10,2026-09-25 09:26:17,6,900
KDS-ORD-20260925-10835,ORD-20260925-10835,MCH-113,DEV-113-POS,2026-09-25 14:53:55,2026-09-25 14:54:15,2026-09-25 14:54:47,2026-09-25 15:19:39,7,720
KDS-ORD-20260925-10836,ORD-20260925-10836,MCH-110,DEV-110-POS,2026-09-25 13:28:52,2026-09-25 13:29:12,2026-09-25 13:29:52,2026-09-25 14:03:05,14,720
KDS-ORD-20260925-10837,ORD-20260925-10837,MCH-101,DEV-101-POS,2026-09-25 21:18:54,2026-09-25 21:19:14,2026-09-25 21:19:17,2026-09-25 21:44:44,11,720
KDS-ORD-20260925-10838,ORD-20260925-10838,MCH-103,DEV-103-POS,2026-09-25 12:26:36,2026-09-25 12:26:56,2026-09-25 12:27:07,2026-09-25 12:47:44,7,720
KDS-ORD-20260925-10839,ORD-20260925-10839,MCH-108,DEV-108-POS,2026-09-25 16:36:18,2026-09-25 16:36:38,2026-09-25 16:36:49,2026-09-25 17:00:33,6,900
KDS-ORD-20260925-10840,ORD-20260925-10840,MCH-113,DEV-113-POS,2026-09-25 18:36:24,2026-09-25 18:36:44,2026-09-25 18:36:58,2026-09-25 18:50:22,2,720
KDS-ORD-20260925-10841,ORD-20260925-10841,MCH-101,DEV-101-POS,2026-09-25 02:20:09,2026-09-25 02:20:29,2026-09-25 02:20:43,2026-09-25 02:35:06,5,720
KDS-ORD-20260925-10842,ORD-20260925-10842,MCH-106,DEV-106-POS,2026-09-25 18:24:29,2026-09-25 18:24:49,2026-09-25 18:25:15,2026-09-25 18:42:41,6,720
KDS-ORD-20260925-10843,ORD-20260925-10843,MCH-106,DEV-106-POS,2026-09-25 10:44:00,2026-09-25 10:44:20,2026-09-25 10:44:37,2026-09-25 11:05:26,5,720
KDS-ORD-20260925-10844,ORD-20260925-10844,MCH-106,DEV-106-POS,2026-09-25 22:54:46,2026-09-25 22:55:06,2026-09-25 22:55:42,2026-09-25 23:12:30,6,720
KDS-ORD-20260925-10845,ORD-20260925-10845,MCH-106,DEV-106-POS,2026-09-25 09:59:40,2026-09-25 10:00:00,2026-09-25 10:00:28,2026-09-25 10:17:43,5,720
KDS-ORD-20260925-10846,ORD-20260925-10846,MCH-115,DEV-115-POS,2026-09-25 13:31:31,2026-09-25 13:31:51,2026-09-25 13:32:19,2026-09-25 14:11:24,13,1080
KDS-ORD-20260925-10847,ORD-20260925-10847,MCH-101,DEV-101-POS,2026-09-25 07:52:38,2026-09-25 07:52:58,2026-09-25 07:53:37,2026-09-25 08:08:04,5,720
KDS-ORD-20260925-10848,ORD-20260925-10848,MCH-105,DEV-105-POS,2026-09-25 23:24:24,2026-09-25 23:24:44,2026-09-25 23:24:39,2026-09-25 23:43:35,2,900
KDS-ORD-20260925-10849,ORD-20260925-10849,MCH-111,DEV-111-POS,2026-09-25 14:40:55,2026-09-25 14:41:15,2026-09-25 14:41:13,2026-09-25 15:19:00,10,1080
KDS-ORD-20260925-10850,ORD-20260925-10850,MCH-101,DEV-101-POS,2026-09-25 17:30:43,2026-09-25 17:31:03,2026-09-25 17:31:13,2026-09-25 17:50:25,5,720
KDS-ORD-20260925-10851,ORD-20260925-10851,MCH-115,DEV-115-POS,2026-09-25 07:10:22,2026-09-25 07:10:42,2026-09-25 07:10:44,2026-09-25 07:32:48,2,1080
KDS-ORD-20260925-10852,ORD-20260925-10852,MCH-113,DEV-113-POS,2026-09-25 19:34:53,2026-09-25 19:35:13,2026-09-25 19:35:14,2026-09-25 20:02:54,8,720
KDS-ORD-20260925-10853,ORD-20260925-10853,MCH-107,DEV-107-POS,2026-09-25 10:46:10,2026-09-25 10:46:30,2026-09-25 10:46:57,2026-09-25 11:07:22,2,900
KDS-ORD-20260925-10854,ORD-20260925-10854,MCH-106,DEV-106-POS,2026-09-25 21:55:52,2026-09-25 21:56:12,2026-09-25 21:56:30,2026-09-25 22:30:34,13,720
KDS-ORD-20260925-10855,ORD-20260925-10855,MCH-114,DEV-114-POS,2026-09-25 10:22:42,2026-09-25 10:23:02,2026-09-25 10:22:58,2026-09-25 10:37:18,3,720
KDS-ORD-20260925-10856,ORD-20260925-10856,MCH-107,DEV-107-POS,2026-09-25 10:21:59,2026-09-25 10:22:19,2026-09-25 10:22:32,2026-09-25 10:40:37,4,900
KDS-ORD-20260925-10857,ORD-20260925-10857,MCH-109,DEV-109-POS,2026-09-25 05:53:22,2026-09-25 05:53:42,2026-09-25 05:54:17,2026-09-25 06:14:04,5,900
KDS-ORD-20260925-10858,ORD-20260925-10858,MCH-109,DEV-109-POS,2026-09-25 13:35:32,2026-09-25 13:35:52,2026-09-25 13:36:02,2026-09-25 14:08:20,9,900
KDS-ORD-20260925-10859,ORD-20260925-10859,MCH-115,DEV-115-POS,2026-09-25 16:54:29,2026-09-25 16:54:49,2026-09-25 16:54:56,2026-09-25 17:13:26,4,1080
KDS-ORD-20260925-10860,ORD-20260925-10860,MCH-105,DEV-105-POS,2026-09-25 07:40:08,2026-09-25 07:40:28,2026-09-25 07:41:02,2026-09-25 07:59:58,5,900
KDS-ORD-20260925-10861,ORD-20260925-10861,MCH-111,DEV-111-POS,2026-09-25 21:00:27,2026-09-25 21:00:47,2026-09-25 21:00:58,2026-09-25 21:40:44,12,1080
KDS-ORD-20260925-10862,ORD-20260925-10862,MCH-102,DEV-102-POS,2026-09-25 13:55:21,2026-09-25 13:55:41,2026-09-25 13:55:41,2026-09-25 14:19:35,10,720
KDS-ORD-20260925-10863,ORD-20260925-10863,MCH-106,DEV-106-POS,2026-09-25 14:40:52,2026-09-25 14:41:12,2026-09-25 14:41:38,2026-09-25 15:12:08,12,720
KDS-ORD-20260925-10864,ORD-20260925-10864,MCH-102,DEV-102-POS,2026-09-25 13:33:51,2026-09-25 13:34:11,2026-09-25 13:34:38,2026-09-25 13:57:43,7,720
KDS-ORD-20260925-10865,ORD-20260925-10865,MCH-105,DEV-105-POS,2026-09-25 13:22:48,2026-09-25 13:23:08,2026-09-25 13:23:25,2026-09-25 13:49:51,9,900
KDS-ORD-20260925-10866,ORD-20260925-10866,MCH-111,DEV-111-POS,2026-09-25 16:56:42,2026-09-25 16:57:02,2026-09-25 16:57:21,2026-09-25 17:18:13,2,1080
KDS-ORD-20260925-10867,ORD-20260925-10867,MCH-106,DEV-106-POS,2026-09-25 09:31:25,2026-09-25 09:31:45,2026-09-25 09:32:21,2026-09-25 09:42:27,2,720
KDS-ORD-20260925-10868,ORD-20260925-10868,MCH-104,DEV-104-POS,2026-09-25 10:50:13,2026-09-25 10:50:33,2026-09-25 10:50:56,2026-09-25 11:11:19,2,1080
KDS-ORD-20260925-10869,ORD-20260925-10869,MCH-108,DEV-108-POS,2026-09-25 20:43:00,2026-09-25 20:43:20,2026-09-25 20:43:52,,6,900
KDS-ORD-20260925-10870,ORD-20260925-10870,MCH-112,DEV-112-POS,2026-09-25 21:19:17,2026-09-25 21:19:37,2026-09-25 21:19:52,2026-09-25 21:45:41,8,900
KDS-ORD-20260925-10871,ORD-20260925-10871,MCH-114,DEV-114-POS,2026-09-25 12:55:52,2026-09-25 12:56:12,2026-09-25 12:56:17,2026-09-25 13:17:33,6,720
KDS-ORD-20260925-10872,ORD-20260925-10872,MCH-103,DEV-103-POS,2026-09-25 11:57:17,2026-09-25 11:57:37,2026-09-25 11:57:39,2026-09-25 12:14:42,4,720
KDS-ORD-20260925-10873,ORD-20260925-10873,MCH-110,DEV-110-POS,2026-09-25 18:11:50,2026-09-25 18:12:10,2026-09-25 18:12:28,2026-09-25 18:28:39,5,720
KDS-ORD-20260925-10874,ORD-20260925-10874,MCH-103,DEV-103-POS,2026-09-25 13:48:11,2026-09-25 13:48:31,2026-09-25 13:48:39,2026-09-25 14:12:29,9,720
KDS-ORD-20260925-10875,ORD-20260925-10875,MCH-110,DEV-110-POS,2026-09-25 04:46:15,2026-09-25 04:46:35,2026-09-25 04:47:11,2026-09-25 05:00:52,3,720
KDS-ORD-20260925-10876,ORD-20260925-10876,MCH-112,DEV-112-POS,2026-09-25 09:43:03,2026-09-25 09:43:23,2026-09-25 09:43:22,2026-09-25 10:01:44,4,900
KDS-ORD-20260925-10877,ORD-20260925-10877,MCH-108,DEV-108-POS,2026-09-25 19:42:15,2026-09-25 19:42:35,2026-09-25 19:43:00,2026-09-25 20:11:31,10,900
KDS-ORD-20260925-10878,ORD-20260925-10878,MCH-110,DEV-110-POS,2026-09-25 18:15:42,2026-09-25 18:16:02,2026-09-25 18:16:18,2026-09-25 18:31:27,5,720
KDS-ORD-20260925-10879,ORD-20260925-10879,MCH-108,DEV-108-POS,2026-09-25 05:54:34,2026-09-25 05:54:54,2026-09-25 05:54:52,2026-09-25 06:17:49,3,900
KDS-ORD-20260925-10880,ORD-20260925-10880,MCH-105,DEV-105-POS,2026-09-25 10:40:32,2026-09-25 10:40:52,2026-09-25 10:40:47,2026-09-25 10:57:51,3,900
KDS-ORD-20260925-10881,ORD-20260925-10881,MCH-103,DEV-103-POS,2026-09-25 11:34:53,2026-09-25 11:35:13,2026-09-25 11:35:20,2026-09-25 11:49:11,2,720
KDS-ORD-20260925-10882,ORD-20260925-10882,MCH-107,DEV-107-POS,2026-09-25 18:39:29,2026-09-25 18:39:49,2026-09-25 18:40:26,2026-09-25 18:57:05,2,900
KDS-ORD-20260925-10883,ORD-20260925-10883,MCH-102,DEV-102-POS,2026-09-25 04:13:52,2026-09-25 04:14:12,2026-09-25 04:14:12,2026-09-25 04:28:49,4,720
KDS-ORD-20260925-10884,ORD-20260925-10884,MCH-115,DEV-115-POS,2026-09-25 08:43:15,2026-09-25 08:43:35,2026-09-25 08:43:43,2026-09-25 09:05:19,4,1080
KDS-ORD-20260925-10885,ORD-20260925-10885,MCH-105,DEV-105-POS,2026-09-25 20:56:23,2026-09-25 20:56:43,2026-09-25 20:56:50,2026-09-25 21:34:34,14,900
KDS-ORD-20260925-10886,ORD-20260925-10886,MCH-111,DEV-111-POS,2026-09-25 10:38:15,2026-09-25 10:38:35,2026-09-25 10:39:09,2026-09-25 10:59:59,4,1080
KDS-ORD-20260925-10887,ORD-20260925-10887,MCH-102,DEV-102-POS,2026-09-25 18:40:08,2026-09-25 18:40:28,2026-09-25 18:40:27,2026-09-25 18:54:36,3,720
KDS-ORD-20260925-10888,ORD-20260925-10888,MCH-114,DEV-114-POS,2026-09-25 11:54:00,2026-09-25 11:54:20,2026-09-25 11:54:59,2026-09-25 12:07:41,3,720
KDS-ORD-20260925-10889,ORD-20260925-10889,MCH-111,DEV-111-POS,2026-09-25 08:27:36,2026-09-25 08:27:56,2026-09-25 08:28:06,2026-09-25 08:48:04,2,1080
KDS-ORD-20260925-10890,ORD-20260925-10890,MCH-109,DEV-109-POS,2026-09-25 11:24:26,2026-09-25 11:24:46,2026-09-25 11:25:08,2026-09-25 11:42:01,3,900
KDS-ORD-20260925-10891,ORD-20260925-10891,MCH-101,DEV-101-POS,2026-09-25 19:19:35,2026-09-25 19:19:55,2026-09-25 19:20:05,2026-09-25 19:47:08,10,720
KDS-ORD-20260925-10892,ORD-20260925-10892,MCH-102,DEV-102-POS,2026-09-25 20:32:08,2026-09-25 20:32:28,2026-09-25 20:32:57,2026-09-25 20:59:56,8,720
KDS-ORD-20260925-10893,ORD-20260925-10893,MCH-112,DEV-112-POS,2026-09-25 20:51:51,2026-09-25 20:52:11,2026-09-25 20:52:28,2026-09-25 21:20:41,6,900
KDS-ORD-20260925-10894,ORD-20260925-10894,MCH-106,DEV-106-POS,2026-09-25 13:16:35,2026-09-25 13:16:55,2026-09-25 13:17:12,2026-09-25 13:46:36,16,720
KDS-ORD-20260925-10895,ORD-20260925-10895,MCH-113,DEV-113-POS,2026-09-25 18:59:20,2026-09-25 18:59:40,2026-09-25 19:00:19,2026-09-25 19:12:55,2,720
KDS-ORD-20260925-10896,ORD-20260925-10896,MCH-103,DEV-103-POS,2026-09-25 10:27:00,2026-09-25 10:27:20,2026-09-25 10:27:18,2026-09-25 10:40:06,3,720
KDS-ORD-20260925-10897,ORD-20260925-10897,MCH-101,DEV-101-POS,2026-09-25 11:48:42,2026-09-25 11:49:02,2026-09-25 11:49:24,2026-09-25 12:04:31,6,720
KDS-ORD-20260925-10898,ORD-20260925-10898,MCH-105,DEV-105-POS,2026-09-25 21:16:29,2026-09-25 21:16:49,2026-09-25 21:17:05,2026-09-25 21:50:28,16,900
KDS-ORD-20260925-10899,ORD-20260925-10899,MCH-103,DEV-103-POS,2026-09-25 02:20:38,2026-09-25 02:20:58,2026-09-25 02:21:01,2026-09-25 02:39:35,4,720
KDS-ORD-20260925-10900,ORD-20260925-10900,MCH-106,DEV-106-POS,2026-09-25 07:37:33,2026-09-25 07:37:53,2026-09-25 07:38:06,2026-09-25 07:52:16,5,720
KDS-ORD-20260925-10901,ORD-20260925-10901,MCH-113,DEV-113-POS,2026-09-25 10:04:05,2026-09-25 10:04:25,2026-09-25 10:04:21,2026-09-25 10:19:44,5,720
KDS-ORD-20260925-10902,ORD-20260925-10902,MCH-103,DEV-103-POS,2026-09-25 05:24:40,2026-09-25 05:25:00,2026-09-25 05:25:32,2026-09-25 05:42:31,3,720
KDS-ORD-20260925-10903,ORD-20260925-10903,MCH-110,DEV-110-POS,2026-09-25 10:58:40,2026-09-25 10:59:00,2026-09-25 10:59:37,2026-09-25 11:13:47,2,720
KDS-ORD-20260925-10904,ORD-20260925-10904,MCH-107,DEV-107-POS,2026-09-25 16:59:58,2026-09-25 17:00:18,2026-09-25 17:00:58,2026-09-25 17:18:07,2,900
KDS-ORD-20260925-10905,ORD-20260925-10905,MCH-108,DEV-108-POS,2026-09-25 13:31:11,2026-09-25 13:31:31,2026-09-25 13:31:37,,9,900
KDS-ORD-20260925-10906,ORD-20260925-10906,MCH-115,DEV-115-POS,2026-09-25 21:22:46,2026-09-25 21:23:06,2026-09-25 21:23:15,2026-09-25 21:56:40,11,1080
KDS-ORD-20260925-10907,ORD-20260925-10907,MCH-101,DEV-101-POS,2026-09-25 20:39:20,2026-09-25 20:39:40,2026-09-25 20:39:55,2026-09-25 21:04:45,8,720
KDS-ORD-20260925-10908,ORD-20260925-10908,MCH-106,DEV-106-POS,2026-09-25 12:04:28,2026-09-25 12:04:48,2026-09-25 12:04:54,2026-09-25 12:31:00,6,720
KDS-ORD-20260925-10909,ORD-20260925-10909,MCH-113,DEV-113-POS,2026-09-25 11:44:09,2026-09-25 11:44:29,2026-09-25 11:45:07,2026-09-25 12:02:15,5,720
KDS-ORD-20260925-10910,ORD-20260925-10910,MCH-105,DEV-105-POS,2026-09-25 12:07:10,2026-09-25 12:07:30,2026-09-25 12:07:34,2026-09-25 12:40:22,10,900
KDS-ORD-20260925-10911,ORD-20260925-10911,MCH-103,DEV-103-POS,2026-09-25 17:46:55,2026-09-25 17:47:15,2026-09-25 17:47:46,2026-09-25 18:00:41,3,720
KDS-ORD-20260925-10912,ORD-20260925-10912,MCH-104,DEV-104-POS,2026-09-25 11:27:02,2026-09-25 11:27:22,2026-09-25 11:27:34,2026-09-25 11:48:21,6,1080
KDS-ORD-20260925-10913,ORD-20260925-10913,MCH-112,DEV-112-POS,2026-09-25 18:38:14,2026-09-25 18:38:34,2026-09-25 18:38:52,2026-09-25 18:58:18,5,900
KDS-ORD-20260925-10914,ORD-20260925-10914,MCH-109,DEV-109-POS,2026-09-25 13:33:23,2026-09-25 13:33:43,2026-09-25 13:33:39,,14,900
KDS-ORD-20260925-10915,ORD-20260925-10915,MCH-109,DEV-109-POS,2026-09-25 15:39:24,2026-09-25 15:39:44,2026-09-25 15:40:04,2026-09-25 15:59:23,5,900
KDS-ORD-20260925-10916,ORD-20260925-10916,MCH-108,DEV-108-POS,2026-09-25 13:23:43,2026-09-25 13:24:03,2026-09-25 13:24:36,2026-09-25 14:01:00,14,900
KDS-ORD-20260925-10917,ORD-20260925-10917,MCH-104,DEV-104-POS,2026-09-25 11:03:27,2026-09-25 11:03:47,2026-09-25 11:04:15,2026-09-25 11:25:11,4,1080
KDS-ORD-20260925-10918,ORD-20260925-10918,MCH-104,DEV-104-POS,2026-09-25 22:20:41,2026-09-25 22:21:01,2026-09-25 22:21:38,2026-09-25 22:43:50,5,1080
KDS-ORD-20260925-10919,ORD-20260925-10919,MCH-110,DEV-110-POS,2026-09-25 19:49:04,2026-09-25 19:49:24,2026-09-25 19:49:42,2026-09-25 20:18:02,14,720
KDS-ORD-20260925-10920,ORD-20260925-10920,MCH-111,DEV-111-POS,2026-09-25 09:50:52,2026-09-25 09:51:12,2026-09-25 09:51:31,2026-09-25 10:13:18,4,1080
KDS-ORD-20260925-10921,ORD-20260925-10921,MCH-101,DEV-101-POS,2026-09-25 20:34:10,2026-09-25 20:34:30,2026-09-25 20:35:08,2026-09-25 21:13:39,15,720
KDS-ORD-20260925-10922,ORD-20260925-10922,MCH-115,DEV-115-POS,2026-09-25 14:51:19,2026-09-25 14:51:39,2026-09-25 14:52:15,2026-09-25 15:30:57,8,1080
KDS-ORD-20260925-10923,ORD-20260925-10923,MCH-103,DEV-103-POS,2026-09-25 21:58:28,2026-09-25 21:58:48,2026-09-25 21:59:22,2026-09-25 22:28:26,9,720
KDS-ORD-20260925-10924,ORD-20260925-10924,MCH-106,DEV-106-POS,2026-09-25 20:29:57,2026-09-25 20:30:17,2026-09-25 20:30:37,2026-09-25 20:53:48,10,720
KDS-ORD-20260925-10925,ORD-20260925-10925,MCH-114,DEV-114-POS,2026-09-25 13:45:28,2026-09-25 13:45:48,2026-09-25 13:45:51,2026-09-25 14:07:42,6,720
KDS-ORD-20260925-10926,ORD-20260925-10926,MCH-105,DEV-105-POS,2026-09-25 04:18:11,2026-09-25 04:18:31,2026-09-25 04:18:58,2026-09-25 04:41:31,4,900
KDS-ORD-20260925-10927,ORD-20260925-10927,MCH-108,DEV-108-POS,2026-09-25 11:47:44,2026-09-25 11:48:04,2026-09-25 11:48:21,2026-09-25 12:04:18,3,900
KDS-ORD-20260925-10928,ORD-20260925-10928,MCH-105,DEV-105-POS,2026-09-25 15:13:23,2026-09-25 15:13:43,2026-09-25 15:13:47,2026-09-25 15:35:09,6,900
KDS-ORD-20260925-10929,ORD-20260925-10929,MCH-111,DEV-111-POS,2026-09-25 18:40:43,2026-09-25 18:41:03,2026-09-25 18:41:33,2026-09-25 19:03:40,5,1080
KDS-ORD-20260925-10930,ORD-20260925-10930,MCH-103,DEV-103-POS,2026-09-25 11:35:22,2026-09-25 11:35:42,2026-09-25 11:35:47,2026-09-25 11:53:27,3,720
KDS-ORD-20260925-10931,ORD-20260925-10931,MCH-106,DEV-106-POS,2026-09-25 09:10:22,2026-09-25 09:10:42,2026-09-25 09:11:16,2026-09-25 09:27:21,2,720
KDS-ORD-20260925-10932,ORD-20260925-10932,MCH-104,DEV-104-POS,2026-09-25 20:34:57,2026-09-25 20:35:17,2026-09-25 20:35:55,2026-09-25 21:22:14,16,1080
KDS-ORD-20260925-10933,ORD-20260925-10933,MCH-114,DEV-114-POS,2026-09-25 22:52:49,2026-09-25 22:53:09,2026-09-25 22:53:15,2026-09-25 23:07:44,2,720
KDS-ORD-20260925-10934,ORD-20260925-10934,MCH-101,DEV-101-POS,2026-09-25 15:44:48,2026-09-25 15:45:08,2026-09-25 15:45:33,2026-09-25 16:01:49,4,720
KDS-ORD-20260925-10935,ORD-20260925-10935,MCH-115,DEV-115-POS,2026-09-25 09:03:46,2026-09-25 09:04:06,2026-09-25 09:04:25,2026-09-25 09:24:30,2,1080
KDS-ORD-20260925-10936,ORD-20260925-10936,MCH-103,DEV-103-POS,2026-09-25 11:55:27,2026-09-25 11:55:47,2026-09-25 11:55:43,2026-09-25 12:13:43,6,720
KDS-ORD-20260925-10937,ORD-20260925-10937,MCH-105,DEV-105-POS,2026-09-25 03:49:46,2026-09-25 03:50:06,2026-09-25 03:50:15,2026-09-25 04:09:42,5,900
KDS-ORD-20260925-10938,ORD-20260925-10938,MCH-108,DEV-108-POS,2026-09-25 21:13:23,2026-09-25 21:13:43,2026-09-25 21:13:50,2026-09-25 21:44:18,7,900
KDS-ORD-20260925-10939,ORD-20260925-10939,MCH-107,DEV-107-POS,2026-09-25 08:57:52,2026-09-25 08:58:12,2026-09-25 08:58:14,2026-09-25 09:15:01,2,900
KDS-ORD-20260925-10940,ORD-20260925-10940,MCH-103,DEV-103-POS,2026-09-25 16:49:10,2026-09-25 16:49:30,2026-09-25 16:49:53,2026-09-25 17:03:08,3,720
KDS-ORD-20260925-10941,ORD-20260925-10941,MCH-113,DEV-113-POS,2026-09-25 11:16:32,2026-09-25 11:16:52,2026-09-25 11:17:26,2026-09-25 11:30:53,2,720
KDS-ORD-20260925-10942,ORD-20260925-10942,MCH-110,DEV-110-POS,2026-09-25 15:37:10,2026-09-25 15:37:30,2026-09-25 15:37:42,2026-09-25 15:55:32,5,720
KDS-ORD-20260925-10943,ORD-20260925-10943,MCH-115,DEV-115-POS,2026-09-25 18:14:05,2026-09-25 18:14:25,2026-09-25 18:14:30,2026-09-25 18:35:56,4,1080
KDS-ORD-20260925-10944,ORD-20260925-10944,MCH-115,DEV-115-POS,2026-09-25 20:30:10,2026-09-25 20:30:30,2026-09-25 20:30:41,2026-09-25 21:00:05,6,1080
KDS-ORD-20260925-10945,ORD-20260925-10945,MCH-115,DEV-115-POS,2026-09-25 10:18:25,2026-09-25 10:18:45,2026-09-25 10:18:57,2026-09-25 10:37:49,2,1080
KDS-ORD-20260925-10946,ORD-20260925-10946,MCH-109,DEV-109-POS,2026-09-25 01:27:59,2026-09-25 01:28:19,2026-09-25 01:28:38,2026-09-25 01:48:37,6,900
KDS-ORD-20260925-10947,ORD-20260925-10947,MCH-101,DEV-101-POS,2026-09-25 09:43:15,2026-09-25 09:43:35,2026-09-25 09:44:01,2026-09-25 10:00:29,4,720
KDS-ORD-20260925-10948,ORD-20260925-10948,MCH-108,DEV-108-POS,2026-09-25 21:20:07,2026-09-25 21:20:27,2026-09-25 21:20:46,2026-09-25 21:59:54,14,900
KDS-ORD-20260925-10949,ORD-20260925-10949,MCH-103,DEV-103-POS,2026-09-25 21:23:10,2026-09-25 21:23:30,2026-09-25 21:23:40,2026-09-25 21:59:24,15,720
KDS-ORD-20260925-10950,ORD-20260925-10950,MCH-109,DEV-109-POS,2026-09-25 17:53:15,2026-09-25 17:53:35,2026-09-25 17:54:10,2026-09-25 18:12:57,3,900
KDS-ORD-20260925-10951,ORD-20260925-10951,MCH-111,DEV-111-POS,2026-09-25 17:32:34,2026-09-25 17:32:54,2026-09-25 17:32:53,2026-09-25 17:56:03,4,1080
KDS-ORD-20260925-10952,ORD-20260925-10952,MCH-103,DEV-103-POS,2026-09-25 18:00:29,2026-09-25 18:00:49,2026-09-25 18:00:46,2026-09-25 18:19:00,6,720
KDS-ORD-20260925-10953,ORD-20260925-10953,MCH-111,DEV-111-POS,2026-09-25 09:18:24,2026-09-25 09:18:44,2026-09-25 09:19:00,2026-09-25 09:41:31,5,1080
KDS-ORD-20260925-10954,ORD-20260925-10954,MCH-103,DEV-103-POS,2026-09-25 21:23:57,2026-09-25 21:24:17,2026-09-25 21:24:13,2026-09-25 21:46:16,6,720
KDS-ORD-20260925-10955,ORD-20260925-10955,MCH-108,DEV-108-POS,2026-09-25 13:15:25,2026-09-25 13:15:45,2026-09-25 13:15:47,2026-09-25 13:50:55,11,900
KDS-ORD-20260925-10956,ORD-20260925-10956,MCH-105,DEV-105-POS,2026-09-25 12:51:09,2026-09-25 12:51:29,2026-09-25 12:51:55,2026-09-25 13:27:14,12,900
KDS-ORD-20260925-10957,ORD-20260925-10957,MCH-115,DEV-115-POS,2026-09-25 14:03:03,2026-09-25 14:03:23,2026-09-25 14:04:01,2026-09-25 14:38:35,9,1080
KDS-ORD-20260925-10958,ORD-20260925-10958,MCH-108,DEV-108-POS,2026-09-25 06:44:32,2026-09-25 06:44:52,2026-09-25 06:45:13,2026-09-25 07:04:55,5,900
KDS-ORD-20260925-10959,ORD-20260925-10959,MCH-102,DEV-102-POS,2026-09-25 09:45:01,2026-09-25 09:45:21,2026-09-25 09:45:41,2026-09-25 09:57:55,2,720
KDS-ORD-20260925-10960,ORD-20260925-10960,MCH-109,DEV-109-POS,2026-09-25 19:31:35,2026-09-25 19:31:55,2026-09-25 19:32:01,2026-09-25 20:04:00,9,900
KDS-ORD-20260925-10961,ORD-20260925-10961,MCH-102,DEV-102-POS,2026-09-25 07:50:08,2026-09-25 07:50:28,2026-09-25 07:50:23,2026-09-25 08:05:13,2,720
KDS-ORD-20260925-10962,ORD-20260925-10962,MCH-101,DEV-101-POS,2026-09-25 17:51:42,2026-09-25 17:52:02,2026-09-25 17:52:05,2026-09-25 18:04:57,5,720
KDS-ORD-20260925-10963,ORD-20260925-10963,MCH-107,DEV-107-POS,2026-09-25 11:07:51,2026-09-25 11:08:11,2026-09-25 11:08:45,2026-09-25 11:26:21,5,900
KDS-ORD-20260925-10964,ORD-20260925-10964,MCH-108,DEV-108-POS,2026-09-25 12:42:58,2026-09-25 12:43:18,2026-09-25 12:43:57,2026-09-25 13:15:04,8,900
KDS-ORD-20260925-10965,ORD-20260925-10965,MCH-106,DEV-106-POS,2026-09-25 11:09:41,2026-09-25 11:10:01,2026-09-25 11:10:22,2026-09-25 11:24:55,2,720
KDS-ORD-20260925-10966,ORD-20260925-10966,MCH-102,DEV-102-POS,2026-09-25 12:54:18,2026-09-25 12:54:38,2026-09-25 12:55:00,2026-09-25 13:27:01,12,720
KDS-ORD-20260925-10967,ORD-20260925-10967,MCH-111,DEV-111-POS,2026-09-25 19:14:55,2026-09-25 19:15:15,2026-09-25 19:15:40,2026-09-25 20:04:11,16,1080
KDS-ORD-20260925-10968,ORD-20260925-10968,MCH-102,DEV-102-POS,2026-09-25 11:38:21,2026-09-25 11:38:41,2026-09-25 11:39:14,2026-09-25 11:54:23,6,720
KDS-ORD-20260925-10969,ORD-20260925-10969,MCH-106,DEV-106-POS,2026-09-25 16:13:23,2026-09-25 16:13:43,2026-09-25 16:13:58,2026-09-25 16:28:03,2,720
KDS-ORD-20260925-10970,ORD-20260925-10970,MCH-104,DEV-104-POS,2026-09-25 13:54:43,2026-09-25 13:55:03,2026-09-25 13:55:06,2026-09-25 14:28:42,7,1080
KDS-ORD-20260925-10971,ORD-20260925-10971,MCH-110,DEV-110-POS,2026-09-25 18:18:53,2026-09-25 18:19:13,2026-09-25 18:19:18,2026-09-25 18:36:27,5,720
KDS-ORD-20260925-10972,ORD-20260925-10972,MCH-104,DEV-104-POS,2026-09-25 21:29:49,2026-09-25 21:30:09,2026-09-25 21:30:18,2026-09-25 22:06:33,14,1080
KDS-ORD-20260925-10973,ORD-20260925-10973,MCH-115,DEV-115-POS,2026-09-25 19:09:53,2026-09-25 19:10:13,2026-09-25 19:10:19,2026-09-25 19:44:50,8,1080
KDS-ORD-20260925-10974,ORD-20260925-10974,MCH-106,DEV-106-POS,2026-09-25 10:29:26,2026-09-25 10:29:46,2026-09-25 10:29:59,2026-09-25 10:43:54,3,720
KDS-ORD-20260925-10975,ORD-20260925-10975,MCH-114,DEV-114-POS,2026-09-25 05:37:41,2026-09-25 05:38:01,2026-09-25 05:38:15,2026-09-25 05:54:15,3,720
KDS-ORD-20260925-10976,ORD-20260925-10976,MCH-103,DEV-103-POS,2026-09-25 11:26:20,2026-09-25 11:26:40,2026-09-25 11:26:48,2026-09-25 11:41:54,4,720
KDS-ORD-20260925-10977,ORD-20260925-10977,MCH-115,DEV-115-POS,2026-09-25 17:08:58,2026-09-25 17:09:18,2026-09-25 17:09:29,2026-09-25 17:29:58,5,1080
KDS-ORD-20260925-10978,ORD-20260925-10978,MCH-101,DEV-101-POS,2026-09-25 06:57:18,2026-09-25 06:57:38,2026-09-25 06:58:07,2026-09-25 07:12:24,6,720
KDS-ORD-20260925-10979,ORD-20260925-10979,MCH-114,DEV-114-POS,2026-09-25 14:34:49,2026-09-25 14:35:09,2026-09-25 14:35:44,2026-09-25 15:03:31,13,720
KDS-ORD-20260925-10980,ORD-20260925-10980,MCH-113,DEV-113-POS,2026-09-25 17:00:42,2026-09-25 17:01:02,2026-09-25 17:01:21,2026-09-25 17:15:05,3,720
KDS-ORD-20260925-10981,ORD-20260925-10981,MCH-103,DEV-103-POS,2026-09-25 12:14:09,2026-09-25 12:14:29,2026-09-25 12:14:30,2026-09-25 12:37:08,6,720
KDS-ORD-20260925-10982,ORD-20260925-10982,MCH-111,DEV-111-POS,2026-09-25 20:30:27,2026-09-25 20:30:47,2026-09-25 20:31:04,2026-09-25 21:05:15,8,1080
KDS-ORD-20260925-10983,ORD-20260925-10983,MCH-106,DEV-106-POS,2026-09-25 08:15:52,2026-09-25 08:16:12,2026-09-25 08:16:49,2026-09-25 08:30:52,3,720
KDS-ORD-20260925-10984,ORD-20260925-10984,MCH-114,DEV-114-POS,2026-09-25 07:47:28,2026-09-25 07:47:48,2026-09-25 07:48:05,2026-09-25 08:00:24,4,720
KDS-ORD-20260925-10985,ORD-20260925-10985,MCH-114,DEV-114-POS,2026-09-25 19:06:47,2026-09-25 19:07:07,2026-09-25 19:07:22,2026-09-25 19:39:30,13,720
KDS-ORD-20260925-10986,ORD-20260925-10986,MCH-101,DEV-101-POS,2026-09-25 14:15:55,2026-09-25 14:16:15,2026-09-25 14:16:28,2026-09-25 14:42:44,9,720
KDS-ORD-20260925-10987,ORD-20260925-10987,MCH-110,DEV-110-POS,2026-09-25 19:42:45,2026-09-25 19:43:05,2026-09-25 19:43:25,2026-09-25 20:13:31,9,720
KDS-ORD-20260925-10988,ORD-20260925-10988,MCH-104,DEV-104-POS,2026-09-25 13:44:38,2026-09-25 13:44:58,2026-09-25 13:45:22,2026-09-25 14:30:07,15,1080
KDS-ORD-20260925-10989,ORD-20260925-10989,MCH-113,DEV-113-POS,2026-09-25 11:44:16,2026-09-25 11:44:36,2026-09-25 11:44:41,2026-09-25 11:58:07,3,720
KDS-ORD-20260925-10990,ORD-20260925-10990,MCH-110,DEV-110-POS,2026-09-25 20:08:07,2026-09-25 20:08:27,2026-09-25 20:08:29,2026-09-25 20:42:15,14,720
KDS-ORD-20260925-10991,ORD-20260925-10991,MCH-109,DEV-109-POS,2026-09-25 20:24:27,2026-09-25 20:24:47,2026-09-25 20:25:18,2026-09-25 20:55:22,12,900
KDS-ORD-20260925-10992,ORD-20260925-10992,MCH-108,DEV-108-POS,2026-09-25 19:50:31,2026-09-25 19:50:51,2026-09-25 19:50:58,2026-09-25 20:22:44,8,900
KDS-ORD-20260925-10993,ORD-20260925-10993,MCH-114,DEV-114-POS,2026-09-25 11:45:40,2026-09-25 11:46:00,2026-09-25 11:45:56,2026-09-25 11:59:18,2,720
KDS-ORD-20260925-10994,ORD-20260925-10994,MCH-112,DEV-112-POS,2026-09-25 17:22:16,2026-09-25 17:22:36,2026-09-25 17:23:03,2026-09-25 17:39:55,3,900
KDS-ORD-20260925-10995,ORD-20260925-10995,MCH-107,DEV-107-POS,2026-09-25 12:44:26,2026-09-25 12:44:46,2026-09-25 12:45:24,,9,900
KDS-ORD-20260925-10996,ORD-20260925-10996,MCH-104,DEV-104-POS,2026-09-25 07:21:38,2026-09-25 07:21:58,2026-09-25 07:22:28,2026-09-25 07:44:06,3,1080
KDS-ORD-20260925-10997,ORD-20260925-10997,MCH-106,DEV-106-POS,2026-09-25 21:12:56,2026-09-25 21:13:16,2026-09-25 21:13:38,,15,720
KDS-ORD-20260925-10998,ORD-20260925-10998,MCH-113,DEV-113-POS,2026-09-25 09:12:35,2026-09-25 09:12:55,2026-09-25 09:13:11,2026-09-25 09:30:09,3,720
KDS-ORD-20260925-10999,ORD-20260925-10999,MCH-110,DEV-110-POS,2026-09-25 22:57:30,2026-09-25 22:57:50,2026-09-25 22:58:23,2026-09-25 23:11:41,2,720
KDS-ORD-20260925-11000,ORD-20260925-11000,MCH-103,DEV-103-POS,2026-09-25 13:06:53,2026-09-25 13:07:13,2026-09-25 13:07:41,2026-09-25 13:34:45,8,720
KDS-ORD-20260925-11001,ORD-20260925-11001,MCH-101,DEV-101-POS,2026-09-25 10:56:22,2026-09-25 10:56:42,2026-09-25 10:57:09,2026-09-25 11:17:39,6,720
KDS-ORD-20260925-11002,ORD-20260925-11002,MCH-113,DEV-113-POS,2026-09-25 15:09:26,2026-09-25 15:09:46,2026-09-25 15:10:01,2026-09-25 15:25:21,5,720
KDS-ORD-20260925-11003,ORD-20260925-11003,MCH-109,DEV-109-POS,2026-09-25 21:59:59,2026-09-25 22:00:19,2026-09-25 22:00:30,2026-09-25 22:27:34,7,900
KDS-ORD-20260925-11004,ORD-20260925-11004,MCH-114,DEV-114-POS,2026-09-25 19:58:25,2026-09-25 19:58:45,2026-09-25 19:59:07,2026-09-25 20:23:48,7,720
KDS-ORD-20260925-11005,ORD-20260925-11005,MCH-103,DEV-103-POS,2026-09-25 20:24:26,2026-09-25 20:24:46,2026-09-25 20:25:12,2026-09-25 20:47:16,8,720
KDS-ORD-20260925-11006,ORD-20260925-11006,MCH-107,DEV-107-POS,2026-09-25 18:02:09,2026-09-25 18:02:29,2026-09-25 18:02:48,2026-09-25 18:22:22,4,900
KDS-ORD-20260925-11007,ORD-20260925-11007,MCH-107,DEV-107-POS,2026-09-25 19:47:10,2026-09-25 19:47:30,2026-09-25 19:47:29,2026-09-25 20:26:09,11,900
KDS-ORD-20260925-11008,ORD-20260925-11008,MCH-109,DEV-109-POS,2026-09-25 20:59:09,2026-09-25 20:59:29,2026-09-25 20:59:49,2026-09-25 21:37:22,14,900
KDS-ORD-20260925-11009,ORD-20260925-11009,MCH-109,DEV-109-POS,2026-09-25 11:45:04,2026-09-25 11:45:24,2026-09-25 11:45:40,2026-09-25 12:04:14,5,900
KDS-ORD-20260925-11010,ORD-20260925-11010,MCH-109,DEV-109-POS,2026-09-25 14:55:37,2026-09-25 14:55:57,2026-09-25 14:56:34,2026-09-25 15:28:55,14,900
KDS-ORD-20260925-11011,ORD-20260925-11011,MCH-115,DEV-115-POS,2026-09-25 10:56:14,2026-09-25 10:56:34,2026-09-25 10:57:07,2026-09-25 11:18:33,5,1080
KDS-ORD-20260925-11012,ORD-20260925-11012,MCH-102,DEV-102-POS,2026-09-25 23:49:53,2026-09-25 23:50:13,2026-09-25 23:50:15,2026-09-26 00:05:14,5,720
KDS-ORD-20260925-11013,ORD-20260925-11013,MCH-112,DEV-112-POS,2026-09-25 21:41:29,2026-09-25 21:41:49,2026-09-25 21:42:21,2026-09-25 22:08:56,6,900
KDS-ORD-20260925-11014,ORD-20260925-11014,MCH-109,DEV-109-POS,2026-09-25 05:37:21,2026-09-25 05:37:41,2026-09-25 05:38:02,2026-09-25 05:56:10,4,900
KDS-ORD-20260925-11015,ORD-20260925-11015,MCH-114,DEV-114-POS,2026-09-25 19:57:51,2026-09-25 19:58:11,2026-09-25 19:58:16,2026-09-25 20:35:03,15,720
KDS-ORD-20260925-11016,ORD-20260925-11016,MCH-112,DEV-112-POS,2026-09-25 21:43:23,2026-09-25 21:43:43,2026-09-25 21:43:54,2026-09-25 22:25:03,16,900
KDS-ORD-20260925-11017,ORD-20260925-11017,MCH-103,DEV-103-POS,2026-09-25 10:50:11,2026-09-25 10:50:31,2026-09-25 10:50:46,2026-09-25 11:04:47,4,720
KDS-ORD-20260925-11018,ORD-20260925-11018,MCH-102,DEV-102-POS,2026-09-25 16:30:15,2026-09-25 16:30:35,2026-09-25 16:31:08,2026-09-25 16:48:47,6,720
KDS-ORD-20260925-11019,ORD-20260925-11019,MCH-107,DEV-107-POS,2026-09-25 21:59:59,2026-09-25 22:00:19,2026-09-25 22:00:36,2026-09-25 22:28:04,6,900
KDS-ORD-20260925-11020,ORD-20260925-11020,MCH-104,DEV-104-POS,2026-09-25 05:39:45,2026-09-25 05:40:05,2026-09-25 05:40:10,2026-09-25 06:06:11,6,1080
KDS-ORD-20260925-11021,ORD-20260925-11021,MCH-114,DEV-114-POS,2026-09-25 19:28:33,2026-09-25 19:28:53,2026-09-25 19:29:13,2026-09-25 19:55:16,10,720
KDS-ORD-20260925-11022,ORD-20260925-11022,MCH-105,DEV-105-POS,2026-09-25 11:25:36,2026-09-25 11:25:56,2026-09-25 11:26:26,2026-09-25 11:43:11,5,900
KDS-ORD-20260925-11023,ORD-20260925-11023,MCH-112,DEV-112-POS,2026-09-25 21:30:20,2026-09-25 21:30:40,2026-09-25 21:31:10,2026-09-25 22:05:48,12,900
KDS-ORD-20260925-11024,ORD-20260925-11024,MCH-102,DEV-102-POS,2026-09-25 22:14:54,2026-09-25 22:15:14,2026-09-25 22:15:34,2026-09-25 22:31:45,5,720
KDS-ORD-20260925-11025,ORD-20260925-11025,MCH-111,DEV-111-POS,2026-09-25 21:55:28,2026-09-25 21:55:48,2026-09-25 21:55:52,2026-09-25 22:36:59,13,1080
KDS-ORD-20260925-11026,ORD-20260925-11026,MCH-102,DEV-102-POS,2026-09-25 13:14:57,2026-09-25 13:15:17,2026-09-25 13:15:37,2026-09-25 13:42:31,15,720
KDS-ORD-20260925-11027,ORD-20260925-11027,MCH-104,DEV-104-POS,2026-09-25 20:35:41,2026-09-25 20:36:01,2026-09-25 20:36:40,2026-09-25 21:23:12,15,1080
KDS-ORD-20260925-11028,ORD-20260925-11028,MCH-105,DEV-105-POS,2026-09-25 20:03:22,2026-09-25 20:03:42,2026-09-25 20:04:17,2026-09-25 20:32:43,7,900
KDS-ORD-20260925-11029,ORD-20260925-11029,MCH-102,DEV-102-POS,2026-09-25 12:09:14,2026-09-25 12:09:34,2026-09-25 12:09:34,2026-09-25 12:37:40,7,720
KDS-ORD-20260925-11030,ORD-20260925-11030,MCH-109,DEV-109-POS,2026-09-25 20:48:36,2026-09-25 20:48:56,2026-09-25 20:49:11,2026-09-25 21:19:28,9,900
KDS-ORD-20260925-11031,ORD-20260925-11031,MCH-109,DEV-109-POS,2026-09-25 05:12:24,2026-09-25 05:12:44,2026-09-25 05:13:09,2026-09-25 05:32:39,4,900
KDS-ORD-20260925-11032,ORD-20260925-11032,MCH-103,DEV-103-POS,2026-09-25 17:26:43,2026-09-25 17:27:03,2026-09-25 17:27:43,2026-09-25 17:46:53,6,720
KDS-ORD-20260925-11033,ORD-20260925-11033,MCH-103,DEV-103-POS,2026-09-25 10:55:02,2026-09-25 10:55:22,2026-09-25 10:55:19,2026-09-25 11:13:47,5,720
KDS-ORD-20260925-11034,ORD-20260925-11034,MCH-109,DEV-109-POS,2026-09-25 08:52:35,2026-09-25 08:52:55,2026-09-25 08:53:33,2026-09-25 09:10:36,3,900
KDS-ORD-20260925-11035,ORD-20260925-11035,MCH-103,DEV-103-POS,2026-09-25 07:49:58,2026-09-25 07:50:18,2026-09-25 07:50:17,2026-09-25 08:03:00,3,720
KDS-ORD-20260925-11036,ORD-20260925-11036,MCH-102,DEV-102-POS,2026-09-25 19:03:55,2026-09-25 19:04:15,2026-09-25 19:04:22,,16,720
KDS-ORD-20260925-11037,ORD-20260925-11037,MCH-115,DEV-115-POS,2026-09-25 12:19:55,2026-09-25 12:20:15,2026-09-25 12:20:30,2026-09-25 12:55:46,8,1080
KDS-ORD-20260925-11038,ORD-20260925-11038,MCH-106,DEV-106-POS,2026-09-25 19:39:19,2026-09-25 19:39:39,2026-09-25 19:39:36,,11,720
KDS-ORD-20260925-11039,ORD-20260925-11039,MCH-105,DEV-105-POS,2026-09-25 07:12:32,2026-09-25 07:12:52,2026-09-25 07:13:14,2026-09-25 07:34:54,6,900
KDS-ORD-20260925-11040,ORD-20260925-11040,MCH-105,DEV-105-POS,2026-09-25 12:04:17,2026-09-25 12:04:37,2026-09-25 12:04:46,2026-09-25 12:39:54,15,900
KDS-ORD-20260925-11041,ORD-20260925-11041,MCH-113,DEV-113-POS,2026-09-25 15:51:12,2026-09-25 15:51:32,2026-09-25 15:52:09,2026-09-25 16:07:31,4,720
KDS-ORD-20260925-11042,ORD-20260925-11042,MCH-106,DEV-106-POS,2026-09-25 20:34:01,2026-09-25 20:34:21,2026-09-25 20:34:23,2026-09-25 20:54:17,7,720
KDS-ORD-20260925-11043,ORD-20260925-11043,MCH-107,DEV-107-POS,2026-09-25 12:37:10,2026-09-25 12:37:30,2026-09-25 12:37:54,,7,900
KDS-ORD-20260925-11044,ORD-20260925-11044,MCH-106,DEV-106-POS,2026-09-25 18:53:49,2026-09-25 18:54:09,2026-09-25 18:54:15,2026-09-25 19:05:33,4,720
KDS-ORD-20260925-11045,ORD-20260925-11045,MCH-103,DEV-103-POS,2026-09-25 21:45:52,2026-09-25 21:46:12,2026-09-25 21:46:21,2026-09-25 22:13:39,10,720
KDS-ORD-20260925-11046,ORD-20260925-11046,MCH-111,DEV-111-POS,2026-09-25 17:27:37,2026-09-25 17:27:57,2026-09-25 17:28:12,2026-09-25 17:45:42,3,1080
KDS-ORD-20260925-11047,ORD-20260925-11047,MCH-108,DEV-108-POS,2026-09-25 11:03:15,2026-09-25 11:03:35,2026-09-25 11:03:35,2026-09-25 11:21:25,4,900
KDS-ORD-20260925-11048,ORD-20260925-11048,MCH-106,DEV-106-POS,2026-09-25 04:04:59,2026-09-25 04:05:19,2026-09-25 04:05:16,2026-09-25 04:20:17,2,720
KDS-ORD-20260925-11049,ORD-20260925-11049,MCH-111,DEV-111-POS,2026-09-25 20:51:01,2026-09-25 20:51:21,2026-09-25 20:52:01,2026-09-25 21:25:15,13,1080
KDS-ORD-20260925-11050,ORD-20260925-11050,MCH-104,DEV-104-POS,2026-09-25 04:45:26,2026-09-25 04:45:46,2026-09-25 04:46:10,2026-09-25 05:05:15,5,1080
KDS-ORD-20260925-11051,ORD-20260925-11051,MCH-109,DEV-109-POS,2026-09-25 21:32:30,2026-09-25 21:32:50,2026-09-25 21:32:51,2026-09-25 22:17:03,16,900
KDS-ORD-20260925-11052,ORD-20260925-11052,MCH-114,DEV-114-POS,2026-09-25 15:14:19,2026-09-25 15:14:39,2026-09-25 15:14:41,2026-09-25 15:29:19,4,720
KDS-ORD-20260925-11053,ORD-20260925-11053,MCH-106,DEV-106-POS,2026-09-25 21:07:08,2026-09-25 21:07:28,2026-09-25 21:07:36,2026-09-25 21:34:23,9,720
KDS-ORD-20260925-11054,ORD-20260925-11054,MCH-115,DEV-115-POS,2026-09-25 20:19:36,2026-09-25 20:19:56,2026-09-25 20:20:20,,11,1080
KDS-ORD-20260925-11055,ORD-20260925-11055,MCH-115,DEV-115-POS,2026-09-25 23:43:09,2026-09-25 23:43:29,2026-09-25 23:43:55,2026-09-26 00:02:12,2,1080
KDS-ORD-20260925-11056,ORD-20260925-11056,MCH-115,DEV-115-POS,2026-09-25 12:24:08,2026-09-25 12:24:28,2026-09-25 12:25:01,,11,1080
KDS-ORD-20260925-11057,ORD-20260925-11057,MCH-109,DEV-109-POS,2026-09-25 21:01:04,2026-09-25 21:01:24,2026-09-25 21:01:36,,11,900
KDS-ORD-20260925-11058,ORD-20260925-11058,MCH-107,DEV-107-POS,2026-09-25 13:22:29,2026-09-25 13:22:49,2026-09-25 13:23:18,2026-09-25 13:58:11,13,900
KDS-ORD-20260925-11059,ORD-20260925-11059,MCH-111,DEV-111-POS,2026-09-25 14:57:12,2026-09-25 14:57:32,2026-09-25 14:57:44,2026-09-25 15:33:29,13,1080
KDS-ORD-20260925-11060,ORD-20260925-11060,MCH-106,DEV-106-POS,2026-09-25 18:19:48,2026-09-25 18:20:08,2026-09-25 18:20:20,2026-09-25 18:35:50,2,720
KDS-ORD-20260925-11061,ORD-20260925-11061,MCH-105,DEV-105-POS,2026-09-25 21:03:23,2026-09-25 21:03:43,2026-09-25 21:04:21,2026-09-25 21:33:04,6,900
KDS-ORD-20260925-11062,ORD-20260925-11062,MCH-103,DEV-103-POS,2026-09-25 22:53:32,2026-09-25 22:53:52,2026-09-25 22:53:54,2026-09-25 23:11:38,4,720
KDS-ORD-20260925-11063,ORD-20260925-11063,MCH-113,DEV-113-POS,2026-09-25 20:58:29,2026-09-25 20:58:49,2026-09-25 20:59:02,2026-09-25 21:25:04,8,720
KDS-ORD-20260925-11064,ORD-20260925-11064,MCH-103,DEV-103-POS,2026-09-25 13:05:09,2026-09-25 13:05:29,2026-09-25 13:05:56,2026-09-25 13:31:27,8,720
KDS-ORD-20260925-11065,ORD-20260925-11065,MCH-101,DEV-101-POS,2026-09-25 13:33:58,2026-09-25 13:34:18,2026-09-25 13:34:34,,12,720
KDS-ORD-20260925-11066,ORD-20260925-11066,MCH-101,DEV-101-POS,2026-09-25 19:01:56,2026-09-25 19:02:16,2026-09-25 19:02:51,2026-09-25 19:35:22,15,720
KDS-ORD-20260925-11067,ORD-20260925-11067,MCH-102,DEV-102-POS,2026-09-25 11:09:01,2026-09-25 11:09:21,2026-09-25 11:09:52,2026-09-25 11:28:00,5,720
KDS-ORD-20260925-11068,ORD-20260925-11068,MCH-104,DEV-104-POS,2026-09-25 08:31:03,2026-09-25 08:31:23,2026-09-25 08:31:57,2026-09-25 08:51:49,4,1080
KDS-ORD-20260925-11069,ORD-20260925-11069,MCH-115,DEV-115-POS,2026-09-25 12:43:03,2026-09-25 12:43:23,2026-09-25 12:43:42,2026-09-25 13:18:43,8,1080
KDS-ORD-20260925-11070,ORD-20260925-11070,MCH-115,DEV-115-POS,2026-09-25 11:12:30,2026-09-25 11:12:50,2026-09-25 11:13:08,2026-09-25 11:33:13,2,1080
KDS-ORD-20260925-11071,ORD-20260925-11071,MCH-115,DEV-115-POS,2026-09-25 11:30:13,2026-09-25 11:30:33,2026-09-25 11:31:03,2026-09-25 11:52:16,4,1080
KDS-ORD-20260925-11072,ORD-20260925-11072,MCH-104,DEV-104-POS,2026-09-25 11:21:52,2026-09-25 11:22:12,2026-09-25 11:22:14,2026-09-25 11:44:57,4,1080
KDS-ORD-20260925-11073,ORD-20260925-11073,MCH-101,DEV-101-POS,2026-09-25 06:54:58,2026-09-25 06:55:18,2026-09-25 06:55:29,2026-09-25 07:10:02,4,720
KDS-ORD-20260925-11074,ORD-20260925-11074,MCH-101,DEV-101-POS,2026-09-25 03:04:55,2026-09-25 03:05:15,2026-09-25 03:05:26,2026-09-25 03:22:24,4,720
KDS-ORD-20260925-11075,ORD-20260925-11075,MCH-115,DEV-115-POS,2026-09-25 23:39:45,2026-09-25 23:40:05,2026-09-25 23:40:23,2026-09-26 00:03:28,6,1080
KDS-ORD-20260925-11076,ORD-20260925-11076,MCH-101,DEV-101-POS,2026-09-25 13:20:36,2026-09-25 13:20:56,2026-09-25 13:21:09,2026-09-25 13:42:10,6,720
KDS-ORD-20260925-11077,ORD-20260925-11077,MCH-109,DEV-109-POS,2026-09-25 12:50:45,2026-09-25 12:51:05,2026-09-25 12:51:29,2026-09-25 13:30:21,15,900
KDS-ORD-20260925-11078,ORD-20260925-11078,MCH-110,DEV-110-POS,2026-09-25 19:48:09,2026-09-25 19:48:29,2026-09-25 19:48:26,2026-09-25 20:08:22,6,720
KDS-ORD-20260925-11079,ORD-20260925-11079,MCH-108,DEV-108-POS,2026-09-25 10:57:51,2026-09-25 10:58:11,2026-09-25 10:58:09,2026-09-25 11:18:26,5,900
KDS-ORD-20260925-11080,ORD-20260925-11080,MCH-114,DEV-114-POS,2026-09-25 22:17:08,2026-09-25 22:17:28,2026-09-25 22:17:55,2026-09-25 22:30:44,2,720
KDS-ORD-20260925-11081,ORD-20260925-11081,MCH-108,DEV-108-POS,2026-09-25 20:56:29,2026-09-25 20:56:49,2026-09-25 20:56:45,2026-09-25 21:22:58,6,900
KDS-ORD-20260925-11082,ORD-20260925-11082,MCH-107,DEV-107-POS,2026-09-25 07:11:44,2026-09-25 07:12:04,2026-09-25 07:12:02,2026-09-25 07:28:55,4,900
KDS-ORD-20260925-11083,ORD-20260925-11083,MCH-104,DEV-104-POS,2026-09-25 13:58:28,2026-09-25 13:58:48,2026-09-25 13:59:20,2026-09-25 14:31:10,6,1080
KDS-ORD-20260925-11084,ORD-20260925-11084,MCH-107,DEV-107-POS,2026-09-25 21:12:34,2026-09-25 21:12:54,2026-09-25 21:13:16,2026-09-25 21:43:41,8,900
KDS-ORD-20260925-11085,ORD-20260925-11085,MCH-106,DEV-106-POS,2026-09-25 21:03:17,2026-09-25 21:03:37,2026-09-25 21:04:05,2026-09-25 21:31:32,9,720
KDS-ORD-20260925-11086,ORD-20260925-11086,MCH-107,DEV-107-POS,2026-09-25 13:01:34,2026-09-25 13:01:54,2026-09-25 13:01:54,2026-09-25 13:32:34,14,900
KDS-ORD-20260925-11087,ORD-20260925-11087,MCH-111,DEV-111-POS,2026-09-25 17:56:08,2026-09-25 17:56:28,2026-09-25 17:56:33,2026-09-25 18:18:00,3,1080
KDS-ORD-20260925-11088,ORD-20260925-11088,MCH-111,DEV-111-POS,2026-09-25 09:38:24,2026-09-25 09:38:44,2026-09-25 09:39:12,2026-09-25 10:03:56,6,1080
KDS-ORD-20260925-11089,ORD-20260925-11089,MCH-103,DEV-103-POS,2026-09-25 23:22:59,2026-09-25 23:23:19,2026-09-25 23:23:58,2026-09-25 23:37:24,2,720
KDS-ORD-20260925-11090,ORD-20260925-11090,MCH-106,DEV-106-POS,2026-09-25 11:51:16,2026-09-25 11:51:36,2026-09-25 11:52:05,2026-09-25 12:06:03,4,720
KDS-ORD-20260925-11091,ORD-20260925-11091,MCH-105,DEV-105-POS,2026-09-25 21:57:44,2026-09-25 21:58:04,2026-09-25 21:58:20,2026-09-25 22:32:10,12,900
KDS-ORD-20260925-11092,ORD-20260925-11092,MCH-109,DEV-109-POS,2026-09-25 18:28:37,2026-09-25 18:28:57,2026-09-25 18:29:23,2026-09-25 18:43:52,2,900
KDS-ORD-20260925-11093,ORD-20260925-11093,MCH-106,DEV-106-POS,2026-09-25 17:00:57,2026-09-25 17:01:17,2026-09-25 17:01:49,2026-09-25 17:12:36,2,720
KDS-ORD-20260925-11094,ORD-20260925-11094,MCH-106,DEV-106-POS,2026-09-25 14:44:42,2026-09-25 14:45:02,2026-09-25 14:45:31,2026-09-25 15:07:40,7,720
KDS-ORD-20260925-11095,ORD-20260925-11095,MCH-113,DEV-113-POS,2026-09-25 11:42:41,2026-09-25 11:43:01,2026-09-25 11:43:08,2026-09-25 12:05:11,6,720
KDS-ORD-20260925-11096,ORD-20260925-11096,MCH-113,DEV-113-POS,2026-09-25 09:34:08,2026-09-25 09:34:28,2026-09-25 09:34:41,2026-09-25 09:52:37,5,720
KDS-ORD-20260925-11097,ORD-20260925-11097,MCH-103,DEV-103-POS,2026-09-25 10:50:50,2026-09-25 10:51:10,2026-09-25 10:51:16,2026-09-25 11:04:24,2,720
KDS-ORD-20260925-11098,ORD-20260925-11098,MCH-105,DEV-105-POS,2026-09-25 10:33:57,2026-09-25 10:34:17,2026-09-25 10:34:28,2026-09-25 10:52:30,3,900
KDS-ORD-20260925-11099,ORD-20260925-11099,MCH-104,DEV-104-POS,2026-09-25 20:45:05,2026-09-25 20:45:25,2026-09-25 20:45:55,2026-09-25 21:15:28,7,1080
KDS-ORD-20260925-11100,ORD-20260925-11100,MCH-108,DEV-108-POS,2026-09-25 12:30:26,2026-09-25 12:30:46,2026-09-25 12:31:12,2026-09-25 13:04:50,16,900
KDS-ORD-20260925-11101,ORD-20260925-11101,MCH-114,DEV-114-POS,2026-09-25 06:52:15,2026-09-25 06:52:35,2026-09-25 06:52:49,2026-09-25 07:07:24,3,720
KDS-ORD-20260925-11102,ORD-20260925-11102,MCH-113,DEV-113-POS,2026-09-25 22:03:12,2026-09-25 22:03:32,2026-09-25 22:03:58,2026-09-25 22:18:58,5,720
KDS-ORD-20260925-11103,ORD-20260925-11103,MCH-113,DEV-113-POS,2026-09-25 21:11:43,2026-09-25 21:12:03,2026-09-25 21:12:39,2026-09-25 21:37:19,7,720
KDS-ORD-20260925-11104,ORD-20260925-11104,MCH-113,DEV-113-POS,2026-09-25 21:33:30,2026-09-25 21:33:50,2026-09-25 21:33:53,2026-09-25 21:58:20,9,720
KDS-ORD-20260925-11105,ORD-20260925-11105,MCH-102,DEV-102-POS,2026-09-25 23:46:54,2026-09-25 23:47:14,2026-09-25 23:47:50,2026-09-26 00:05:05,5,720
KDS-ORD-20260925-11106,ORD-20260925-11106,MCH-110,DEV-110-POS,2026-09-25 09:02:29,2026-09-25 09:02:49,2026-09-25 09:03:13,2026-09-25 09:18:21,2,720
KDS-ORD-20260925-11107,ORD-20260925-11107,MCH-115,DEV-115-POS,2026-09-25 13:37:47,2026-09-25 13:38:07,2026-09-25 13:38:09,2026-09-25 14:12:44,13,1080
KDS-ORD-20260925-11108,ORD-20260925-11108,MCH-111,DEV-111-POS,2026-09-25 19:02:47,2026-09-25 19:03:07,2026-09-25 19:03:13,2026-09-25 19:48:17,14,1080
KDS-ORD-20260925-11109,ORD-20260925-11109,MCH-102,DEV-102-POS,2026-09-25 19:05:57,2026-09-25 19:06:17,2026-09-25 19:06:46,,9,720
KDS-ORD-20260925-11110,ORD-20260925-11110,MCH-110,DEV-110-POS,2026-09-25 09:19:39,2026-09-25 09:19:59,2026-09-25 09:20:34,2026-09-25 09:37:12,4,720
KDS-ORD-20260925-11111,ORD-20260925-11111,MCH-109,DEV-109-POS,2026-09-25 20:10:33,2026-09-25 20:10:53,2026-09-25 20:11:26,2026-09-25 20:40:58,12,900
KDS-ORD-20260925-11112,ORD-20260925-11112,MCH-106,DEV-106-POS,2026-09-25 10:06:14,2026-09-25 10:06:34,2026-09-25 10:06:59,2026-09-25 10:23:44,3,720
KDS-ORD-20260925-11113,ORD-20260925-11113,MCH-105,DEV-105-POS,2026-09-25 10:36:36,2026-09-25 10:36:56,2026-09-25 10:37:14,2026-09-25 10:54:41,2,900
KDS-ORD-20260925-11114,ORD-20260925-11114,MCH-103,DEV-103-POS,2026-09-25 15:43:08,2026-09-25 15:43:28,2026-09-25 15:44:07,2026-09-25 15:59:51,5,720
KDS-ORD-20260925-11115,ORD-20260925-11115,MCH-109,DEV-109-POS,2026-09-25 17:29:59,2026-09-25 17:30:19,2026-09-25 17:30:48,2026-09-25 17:48:29,5,900
KDS-ORD-20260925-11116,ORD-20260925-11116,MCH-111,DEV-111-POS,2026-09-25 16:27:36,2026-09-25 16:27:56,2026-09-25 16:28:24,2026-09-25 16:52:26,5,1080
KDS-ORD-20260925-11117,ORD-20260925-11117,MCH-113,DEV-113-POS,2026-09-25 07:49:44,2026-09-25 07:50:04,2026-09-25 07:50:08,2026-09-25 08:07:50,2,720
KDS-ORD-20260925-11118,ORD-20260925-11118,MCH-108,DEV-108-POS,2026-09-25 21:08:10,2026-09-25 21:08:30,2026-09-25 21:08:57,2026-09-25 21:47:33,15,900
KDS-ORD-20260925-11119,ORD-20260925-11119,MCH-107,DEV-107-POS,2026-09-25 11:38:05,2026-09-25 11:38:25,2026-09-25 11:38:37,2026-09-25 11:56:33,5,900
KDS-ORD-20260925-11120,ORD-20260925-11120,MCH-111,DEV-111-POS,2026-09-25 08:58:34,2026-09-25 08:58:54,2026-09-25 08:58:56,2026-09-25 09:23:19,5,1080
KDS-ORD-20260925-11121,ORD-20260925-11121,MCH-105,DEV-105-POS,2026-09-25 21:25:09,2026-09-25 21:25:29,2026-09-25 21:25:29,2026-09-25 22:00:02,13,900
KDS-ORD-20260925-11122,ORD-20260925-11122,MCH-108,DEV-108-POS,2026-09-25 22:39:00,2026-09-25 22:39:20,2026-09-25 22:39:20,2026-09-25 22:58:23,5,900
KDS-ORD-20260925-11123,ORD-20260925-11123,MCH-106,DEV-106-POS,2026-09-25 20:04:05,2026-09-25 20:04:25,2026-09-25 20:04:44,2026-09-25 20:29:27,6,720
KDS-ORD-20260925-11124,ORD-20260925-11124,MCH-105,DEV-105-POS,2026-09-25 20:08:51,2026-09-25 20:09:11,2026-09-25 20:09:12,2026-09-25 20:42:41,11,900
KDS-ORD-20260925-11125,ORD-20260925-11125,MCH-105,DEV-105-POS,2026-09-25 18:50:41,2026-09-25 18:51:01,2026-09-25 18:51:02,2026-09-25 19:08:40,6,900
KDS-ORD-20260925-11126,ORD-20260925-11126,MCH-102,DEV-102-POS,2026-09-25 15:59:24,2026-09-25 15:59:44,2026-09-25 16:00:11,2026-09-25 16:12:59,3,720
KDS-ORD-20260925-11127,ORD-20260925-11127,MCH-108,DEV-108-POS,2026-09-25 07:07:39,2026-09-25 07:07:59,2026-09-25 07:08:22,2026-09-25 07:27:42,5,900
KDS-ORD-20260925-11128,ORD-20260925-11128,MCH-103,DEV-103-POS,2026-09-25 13:39:28,2026-09-25 13:39:48,2026-09-25 13:39:59,2026-09-25 14:09:56,15,720
KDS-ORD-20260925-11129,ORD-20260925-11129,MCH-103,DEV-103-POS,2026-09-25 12:14:02,2026-09-25 12:14:22,2026-09-25 12:14:24,2026-09-25 12:47:50,13,720
KDS-ORD-20260925-11130,ORD-20260925-11130,MCH-105,DEV-105-POS,2026-09-25 11:59:21,2026-09-25 11:59:41,2026-09-25 11:59:45,2026-09-25 12:14:08,2,900
KDS-ORD-20260925-11131,ORD-20260925-11131,MCH-101,DEV-101-POS,2026-09-25 19:51:21,2026-09-25 19:51:41,2026-09-25 19:52:01,2026-09-25 20:18:33,7,720
KDS-ORD-20260925-11132,ORD-20260925-11132,MCH-101,DEV-101-POS,2026-09-25 14:55:05,2026-09-25 14:55:25,2026-09-25 14:55:56,2026-09-25 15:29:37,11,720
KDS-ORD-20260925-11133,ORD-20260925-11133,MCH-115,DEV-115-POS,2026-09-25 08:00:45,2026-09-25 08:01:05,2026-09-25 08:01:15,2026-09-25 08:20:07,2,1080
KDS-ORD-20260925-11134,ORD-20260925-11134,MCH-108,DEV-108-POS,2026-09-25 10:45:51,2026-09-25 10:46:11,2026-09-25 10:46:26,2026-09-25 11:04:41,3,900
KDS-ORD-20260925-11135,ORD-20260925-11135,MCH-104,DEV-104-POS,2026-09-25 19:31:20,2026-09-25 19:31:40,2026-09-25 19:31:39,2026-09-25 20:06:45,6,1080
KDS-ORD-20260925-11136,ORD-20260925-11136,MCH-109,DEV-109-POS,2026-09-25 07:05:38,2026-09-25 07:05:58,2026-09-25 07:06:00,2026-09-25 07:30:28,6,900
KDS-ORD-20260925-11137,ORD-20260925-11137,MCH-111,DEV-111-POS,2026-09-25 20:33:54,2026-09-25 20:34:14,2026-09-25 20:34:12,2026-09-25 21:05:47,7,1080
KDS-ORD-20260925-11138,ORD-20260925-11138,MCH-102,DEV-102-POS,2026-09-25 14:03:07,2026-09-25 14:03:27,2026-09-25 14:03:59,2026-09-25 14:37:46,13,720
KDS-ORD-20260925-11139,ORD-20260925-11139,MCH-108,DEV-108-POS,2026-09-25 14:35:21,2026-09-25 14:35:41,2026-09-25 14:36:04,2026-09-25 15:02:24,8,900
KDS-ORD-20260925-11140,ORD-20260925-11140,MCH-101,DEV-101-POS,2026-09-25 17:47:19,2026-09-25 17:47:39,2026-09-25 17:47:57,2026-09-25 18:05:31,5,720
KDS-ORD-20260925-11141,ORD-20260925-11141,MCH-104,DEV-104-POS,2026-09-25 20:26:38,2026-09-25 20:26:58,2026-09-25 20:27:32,2026-09-25 21:09:57,13,1080
KDS-ORD-20260925-11142,ORD-20260925-11142,MCH-105,DEV-105-POS,2026-09-25 12:13:51,2026-09-25 12:14:11,2026-09-25 12:14:06,2026-09-25 12:46:22,7,900
KDS-ORD-20260925-11143,ORD-20260925-11143,MCH-111,DEV-111-POS,2026-09-25 19:09:04,2026-09-25 19:09:24,2026-09-25 19:09:20,2026-09-25 19:41:03,10,1080
KDS-ORD-20260925-11144,ORD-20260925-11144,MCH-110,DEV-110-POS,2026-09-25 16:29:59,2026-09-25 16:30:19,2026-09-25 16:30:29,2026-09-25 16:46:50,6,720
KDS-ORD-20260925-11145,ORD-20260925-11145,MCH-109,DEV-109-POS,2026-09-25 11:37:04,2026-09-25 11:37:24,2026-09-25 11:37:29,2026-09-25 11:57:37,3,900
KDS-ORD-20260925-11146,ORD-20260925-11146,MCH-106,DEV-106-POS,2026-09-25 21:55:12,2026-09-25 21:55:32,2026-09-25 21:55:58,2026-09-25 22:30:04,13,720
KDS-ORD-20260925-11147,ORD-20260925-11147,MCH-106,DEV-106-POS,2026-09-25 20:51:40,2026-09-25 20:52:00,2026-09-25 20:52:02,2026-09-25 21:24:08,12,720
KDS-ORD-20260925-11148,ORD-20260925-11148,MCH-105,DEV-105-POS,2026-09-25 18:08:07,2026-09-25 18:08:27,2026-09-25 18:09:00,2026-09-25 18:26:47,3,900
KDS-ORD-20260925-11149,ORD-20260925-11149,MCH-108,DEV-108-POS,2026-09-25 20:34:34,2026-09-25 20:34:54,2026-09-25 20:35:00,2026-09-25 21:11:44,15,900
KDS-ORD-20260925-11150,ORD-20260925-11150,MCH-107,DEV-107-POS,2026-09-25 20:28:26,2026-09-25 20:28:46,2026-09-25 20:29:24,2026-09-25 21:02:40,8,900
KDS-ORD-20260925-11151,ORD-20260925-11151,MCH-111,DEV-111-POS,2026-09-25 19:20:43,2026-09-25 19:21:03,2026-09-25 19:21:16,2026-09-25 19:58:15,11,1080
KDS-ORD-20260925-11152,ORD-20260925-11152,MCH-105,DEV-105-POS,2026-09-25 21:02:53,2026-09-25 21:03:13,2026-09-25 21:03:44,2026-09-25 21:42:20,13,900
KDS-ORD-20260925-11153,ORD-20260925-11153,MCH-107,DEV-107-POS,2026-09-25 19:54:39,2026-09-25 19:54:59,2026-09-25 19:55:17,2026-09-25 20:29:30,13,900
KDS-ORD-20260925-11154,ORD-20260925-11154,MCH-107,DEV-107-POS,2026-09-25 19:15:22,2026-09-25 19:15:42,2026-09-25 19:16:22,2026-09-25 19:53:19,16,900
KDS-ORD-20260925-11155,ORD-20260925-11155,MCH-111,DEV-111-POS,2026-09-25 17:15:32,2026-09-25 17:15:52,2026-09-25 17:16:16,2026-09-25 17:39:51,5,1080
KDS-ORD-20260925-11156,ORD-20260925-11156,MCH-110,DEV-110-POS,2026-09-25 19:14:14,2026-09-25 19:14:34,2026-09-25 19:14:40,2026-09-25 19:55:25,16,720
KDS-ORD-20260925-11157,ORD-20260925-11157,MCH-109,DEV-109-POS,2026-09-25 09:44:32,2026-09-25 09:44:52,2026-09-25 09:45:22,2026-09-25 10:06:49,6,900
KDS-ORD-20260925-11158,ORD-20260925-11158,MCH-109,DEV-109-POS,2026-09-25 21:29:48,2026-09-25 21:30:08,2026-09-25 21:30:31,2026-09-25 22:01:32,13,900
KDS-ORD-20260925-11159,ORD-20260925-11159,MCH-105,DEV-105-POS,2026-09-25 21:14:36,2026-09-25 21:14:56,2026-09-25 21:14:57,2026-09-25 21:43:37,10,900
KDS-ORD-20260925-11160,ORD-20260925-11160,MCH-115,DEV-115-POS,2026-09-25 05:13:01,2026-09-25 05:13:21,2026-09-25 05:13:20,2026-09-25 05:37:05,5,1080
KDS-ORD-20260925-11161,ORD-20260925-11161,MCH-112,DEV-112-POS,2026-09-25 20:24:34,2026-09-25 20:24:54,2026-09-25 20:25:24,2026-09-25 20:59:30,14,900
KDS-ORD-20260925-11162,ORD-20260925-11162,MCH-109,DEV-109-POS,2026-09-25 08:57:22,2026-09-25 08:57:42,2026-09-25 08:58:06,2026-09-25 09:20:18,6,900
KDS-ORD-20260925-11163,ORD-20260925-11163,MCH-111,DEV-111-POS,2026-09-25 12:37:02,2026-09-25 12:37:22,2026-09-25 12:37:30,2026-09-25 13:15:16,12,1080
KDS-ORD-20260925-11164,ORD-20260925-11164,MCH-102,DEV-102-POS,2026-09-25 19:31:11,2026-09-25 19:31:31,2026-09-25 19:32:00,2026-09-25 20:02:03,10,720
KDS-ORD-20260925-11165,ORD-20260925-11165,MCH-102,DEV-102-POS,2026-09-25 09:07:10,2026-09-25 09:07:30,2026-09-25 09:07:58,2026-09-25 09:23:02,2,720
KDS-ORD-20260925-11166,ORD-20260925-11166,MCH-103,DEV-103-POS,2026-09-25 20:20:03,2026-09-25 20:20:23,2026-09-25 20:20:24,2026-09-25 20:49:27,9,720
KDS-ORD-20260925-11167,ORD-20260925-11167,MCH-108,DEV-108-POS,2026-09-25 20:59:45,2026-09-25 21:00:05,2026-09-25 21:00:03,2026-09-25 21:38:07,11,900
KDS-ORD-20260925-11168,ORD-20260925-11168,MCH-115,DEV-115-POS,2026-09-25 14:44:37,2026-09-25 14:44:57,2026-09-25 14:45:25,2026-09-25 15:19:39,8,1080
KDS-ORD-20260925-11169,ORD-20260925-11169,MCH-108,DEV-108-POS,2026-09-25 00:31:40,2026-09-25 00:32:00,2026-09-25 00:32:14,2026-09-25 00:48:47,4,900
KDS-ORD-20260925-11170,ORD-20260925-11170,MCH-101,DEV-101-POS,2026-09-25 11:46:00,2026-09-25 11:46:20,2026-09-25 11:46:30,2026-09-25 12:01:04,5,720
KDS-ORD-20260925-11171,ORD-20260925-11171,MCH-104,DEV-104-POS,2026-09-25 17:56:53,2026-09-25 17:57:13,2026-09-25 17:57:13,2026-09-25 18:19:53,5,1080
KDS-ORD-20260925-11172,ORD-20260925-11172,MCH-102,DEV-102-POS,2026-09-25 22:09:48,2026-09-25 22:10:08,2026-09-25 22:10:39,2026-09-25 22:24:45,4,720
KDS-ORD-20260925-11173,ORD-20260925-11173,MCH-109,DEV-109-POS,2026-09-25 18:01:52,2026-09-25 18:02:12,2026-09-25 18:02:07,2026-09-25 18:21:00,2,900
KDS-ORD-20260925-11174,ORD-20260925-11174,MCH-104,DEV-104-POS,2026-09-25 11:57:07,2026-09-25 11:57:27,2026-09-25 11:57:32,2026-09-25 12:20:08,3,1080
KDS-ORD-20260925-11175,ORD-20260925-11175,MCH-114,DEV-114-POS,2026-09-25 18:36:11,2026-09-25 18:36:31,2026-09-25 18:36:58,2026-09-25 18:50:58,6,720
KDS-ORD-20260925-11176,ORD-20260925-11176,MCH-108,DEV-108-POS,2026-09-25 15:24:36,2026-09-25 15:24:56,2026-09-25 15:25:08,2026-09-25 15:49:00,6,900
KDS-ORD-20260925-11177,ORD-20260925-11177,MCH-105,DEV-105-POS,2026-09-25 20:38:19,2026-09-25 20:38:39,2026-09-25 20:38:47,2026-09-25 21:04:55,6,900
KDS-ORD-20260925-11178,ORD-20260925-11178,MCH-112,DEV-112-POS,2026-09-25 08:44:50,2026-09-25 08:45:10,2026-09-25 08:45:46,2026-09-25 09:03:09,4,900
KDS-ORD-20260925-11179,ORD-20260925-11179,MCH-111,DEV-111-POS,2026-09-25 19:33:22,2026-09-25 19:33:42,2026-09-25 19:34:09,,13,1080
KDS-ORD-20260925-11180,ORD-20260925-11180,MCH-113,DEV-113-POS,2026-09-25 15:12:34,2026-09-25 15:12:54,2026-09-25 15:13:31,2026-09-25 15:31:54,5,720
KDS-ORD-20260925-11181,ORD-20260925-11181,MCH-106,DEV-106-POS,2026-09-25 22:09:41,2026-09-25 22:10:01,2026-09-25 22:10:23,2026-09-25 22:27:25,5,720
KDS-ORD-20260925-11182,ORD-20260925-11182,MCH-106,DEV-106-POS,2026-09-25 12:36:37,2026-09-25 12:36:57,2026-09-25 12:37:04,2026-09-25 13:13:15,13,720
KDS-ORD-20260925-11183,ORD-20260925-11183,MCH-105,DEV-105-POS,2026-09-25 18:50:19,2026-09-25 18:50:39,2026-09-25 18:50:54,2026-09-25 19:08:50,3,900
KDS-ORD-20260925-11184,ORD-20260925-11184,MCH-113,DEV-113-POS,2026-09-25 21:35:35,2026-09-25 21:35:55,2026-09-25 21:36:34,2026-09-25 22:06:42,13,720
KDS-ORD-20260925-11185,ORD-20260925-11185,MCH-106,DEV-106-POS,2026-09-25 08:54:00,2026-09-25 08:54:20,2026-09-25 08:54:46,2026-09-25 09:10:38,3,720
KDS-ORD-20260925-11186,ORD-20260925-11186,MCH-105,DEV-105-POS,2026-09-25 21:14:17,2026-09-25 21:14:37,2026-09-25 21:14:37,2026-09-25 21:42:45,8,900
KDS-ORD-20260925-11187,ORD-20260925-11187,MCH-115,DEV-115-POS,2026-09-25 19:50:22,2026-09-25 19:50:42,2026-09-25 19:51:15,2026-09-25 20:22:01,9,1080
KDS-ORD-20260925-11188,ORD-20260925-11188,MCH-109,DEV-109-POS,2026-09-25 07:24:02,2026-09-25 07:24:22,2026-09-25 07:24:57,2026-09-25 07:43:22,3,900
KDS-ORD-20260925-11189,ORD-20260925-11189,MCH-114,DEV-114-POS,2026-09-25 12:37:47,2026-09-25 12:38:07,2026-09-25 12:38:17,2026-09-25 13:13:39,15,720
KDS-ORD-20260925-11190,ORD-20260925-11190,MCH-115,DEV-115-POS,2026-09-25 19:21:35,2026-09-25 19:21:55,2026-09-25 19:22:32,2026-09-25 20:03:59,13,1080
KDS-ORD-20260925-11191,ORD-20260925-11191,MCH-105,DEV-105-POS,2026-09-25 07:04:52,2026-09-25 07:05:12,2026-09-25 07:05:10,2026-09-25 07:25:47,5,900
KDS-ORD-20260925-11192,ORD-20260925-11192,MCH-111,DEV-111-POS,2026-09-25 16:35:32,2026-09-25 16:35:52,2026-09-25 16:35:59,2026-09-25 16:56:23,3,1080
KDS-ORD-20260925-11193,ORD-20260925-11193,MCH-115,DEV-115-POS,2026-09-25 12:53:22,2026-09-25 12:53:42,2026-09-25 12:54:22,2026-09-25 13:37:55,13,1080
KDS-ORD-20260925-11194,ORD-20260925-11194,MCH-114,DEV-114-POS,2026-09-25 17:52:21,2026-09-25 17:52:41,2026-09-25 17:52:58,2026-09-25 18:09:48,4,720
KDS-ORD-20260925-11195,ORD-20260925-11195,MCH-111,DEV-111-POS,2026-09-25 06:29:25,2026-09-25 06:29:45,2026-09-25 06:30:03,2026-09-25 06:56:47,5,1080
KDS-ORD-20260925-11196,ORD-20260925-11196,MCH-103,DEV-103-POS,2026-09-25 20:26:56,2026-09-25 20:27:16,2026-09-25 20:27:31,2026-09-25 20:54:32,12,720
KDS-ORD-20260925-11197,ORD-20260925-11197,MCH-111,DEV-111-POS,2026-09-25 22:52:52,2026-09-25 22:53:12,2026-09-25 22:53:24,2026-09-25 23:16:52,4,1080
KDS-ORD-20260925-11198,ORD-20260925-11198,MCH-112,DEV-112-POS,2026-09-25 22:02:44,2026-09-25 22:03:04,2026-09-25 22:03:00,2026-09-25 22:24:15,5,900
KDS-ORD-20260925-11199,ORD-20260925-11199,MCH-110,DEV-110-POS,2026-09-25 19:14:40,2026-09-25 19:15:00,2026-09-25 19:14:55,2026-09-25 19:36:48,9,720
KDS-ORD-20260925-11200,ORD-20260925-11200,MCH-115,DEV-115-POS,2026-09-25 08:04:41,2026-09-25 08:05:01,2026-09-25 08:05:26,2026-09-25 08:24:33,4,1080
KDS-ORD-20260925-11201,ORD-20260925-11201,MCH-103,DEV-103-POS,2026-09-25 19:07:56,2026-09-25 19:08:16,2026-09-25 19:08:47,2026-09-25 19:30:32,6,720
KDS-ORD-20260925-11202,ORD-20260925-11202,MCH-103,DEV-103-POS,2026-09-25 04:41:48,2026-09-25 04:42:08,2026-09-25 04:42:12,2026-09-25 04:59:43,3,720
KDS-ORD-20260925-11203,ORD-20260925-11203,MCH-101,DEV-101-POS,2026-09-25 04:21:30,2026-09-25 04:21:50,2026-09-25 04:22:16,2026-09-25 04:39:08,5,720
KDS-ORD-20260925-11204,ORD-20260925-11204,MCH-106,DEV-106-POS,2026-09-25 12:29:54,2026-09-25 12:30:14,2026-09-25 12:30:16,2026-09-25 12:58:45,8,720
KDS-ORD-20260925-11205,ORD-20260925-11205,MCH-112,DEV-112-POS,2026-09-25 14:36:51,2026-09-25 14:37:11,2026-09-25 14:37:09,2026-09-25 15:10:32,11,900
KDS-ORD-20260925-11206,ORD-20260925-11206,MCH-105,DEV-105-POS,2026-09-25 20:51:58,2026-09-25 20:52:18,2026-09-25 20:52:39,2026-09-25 21:25:18,14,900
KDS-ORD-20260925-11207,ORD-20260925-11207,MCH-114,DEV-114-POS,2026-09-25 19:32:00,2026-09-25 19:32:20,2026-09-25 19:32:28,2026-09-25 20:02:53,12,720
KDS-ORD-20260925-11208,ORD-20260925-11208,MCH-104,DEV-104-POS,2026-09-25 13:31:53,2026-09-25 13:32:13,2026-09-25 13:32:41,2026-09-25 14:05:36,6,1080
KDS-ORD-20260925-11209,ORD-20260925-11209,MCH-108,DEV-108-POS,2026-09-25 11:45:12,2026-09-25 11:45:32,2026-09-25 11:45:52,2026-09-25 12:06:52,6,900
KDS-ORD-20260925-11210,ORD-20260925-11210,MCH-109,DEV-109-POS,2026-09-25 23:19:36,2026-09-25 23:19:56,2026-09-25 23:20:20,2026-09-25 23:36:34,2,900
KDS-ORD-20260925-11211,ORD-20260925-11211,MCH-103,DEV-103-POS,2026-09-25 13:53:56,2026-09-25 13:54:16,2026-09-25 13:54:31,2026-09-25 14:29:50,15,720
KDS-ORD-20260925-11212,ORD-20260925-11212,MCH-112,DEV-112-POS,2026-09-25 13:41:46,2026-09-25 13:42:06,2026-09-25 13:42:22,2026-09-25 14:13:17,10,900
KDS-ORD-20260925-11213,ORD-20260925-11213,MCH-115,DEV-115-POS,2026-09-25 09:39:13,2026-09-25 09:39:33,2026-09-25 09:39:41,2026-09-25 10:00:42,4,1080
KDS-ORD-20260925-11214,ORD-20260925-11214,MCH-104,DEV-104-POS,2026-09-25 20:34:35,2026-09-25 20:34:55,2026-09-25 20:35:10,2026-09-25 21:05:45,6,1080
KDS-ORD-20260925-11215,ORD-20260925-11215,MCH-114,DEV-114-POS,2026-09-25 19:28:20,2026-09-25 19:28:40,2026-09-25 19:29:06,2026-09-25 19:56:43,8,720
KDS-ORD-20260925-11216,ORD-20260925-11216,MCH-101,DEV-101-POS,2026-09-25 10:53:12,2026-09-25 10:53:32,2026-09-25 10:53:39,2026-09-25 11:11:02,5,720
KDS-ORD-20260925-11217,ORD-20260925-11217,MCH-115,DEV-115-POS,2026-09-25 07:43:27,2026-09-25 07:43:47,2026-09-25 07:43:58,2026-09-25 08:07:19,3,1080
KDS-ORD-20260925-11218,ORD-20260925-11218,MCH-115,DEV-115-POS,2026-09-25 19:46:41,2026-09-25 19:47:01,2026-09-25 19:47:29,2026-09-25 20:19:29,8,1080
KDS-ORD-20260925-11219,ORD-20260925-11219,MCH-104,DEV-104-POS,2026-09-25 18:31:26,2026-09-25 18:31:46,2026-09-25 18:32:12,2026-09-25 18:51:44,5,1080
KDS-ORD-20260925-11220,ORD-20260925-11220,MCH-111,DEV-111-POS,2026-09-25 11:47:10,2026-09-25 11:47:30,2026-09-25 11:48:07,2026-09-25 12:09:23,5,1080
KDS-ORD-20260925-11221,ORD-20260925-11221,MCH-104,DEV-104-POS,2026-09-25 22:17:02,2026-09-25 22:17:22,2026-09-25 22:17:46,2026-09-25 22:38:54,6,1080
KDS-ORD-20260925-11222,ORD-20260925-11222,MCH-107,DEV-107-POS,2026-09-25 09:55:41,2026-09-25 09:56:01,2026-09-25 09:56:10,2026-09-25 10:18:07,6,900
KDS-ORD-20260925-11223,ORD-20260925-11223,MCH-106,DEV-106-POS,2026-09-25 13:20:02,2026-09-25 13:20:22,2026-09-25 13:20:54,2026-09-25 13:50:23,10,720
KDS-ORD-20260925-11224,ORD-20260925-11224,MCH-105,DEV-105-POS,2026-09-25 21:14:06,2026-09-25 21:14:26,2026-09-25 21:14:59,2026-09-25 21:55:37,15,900
KDS-ORD-20260925-11225,ORD-20260925-11225,MCH-101,DEV-101-POS,2026-09-25 13:06:15,2026-09-25 13:06:35,2026-09-25 13:07:06,2026-09-25 13:30:44,7,720
KDS-ORD-20260925-11226,ORD-20260925-11226,MCH-107,DEV-107-POS,2026-09-25 18:19:47,2026-09-25 18:20:07,2026-09-25 18:20:20,2026-09-25 18:38:33,3,900
KDS-ORD-20260925-11227,ORD-20260925-11227,MCH-113,DEV-113-POS,2026-09-25 13:05:07,2026-09-25 13:05:27,2026-09-25 13:05:24,2026-09-25 13:41:22,15,720
KDS-ORD-20260925-11228,ORD-20260925-11228,MCH-106,DEV-106-POS,2026-09-25 11:09:29,2026-09-25 11:09:49,2026-09-25 11:09:49,2026-09-25 11:25:31,6,720
KDS-ORD-20260925-11229,ORD-20260925-11229,MCH-102,DEV-102-POS,2026-09-25 22:32:28,2026-09-25 22:32:48,2026-09-25 22:33:06,2026-09-25 22:48:53,3,720
KDS-ORD-20260925-11230,ORD-20260925-11230,MCH-104,DEV-104-POS,2026-09-25 13:13:15,2026-09-25 13:13:35,2026-09-25 13:13:54,2026-09-25 13:46:57,9,1080
KDS-ORD-20260925-11231,ORD-20260925-11231,MCH-101,DEV-101-POS,2026-09-25 21:48:08,2026-09-25 21:48:28,2026-09-25 21:48:41,2026-09-25 22:20:55,13,720
KDS-ORD-20260925-11232,ORD-20260925-11232,MCH-107,DEV-107-POS,2026-09-25 10:15:48,2026-09-25 10:16:08,2026-09-25 10:16:32,2026-09-25 10:33:16,2,900
KDS-ORD-20260925-11233,ORD-20260925-11233,MCH-113,DEV-113-POS,2026-09-25 10:56:03,2026-09-25 10:56:23,2026-09-25 10:56:59,2026-09-25 11:10:01,4,720
KDS-ORD-20260925-11234,ORD-20260925-11234,MCH-112,DEV-112-POS,2026-09-25 05:19:54,2026-09-25 05:20:14,2026-09-25 05:20:36,2026-09-25 05:35:44,3,900
KDS-ORD-20260925-11235,ORD-20260925-11235,MCH-110,DEV-110-POS,2026-09-25 18:58:15,2026-09-25 18:58:35,2026-09-25 18:59:06,2026-09-25 19:10:20,4,720
KDS-ORD-20260925-11236,ORD-20260925-11236,MCH-115,DEV-115-POS,2026-09-25 12:56:58,2026-09-25 12:57:18,2026-09-25 12:57:21,2026-09-25 13:36:07,14,1080
KDS-ORD-20260925-11237,ORD-20260925-11237,MCH-111,DEV-111-POS,2026-09-25 20:00:37,2026-09-25 20:00:57,2026-09-25 20:01:06,2026-09-25 20:44:02,14,1080
KDS-ORD-20260925-11238,ORD-20260925-11238,MCH-112,DEV-112-POS,2026-09-25 13:30:09,2026-09-25 13:30:29,2026-09-25 13:30:31,2026-09-25 14:03:55,11,900
KDS-ORD-20260925-11239,ORD-20260925-11239,MCH-101,DEV-101-POS,2026-09-25 22:54:13,2026-09-25 22:54:33,2026-09-25 22:54:50,2026-09-25 23:06:42,2,720
KDS-ORD-20260925-11240,ORD-20260925-11240,MCH-109,DEV-109-POS,2026-09-25 10:23:43,2026-09-25 10:24:03,2026-09-25 10:24:34,2026-09-25 10:38:52,3,900
KDS-ORD-20260925-11241,ORD-20260925-11241,MCH-102,DEV-102-POS,2026-09-25 20:48:48,2026-09-25 20:49:08,2026-09-25 20:49:11,2026-09-25 21:21:18,14,720
KDS-ORD-20260925-11242,ORD-20260925-11242,MCH-103,DEV-103-POS,2026-09-25 20:06:03,2026-09-25 20:06:23,2026-09-25 20:06:29,2026-09-25 20:38:19,10,720
KDS-ORD-20260925-11243,ORD-20260925-11243,MCH-108,DEV-108-POS,2026-09-25 21:04:15,2026-09-25 21:04:35,2026-09-25 21:04:40,2026-09-25 21:36:05,8,900
KDS-ORD-20260925-11244,ORD-20260925-11244,MCH-115,DEV-115-POS,2026-09-25 21:01:38,2026-09-25 21:01:58,2026-09-25 21:01:55,2026-09-25 21:38:08,12,1080
KDS-ORD-20260925-11245,ORD-20260925-11245,MCH-108,DEV-108-POS,2026-09-25 19:53:06,2026-09-25 19:53:26,2026-09-25 19:53:32,2026-09-25 20:30:37,11,900
KDS-ORD-20260925-11246,ORD-20260925-11246,MCH-113,DEV-113-POS,2026-09-25 18:09:36,2026-09-25 18:09:56,2026-09-25 18:10:06,2026-09-25 18:28:36,4,720
KDS-ORD-20260925-11247,ORD-20260925-11247,MCH-114,DEV-114-POS,2026-09-25 08:41:15,2026-09-25 08:41:35,2026-09-25 08:41:47,2026-09-25 08:54:08,3,720
KDS-ORD-20260925-11248,ORD-20260925-11248,MCH-111,DEV-111-POS,2026-09-25 05:10:00,2026-09-25 05:10:20,2026-09-25 05:10:58,2026-09-25 05:31:57,6,1080
KDS-ORD-20260925-11249,ORD-20260925-11249,MCH-110,DEV-110-POS,2026-09-25 21:35:57,2026-09-25 21:36:17,2026-09-25 21:36:20,2026-09-25 22:00:02,8,720
KDS-ORD-20260925-11250,ORD-20260925-11250,MCH-104,DEV-104-POS,2026-09-25 17:50:25,2026-09-25 17:50:45,2026-09-25 17:50:52,2026-09-25 18:16:54,6,1080
KDS-ORD-20260925-11251,ORD-20260925-11251,MCH-109,DEV-109-POS,2026-09-25 20:05:50,2026-09-25 20:06:10,2026-09-25 20:06:42,2026-09-25 20:36:11,6,900
KDS-ORD-20260925-11252,ORD-20260925-11252,MCH-110,DEV-110-POS,2026-09-25 14:28:53,2026-09-25 14:29:13,2026-09-25 14:29:20,2026-09-25 14:58:51,15,720
KDS-ORD-20260925-11253,ORD-20260925-11253,MCH-104,DEV-104-POS,2026-09-25 08:07:43,2026-09-25 08:08:03,2026-09-25 08:08:25,2026-09-25 08:30:28,4,1080
KDS-ORD-20260925-11254,ORD-20260925-11254,MCH-114,DEV-114-POS,2026-09-25 08:17:16,2026-09-25 08:17:36,2026-09-25 08:18:15,2026-09-25 08:35:05,6,720
KDS-ORD-20260925-11255,ORD-20260925-11255,MCH-105,DEV-105-POS,2026-09-25 19:38:58,2026-09-25 19:39:18,2026-09-25 19:39:40,2026-09-25 20:18:02,13,900
KDS-ORD-20260925-11256,ORD-20260925-11256,MCH-108,DEV-108-POS,2026-09-25 13:02:07,2026-09-25 13:02:27,2026-09-25 13:03:01,2026-09-25 13:38:26,14,900
KDS-ORD-20260925-11257,ORD-20260925-11257,MCH-113,DEV-113-POS,2026-09-25 10:01:47,2026-09-25 10:02:07,2026-09-25 10:02:24,2026-09-25 10:15:38,2,720
KDS-ORD-20260925-11258,ORD-20260925-11258,MCH-103,DEV-103-POS,2026-09-25 14:39:18,2026-09-25 14:39:38,2026-09-25 14:39:50,2026-09-25 15:02:01,8,720
KDS-ORD-20260925-11259,ORD-20260925-11259,MCH-111,DEV-111-POS,2026-09-25 07:35:36,2026-09-25 07:35:56,2026-09-25 07:36:30,2026-09-25 07:56:33,4,1080
KDS-ORD-20260925-11260,ORD-20260925-11260,MCH-109,DEV-109-POS,2026-09-25 16:25:48,2026-09-25 16:26:08,2026-09-25 16:26:41,2026-09-25 16:43:40,3,900
KDS-ORD-20260925-11261,ORD-20260925-11261,MCH-105,DEV-105-POS,2026-09-25 11:51:43,2026-09-25 11:52:03,2026-09-25 11:52:02,2026-09-25 12:10:03,3,900
KDS-ORD-20260925-11262,ORD-20260925-11262,MCH-101,DEV-101-POS,2026-09-25 20:18:12,2026-09-25 20:18:32,2026-09-25 20:18:53,2026-09-25 20:55:45,16,720
KDS-ORD-20260925-11263,ORD-20260925-11263,MCH-104,DEV-104-POS,2026-09-25 12:25:11,2026-09-25 12:25:31,2026-09-25 12:25:50,2026-09-25 13:01:41,7,1080
KDS-ORD-20260925-11264,ORD-20260925-11264,MCH-113,DEV-113-POS,2026-09-25 13:43:32,2026-09-25 13:43:52,2026-09-25 13:44:24,2026-09-25 14:17:48,13,720
KDS-ORD-20260925-11265,ORD-20260925-11265,MCH-109,DEV-109-POS,2026-09-25 02:58:08,2026-09-25 02:58:28,2026-09-25 02:58:47,2026-09-25 03:17:06,3,900
KDS-ORD-20260925-11266,ORD-20260925-11266,MCH-109,DEV-109-POS,2026-09-25 07:23:27,2026-09-25 07:23:47,2026-09-25 07:24:11,2026-09-25 07:43:57,2,900
KDS-ORD-20260925-11267,ORD-20260925-11267,MCH-110,DEV-110-POS,2026-09-25 12:34:46,2026-09-25 12:35:06,2026-09-25 12:35:04,2026-09-25 12:59:39,11,720
KDS-ORD-20260925-11268,ORD-20260925-11268,MCH-105,DEV-105-POS,2026-09-25 14:29:30,2026-09-25 14:29:50,2026-09-25 14:30:22,2026-09-25 15:11:38,15,900
KDS-ORD-20260925-11269,ORD-20260925-11269,MCH-106,DEV-106-POS,2026-09-25 17:28:11,2026-09-25 17:28:31,2026-09-25 17:28:29,2026-09-25 17:44:26,4,720
KDS-ORD-20260925-11270,ORD-20260925-11270,MCH-105,DEV-105-POS,2026-09-25 11:26:02,2026-09-25 11:26:22,2026-09-25 11:26:23,2026-09-25 11:43:28,3,900
KDS-ORD-20260925-11271,ORD-20260925-11271,MCH-105,DEV-105-POS,2026-09-25 19:45:47,2026-09-25 19:46:07,2026-09-25 19:46:40,2026-09-25 20:15:02,7,900
KDS-ORD-20260925-11272,ORD-20260925-11272,MCH-106,DEV-106-POS,2026-09-25 21:04:21,2026-09-25 21:04:41,2026-09-25 21:04:37,2026-09-25 21:37:20,15,720
KDS-ORD-20260925-11273,ORD-20260925-11273,MCH-106,DEV-106-POS,2026-09-25 20:50:20,2026-09-25 20:50:40,2026-09-25 20:51:01,2026-09-25 21:13:58,7,720
KDS-ORD-20260925-11274,ORD-20260925-11274,MCH-102,DEV-102-POS,2026-09-25 05:15:10,2026-09-25 05:15:30,2026-09-25 05:15:35,2026-09-25 05:34:08,4,720
KDS-ORD-20260925-11275,ORD-20260925-11275,MCH-115,DEV-115-POS,2026-09-25 14:22:20,2026-09-25 14:22:40,2026-09-25 14:23:05,2026-09-25 14:58:35,10,1080
KDS-ORD-20260925-11276,ORD-20260925-11276,MCH-112,DEV-112-POS,2026-09-25 08:31:24,2026-09-25 08:31:44,2026-09-25 08:31:45,2026-09-25 08:46:54,3,900
KDS-ORD-20260925-11277,ORD-20260925-11277,MCH-103,DEV-103-POS,2026-09-25 11:46:52,2026-09-25 11:47:12,2026-09-25 11:47:46,2026-09-25 12:02:47,4,720
KDS-ORD-20260925-11278,ORD-20260925-11278,MCH-102,DEV-102-POS,2026-09-25 23:31:47,2026-09-25 23:32:07,2026-09-25 23:32:20,2026-09-25 23:48:24,3,720
KDS-ORD-20260925-11279,ORD-20260925-11279,MCH-103,DEV-103-POS,2026-09-25 09:07:50,2026-09-25 09:08:10,2026-09-25 09:08:22,2026-09-25 09:23:45,2,720
KDS-ORD-20260925-11280,ORD-20260925-11280,MCH-114,DEV-114-POS,2026-09-25 14:23:44,2026-09-25 14:24:04,2026-09-25 14:24:31,2026-09-25 14:48:42,11,720
KDS-ORD-20260925-11281,ORD-20260925-11281,MCH-113,DEV-113-POS,2026-09-25 17:28:19,2026-09-25 17:28:39,2026-09-25 17:28:54,2026-09-25 17:42:04,3,720
KDS-ORD-20260925-11282,ORD-20260925-11282,MCH-101,DEV-101-POS,2026-09-25 19:44:03,2026-09-25 19:44:23,2026-09-25 19:44:41,2026-09-25 20:22:31,16,720
KDS-ORD-20260925-11283,ORD-20260925-11283,MCH-104,DEV-104-POS,2026-09-25 16:19:03,2026-09-25 16:19:23,2026-09-25 16:19:31,2026-09-25 16:43:34,3,1080
KDS-ORD-20260925-11284,ORD-20260925-11284,MCH-109,DEV-109-POS,2026-09-25 01:16:42,2026-09-25 01:17:02,2026-09-25 01:17:04,2026-09-25 01:36:44,6,900
KDS-ORD-20260925-11285,ORD-20260925-11285,MCH-111,DEV-111-POS,2026-09-25 12:55:59,2026-09-25 12:56:19,2026-09-25 12:56:21,2026-09-25 13:31:36,10,1080
KDS-ORD-20260925-11286,ORD-20260925-11286,MCH-110,DEV-110-POS,2026-09-25 14:50:17,2026-09-25 14:50:37,2026-09-25 14:50:40,2026-09-25 15:20:26,12,720
KDS-ORD-20260925-11287,ORD-20260925-11287,MCH-105,DEV-105-POS,2026-09-25 07:34:29,2026-09-25 07:34:49,2026-09-25 07:34:52,2026-09-25 07:54:51,5,900
KDS-ORD-20260925-11288,ORD-20260925-11288,MCH-112,DEV-112-POS,2026-09-25 12:49:08,2026-09-25 12:49:28,2026-09-25 12:49:55,2026-09-25 13:26:02,16,900
KDS-ORD-20260925-11289,ORD-20260925-11289,MCH-112,DEV-112-POS,2026-09-25 05:17:30,2026-09-25 05:17:50,2026-09-25 05:18:25,2026-09-25 05:37:01,4,900
KDS-ORD-20260925-11290,ORD-20260925-11290,MCH-106,DEV-106-POS,2026-09-25 07:26:19,2026-09-25 07:26:39,2026-09-25 07:27:12,2026-09-25 07:45:40,4,720
KDS-ORD-20260925-11291,ORD-20260925-11291,MCH-108,DEV-108-POS,2026-09-25 13:57:41,2026-09-25 13:58:01,2026-09-25 13:58:10,2026-09-25 14:27:56,6,900
KDS-ORD-20260925-11292,ORD-20260925-11292,MCH-109,DEV-109-POS,2026-09-25 09:01:22,2026-09-25 09:01:42,2026-09-25 09:02:14,2026-09-25 09:15:09,2,900
KDS-ORD-20260925-11293,ORD-20260925-11293,MCH-102,DEV-102-POS,2026-09-25 16:02:19,2026-09-25 16:02:39,2026-09-25 16:02:55,2026-09-25 16:14:14,2,720
KDS-ORD-20260925-11294,ORD-20260925-11294,MCH-114,DEV-114-POS,2026-09-25 19:15:09,2026-09-25 19:15:29,2026-09-25 19:16:03,2026-09-25 19:46:19,10,720
KDS-ORD-20260925-11295,ORD-20260925-11295,MCH-115,DEV-115-POS,2026-09-25 20:58:59,2026-09-25 20:59:19,2026-09-25 20:59:34,,10,1080
KDS-ORD-20260925-11296,ORD-20260925-11296,MCH-110,DEV-110-POS,2026-09-25 10:53:57,2026-09-25 10:54:17,2026-09-25 10:54:30,2026-09-25 11:09:24,3,720
KDS-ORD-20260925-11297,ORD-20260925-11297,MCH-110,DEV-110-POS,2026-09-25 09:52:37,2026-09-25 09:52:57,2026-09-25 09:53:36,2026-09-25 10:06:57,2,720
KDS-ORD-20260925-11298,ORD-20260925-11298,MCH-102,DEV-102-POS,2026-09-25 08:28:17,2026-09-25 08:28:37,2026-09-25 08:29:01,2026-09-25 08:43:39,5,720
KDS-ORD-20260925-11299,ORD-20260925-11299,MCH-103,DEV-103-POS,2026-09-25 18:32:05,2026-09-25 18:32:25,2026-09-25 18:32:56,2026-09-25 18:46:23,3,720
KDS-ORD-20260925-11300,ORD-20260925-11300,MCH-110,DEV-110-POS,2026-09-25 19:51:46,2026-09-25 19:52:06,2026-09-25 19:52:20,2026-09-25 20:27:31,16,720
KDS-ORD-20260925-11301,ORD-20260925-11301,MCH-106,DEV-106-POS,2026-09-25 05:03:32,2026-09-25 05:03:52,2026-09-25 05:03:49,2026-09-25 05:19:24,3,720
KDS-ORD-20260925-11302,ORD-20260925-11302,MCH-105,DEV-105-POS,2026-09-25 21:11:15,2026-09-25 21:11:35,2026-09-25 21:11:35,2026-09-25 21:48:26,12,900
KDS-ORD-20260925-11303,ORD-20260925-11303,MCH-111,DEV-111-POS,2026-09-25 06:50:20,2026-09-25 06:50:40,2026-09-25 06:51:12,2026-09-25 07:13:42,4,1080
KDS-ORD-20260925-11304,ORD-20260925-11304,MCH-106,DEV-106-POS,2026-09-25 15:23:59,2026-09-25 15:24:19,2026-09-25 15:24:48,2026-09-25 15:37:31,2,720
KDS-ORD-20260925-11305,ORD-20260925-11305,MCH-115,DEV-115-POS,2026-09-25 19:09:30,2026-09-25 19:09:50,2026-09-25 19:09:52,,6,1080
KDS-ORD-20260925-11306,ORD-20260925-11306,MCH-115,DEV-115-POS,2026-09-25 20:05:38,2026-09-25 20:05:58,2026-09-25 20:05:53,2026-09-25 20:38:00,9,1080
KDS-ORD-20260925-11307,ORD-20260925-11307,MCH-110,DEV-110-POS,2026-09-25 19:42:44,2026-09-25 19:43:04,2026-09-25 19:43:00,2026-09-25 20:22:57,16,720
KDS-ORD-20260925-11308,ORD-20260925-11308,MCH-114,DEV-114-POS,2026-09-25 20:29:48,2026-09-25 20:30:08,2026-09-25 20:30:34,2026-09-25 21:12:31,16,720
KDS-ORD-20260925-11309,ORD-20260925-11309,MCH-112,DEV-112-POS,2026-09-25 12:33:28,2026-09-25 12:33:48,2026-09-25 12:33:52,2026-09-25 13:02:47,11,900
KDS-ORD-20260925-11310,ORD-20260925-11310,MCH-113,DEV-113-POS,2026-09-25 20:54:01,2026-09-25 20:54:21,2026-09-25 20:54:56,2026-09-25 21:20:06,9,720
KDS-ORD-20260925-11311,ORD-20260925-11311,MCH-109,DEV-109-POS,2026-09-25 07:04:34,2026-09-25 07:04:54,2026-09-25 07:05:20,2026-09-25 07:23:28,5,900
KDS-ORD-20260925-11312,ORD-20260925-11312,MCH-106,DEV-106-POS,2026-09-25 21:39:54,2026-09-25 21:40:14,2026-09-25 21:40:19,2026-09-25 22:03:56,7,720
KDS-ORD-20260925-11313,ORD-20260925-11313,MCH-112,DEV-112-POS,2026-09-25 15:32:12,2026-09-25 15:32:32,2026-09-25 15:32:38,2026-09-25 15:52:17,5,900
KDS-ORD-20260925-11314,ORD-20260925-11314,MCH-107,DEV-107-POS,2026-09-25 20:20:30,2026-09-25 20:20:50,2026-09-25 20:21:14,2026-09-25 21:00:00,14,900
KDS-ORD-20260925-11315,ORD-20260925-11315,MCH-114,DEV-114-POS,2026-09-25 13:45:38,2026-09-25 13:45:58,2026-09-25 13:46:25,2026-09-25 14:22:17,15,720
KDS-ORD-20260925-11316,ORD-20260925-11316,MCH-109,DEV-109-POS,2026-09-25 18:51:16,2026-09-25 18:51:36,2026-09-25 18:51:49,2026-09-25 19:10:53,2,900
KDS-ORD-20260925-11317,ORD-20260925-11317,MCH-113,DEV-113-POS,2026-09-25 15:21:41,2026-09-25 15:22:01,2026-09-25 15:22:32,2026-09-25 15:34:35,2,720
KDS-ORD-20260925-11318,ORD-20260925-11318,MCH-104,DEV-104-POS,2026-09-25 19:33:59,2026-09-25 19:34:19,2026-09-25 19:34:56,2026-09-25 20:13:55,10,1080
KDS-ORD-20260925-11319,ORD-20260925-11319,MCH-113,DEV-113-POS,2026-09-25 07:33:13,2026-09-25 07:33:33,2026-09-25 07:33:32,2026-09-25 07:53:47,6,720
KDS-ORD-20260925-11320,ORD-20260925-11320,MCH-112,DEV-112-POS,2026-09-25 06:22:15,2026-09-25 06:22:35,2026-09-25 06:22:35,2026-09-25 06:45:15,5,900
KDS-ORD-20260925-11321,ORD-20260925-11321,MCH-108,DEV-108-POS,2026-09-25 11:33:16,2026-09-25 11:33:36,2026-09-25 11:33:36,2026-09-25 11:53:28,3,900
KDS-ORD-20260925-11322,ORD-20260925-11322,MCH-108,DEV-108-POS,2026-09-25 09:33:57,2026-09-25 09:34:17,2026-09-25 09:34:31,2026-09-25 09:55:57,6,900
KDS-ORD-20260925-11323,ORD-20260925-11323,MCH-111,DEV-111-POS,2026-09-25 21:12:39,2026-09-25 21:12:59,2026-09-25 21:13:16,2026-09-25 21:48:52,14,1080
KDS-ORD-20260925-11324,ORD-20260925-11324,MCH-103,DEV-103-POS,2026-09-25 10:51:08,2026-09-25 10:51:28,2026-09-25 10:52:03,2026-09-25 11:09:38,5,720
KDS-ORD-20260925-11325,ORD-20260925-11325,MCH-109,DEV-109-POS,2026-09-25 22:38:35,2026-09-25 22:38:55,2026-09-25 22:39:24,2026-09-25 23:02:31,6,900
KDS-ORD-20260925-11326,ORD-20260925-11326,MCH-112,DEV-112-POS,2026-09-25 12:22:44,2026-09-25 12:23:04,2026-09-25 12:23:37,2026-09-25 12:58:39,12,900
KDS-ORD-20260925-11327,ORD-20260925-11327,MCH-105,DEV-105-POS,2026-09-25 10:03:50,2026-09-25 10:04:10,2026-09-25 10:04:39,2026-09-25 10:22:50,5,900
KDS-ORD-20260925-11328,ORD-20260925-11328,MCH-110,DEV-110-POS,2026-09-25 20:36:27,2026-09-25 20:36:47,2026-09-25 20:37:15,2026-09-25 21:05:53,9,720
KDS-ORD-20260925-11329,ORD-20260925-11329,MCH-104,DEV-104-POS,2026-09-25 18:26:11,2026-09-25 18:26:31,2026-09-25 18:26:29,2026-09-25 18:47:41,4,1080
KDS-ORD-20260925-11330,ORD-20260925-11330,MCH-111,DEV-111-POS,2026-09-25 14:39:05,2026-09-25 14:39:25,2026-09-25 14:39:36,2026-09-25 15:17:39,15,1080
KDS-ORD-20260925-11331,ORD-20260925-11331,MCH-105,DEV-105-POS,2026-09-25 16:19:04,2026-09-25 16:19:24,2026-09-25 16:19:46,2026-09-25 16:40:12,5,900
KDS-ORD-20260925-11332,ORD-20260925-11332,MCH-101,DEV-101-POS,2026-09-25 19:44:42,2026-09-25 19:45:02,2026-09-25 19:45:12,,12,720
KDS-ORD-20260925-11333,ORD-20260925-11333,MCH-105,DEV-105-POS,2026-09-25 10:40:41,2026-09-25 10:41:01,2026-09-25 10:40:59,2026-09-25 11:02:58,6,900
KDS-ORD-20260925-11334,ORD-20260925-11334,MCH-113,DEV-113-POS,2026-09-25 23:47:15,2026-09-25 23:47:35,2026-09-25 23:48:06,2026-09-26 00:03:53,5,720
KDS-ORD-20260925-11335,ORD-20260925-11335,MCH-102,DEV-102-POS,2026-09-25 22:45:52,2026-09-25 22:46:12,2026-09-25 22:46:48,2026-09-25 23:00:21,3,720
KDS-ORD-20260925-11336,ORD-20260925-11336,MCH-104,DEV-104-POS,2026-09-25 18:07:43,2026-09-25 18:08:03,2026-09-25 18:08:21,2026-09-25 18:28:55,3,1080
KDS-ORD-20260925-11337,ORD-20260925-11337,MCH-110,DEV-110-POS,2026-09-25 10:43:28,2026-09-25 10:43:48,2026-09-25 10:43:46,2026-09-25 11:00:18,4,720
KDS-ORD-20260925-11338,ORD-20260925-11338,MCH-115,DEV-115-POS,2026-09-25 19:39:17,2026-09-25 19:39:37,2026-09-25 19:40:12,2026-09-25 20:18:28,11,1080
KDS-ORD-20260925-11339,ORD-20260925-11339,MCH-104,DEV-104-POS,2026-09-25 07:58:24,2026-09-25 07:58:44,2026-09-25 07:58:44,2026-09-25 08:18:43,2,1080
KDS-ORD-20260925-11340,ORD-20260925-11340,MCH-108,DEV-108-POS,2026-09-25 05:15:57,2026-09-25 05:16:17,2026-09-25 05:16:57,2026-09-25 05:35:25,4,900
KDS-ORD-20260925-11341,ORD-20260925-11341,MCH-102,DEV-102-POS,2026-09-25 11:47:58,2026-09-25 11:48:18,2026-09-25 11:48:45,2026-09-25 12:02:40,4,720
KDS-ORD-20260925-11342,ORD-20260925-11342,MCH-105,DEV-105-POS,2026-09-25 13:35:50,2026-09-25 13:36:10,2026-09-25 13:36:32,2026-09-25 14:04:35,7,900
KDS-ORD-20260925-11343,ORD-20260925-11343,MCH-115,DEV-115-POS,2026-09-25 20:38:40,2026-09-25 20:39:00,2026-09-25 20:39:29,2026-09-25 21:19:19,16,1080
KDS-ORD-20260925-11344,ORD-20260925-11344,MCH-109,DEV-109-POS,2026-09-25 19:16:39,2026-09-25 19:16:59,2026-09-25 19:17:18,2026-09-25 20:00:34,15,900
KDS-ORD-20260925-11345,ORD-20260925-11345,MCH-104,DEV-104-POS,2026-09-25 19:50:13,2026-09-25 19:50:33,2026-09-25 19:50:48,2026-09-25 20:21:46,6,1080
KDS-ORD-20260925-11346,ORD-20260925-11346,MCH-102,DEV-102-POS,2026-09-25 13:14:34,2026-09-25 13:14:54,2026-09-25 13:15:13,2026-09-25 13:39:01,7,720
KDS-ORD-20260925-11347,ORD-20260925-11347,MCH-107,DEV-107-POS,2026-09-25 12:01:04,2026-09-25 12:01:24,2026-09-25 12:01:23,2026-09-25 12:36:45,11,900
KDS-ORD-20260925-11348,ORD-20260925-11348,MCH-107,DEV-107-POS,2026-09-25 12:27:11,2026-09-25 12:27:31,2026-09-25 12:28:09,2026-09-25 13:05:01,14,900
KDS-ORD-20260925-11349,ORD-20260925-11349,MCH-110,DEV-110-POS,2026-09-25 23:55:24,2026-09-25 23:55:44,2026-09-25 23:55:55,2026-09-26 00:16:36,6,720
KDS-ORD-20260925-11350,ORD-20260925-11350,MCH-112,DEV-112-POS,2026-09-25 05:08:39,2026-09-25 05:08:59,2026-09-25 05:09:01,2026-09-25 05:29:25,3,900
KDS-ORD-20260925-11351,ORD-20260925-11351,MCH-113,DEV-113-POS,2026-09-25 20:53:21,2026-09-25 20:53:41,2026-09-25 20:53:38,2026-09-25 21:28:20,12,720
KDS-ORD-20260925-11352,ORD-20260925-11352,MCH-111,DEV-111-POS,2026-09-25 16:22:45,2026-09-25 16:23:05,2026-09-25 16:23:25,2026-09-25 16:47:25,6,1080
KDS-ORD-20260925-11353,ORD-20260925-11353,MCH-110,DEV-110-POS,2026-09-25 13:45:07,2026-09-25 13:45:27,2026-09-25 13:46:00,2026-09-25 14:07:22,6,720
KDS-ORD-20260925-11354,ORD-20260925-11354,MCH-105,DEV-105-POS,2026-09-25 19:57:56,2026-09-25 19:58:16,2026-09-25 19:58:32,2026-09-25 20:36:27,15,900
KDS-ORD-20260925-11355,ORD-20260925-11355,MCH-106,DEV-106-POS,2026-09-25 14:46:24,2026-09-25 14:46:44,2026-09-25 14:46:42,2026-09-25 15:22:12,15,720
KDS-ORD-20260925-11356,ORD-20260925-11356,MCH-108,DEV-108-POS,2026-09-25 21:08:47,2026-09-25 21:09:07,2026-09-25 21:09:13,2026-09-25 21:46:42,12,900
KDS-ORD-20260925-11357,ORD-20260925-11357,MCH-101,DEV-101-POS,2026-09-25 21:39:18,2026-09-25 21:39:38,2026-09-25 21:39:33,2026-09-25 22:05:57,8,720
KDS-ORD-20260925-11358,ORD-20260925-11358,MCH-104,DEV-104-POS,2026-09-25 13:14:35,2026-09-25 13:14:55,2026-09-25 13:15:00,2026-09-25 13:55:22,14,1080
KDS-ORD-20260925-11359,ORD-20260925-11359,MCH-111,DEV-111-POS,2026-09-25 11:18:39,2026-09-25 11:18:59,2026-09-25 11:19:13,2026-09-25 11:39:18,4,1080
KDS-ORD-20260925-11360,ORD-20260925-11360,MCH-106,DEV-106-POS,2026-09-25 17:28:53,2026-09-25 17:29:13,2026-09-25 17:29:24,2026-09-25 17:42:12,2,720
KDS-ORD-20260925-11361,ORD-20260925-11361,MCH-106,DEV-106-POS,2026-09-25 21:08:52,2026-09-25 21:09:12,2026-09-25 21:09:48,2026-09-25 21:34:26,10,720
KDS-ORD-20260925-11362,ORD-20260925-11362,MCH-112,DEV-112-POS,2026-09-25 10:15:02,2026-09-25 10:15:22,2026-09-25 10:15:24,2026-09-25 10:32:56,2,900
KDS-ORD-20260925-11363,ORD-20260925-11363,MCH-110,DEV-110-POS,2026-09-25 18:22:35,2026-09-25 18:22:55,2026-09-25 18:23:25,2026-09-25 18:38:57,3,720
KDS-ORD-20260925-11364,ORD-20260925-11364,MCH-103,DEV-103-POS,2026-09-25 18:29:07,2026-09-25 18:29:27,2026-09-25 18:29:36,2026-09-25 18:43:07,3,720
KDS-ORD-20260925-11365,ORD-20260925-11365,MCH-109,DEV-109-POS,2026-09-25 19:54:03,2026-09-25 19:54:23,2026-09-25 19:54:34,2026-09-25 20:26:37,12,900
KDS-ORD-20260925-11366,ORD-20260925-11366,MCH-103,DEV-103-POS,2026-09-25 08:02:41,2026-09-25 08:03:01,2026-09-25 08:03:36,2026-09-25 08:20:28,6,720
KDS-ORD-20260925-11367,ORD-20260925-11367,MCH-101,DEV-101-POS,2026-09-25 19:10:02,2026-09-25 19:10:22,2026-09-25 19:10:49,2026-09-25 19:35:50,11,720
KDS-ORD-20260925-11368,ORD-20260925-11368,MCH-113,DEV-113-POS,2026-09-25 21:09:19,2026-09-25 21:09:39,2026-09-25 21:10:17,2026-09-25 21:41:20,16,720
KDS-ORD-20260925-11369,ORD-20260925-11369,MCH-107,DEV-107-POS,2026-09-25 10:32:10,2026-09-25 10:32:30,2026-09-25 10:32:34,2026-09-25 10:54:25,5,900
KDS-ORD-20260925-11370,ORD-20260925-11370,MCH-104,DEV-104-POS,2026-09-25 11:54:49,2026-09-25 11:55:09,2026-09-25 11:55:10,2026-09-25 12:15:14,6,1080
KDS-ORD-20260925-11371,ORD-20260925-11371,MCH-103,DEV-103-POS,2026-09-25 22:49:38,2026-09-25 22:49:58,2026-09-25 22:49:56,2026-09-25 23:06:00,6,720
KDS-ORD-20260925-11372,ORD-20260925-11372,MCH-112,DEV-112-POS,2026-09-25 10:59:43,2026-09-25 11:00:03,2026-09-25 11:00:18,2026-09-25 11:20:22,5,900
KDS-ORD-20260925-11373,ORD-20260925-11373,MCH-101,DEV-101-POS,2026-09-25 20:42:58,2026-09-25 20:43:18,2026-09-25 20:43:21,2026-09-25 21:12:00,12,720
KDS-ORD-20260925-11374,ORD-20260925-11374,MCH-107,DEV-107-POS,2026-09-25 14:21:15,2026-09-25 14:21:35,2026-09-25 14:22:14,2026-09-25 14:47:46,6,900
KDS-ORD-20260925-11375,ORD-20260925-11375,MCH-106,DEV-106-POS,2026-09-25 11:02:10,2026-09-25 11:02:30,2026-09-25 11:02:56,2026-09-25 11:18:33,3,720
KDS-ORD-20260925-11376,ORD-20260925-11376,MCH-102,DEV-102-POS,2026-09-25 20:57:36,2026-09-25 20:57:56,2026-09-25 20:57:55,2026-09-25 21:33:23,13,720
KDS-ORD-20260925-11377,ORD-20260925-11377,MCH-112,DEV-112-POS,2026-09-25 13:13:17,2026-09-25 13:13:37,2026-09-25 13:13:38,2026-09-25 13:57:41,16,900
KDS-ORD-20260925-11378,ORD-20260925-11378,MCH-101,DEV-101-POS,2026-09-25 14:23:57,2026-09-25 14:24:17,2026-09-25 14:24:48,2026-09-25 14:44:17,6,720
KDS-ORD-20260925-11379,ORD-20260925-11379,MCH-113,DEV-113-POS,2026-09-25 12:23:46,2026-09-25 12:24:06,2026-09-25 12:24:33,2026-09-25 12:56:36,11,720
KDS-ORD-20260925-11380,ORD-20260925-11380,MCH-110,DEV-110-POS,2026-09-25 17:05:00,2026-09-25 17:05:20,2026-09-25 17:05:45,2026-09-25 17:22:02,4,720
KDS-ORD-20260925-11381,ORD-20260925-11381,MCH-106,DEV-106-POS,2026-09-25 09:28:35,2026-09-25 09:28:55,2026-09-25 09:29:10,2026-09-25 09:45:42,6,720
KDS-ORD-20260925-11382,ORD-20260925-11382,MCH-109,DEV-109-POS,2026-09-25 12:39:02,2026-09-25 12:39:22,2026-09-25 12:39:58,2026-09-25 13:08:23,8,900
KDS-ORD-20260925-11383,ORD-20260925-11383,MCH-114,DEV-114-POS,2026-09-25 22:19:45,2026-09-25 22:20:05,2026-09-25 22:20:30,2026-09-25 22:36:36,6,720
KDS-ORD-20260925-11384,ORD-20260925-11384,MCH-112,DEV-112-POS,2026-09-25 11:05:24,2026-09-25 11:05:44,2026-09-25 11:06:21,2026-09-25 11:20:55,3,900
KDS-ORD-20260925-11385,ORD-20260925-11385,MCH-103,DEV-103-POS,2026-09-25 18:03:16,2026-09-25 18:03:36,2026-09-25 18:03:31,2026-09-25 18:19:39,5,720
KDS-ORD-20260925-11386,ORD-20260925-11386,MCH-112,DEV-112-POS,2026-09-25 12:09:47,2026-09-25 12:10:07,2026-09-25 12:10:07,2026-09-25 12:48:43,13,900
KDS-ORD-20260925-11387,ORD-20260925-11387,MCH-104,DEV-104-POS,2026-09-25 20:27:42,2026-09-25 20:28:02,2026-09-25 20:28:00,2026-09-25 21:05:02,13,1080
KDS-ORD-20260925-11388,ORD-20260925-11388,MCH-114,DEV-114-POS,2026-09-25 08:26:57,2026-09-25 08:27:17,2026-09-25 08:27:31,2026-09-25 08:45:11,4,720
KDS-ORD-20260925-11389,ORD-20260925-11389,MCH-105,DEV-105-POS,2026-09-25 22:53:50,2026-09-25 22:54:10,2026-09-25 22:54:23,2026-09-25 23:16:39,4,900
KDS-ORD-20260925-11390,ORD-20260925-11390,MCH-109,DEV-109-POS,2026-09-25 14:00:40,2026-09-25 14:01:00,2026-09-25 14:01:12,2026-09-25 14:36:50,10,900
KDS-ORD-20260925-11391,ORD-20260925-11391,MCH-108,DEV-108-POS,2026-09-25 11:04:26,2026-09-25 11:04:46,2026-09-25 11:05:25,2026-09-25 11:20:11,2,900
KDS-ORD-20260925-11392,ORD-20260925-11392,MCH-109,DEV-109-POS,2026-09-25 07:18:47,2026-09-25 07:19:07,2026-09-25 07:19:09,2026-09-25 07:35:06,2,900
KDS-ORD-20260925-11393,ORD-20260925-11393,MCH-107,DEV-107-POS,2026-09-25 09:40:25,2026-09-25 09:40:45,2026-09-25 09:41:23,2026-09-25 09:59:15,2,900
KDS-ORD-20260925-11394,ORD-20260925-11394,MCH-109,DEV-109-POS,2026-09-25 14:37:22,2026-09-25 14:37:42,2026-09-25 14:37:43,2026-09-25 15:15:11,13,900
KDS-ORD-20260925-11395,ORD-20260925-11395,MCH-115,DEV-115-POS,2026-09-25 12:13:15,2026-09-25 12:13:35,2026-09-25 12:14:10,2026-09-25 12:47:13,10,1080
KDS-ORD-20260925-11396,ORD-20260925-11396,MCH-101,DEV-101-POS,2026-09-25 20:01:26,2026-09-25 20:01:46,2026-09-25 20:02:08,2026-09-25 20:27:06,9,720
KDS-ORD-20260925-11397,ORD-20260925-11397,MCH-114,DEV-114-POS,2026-09-25 13:27:34,2026-09-25 13:27:54,2026-09-25 13:28:25,,9,720
KDS-ORD-20260925-11398,ORD-20260925-11398,MCH-102,DEV-102-POS,2026-09-25 11:34:10,2026-09-25 11:34:30,2026-09-25 11:35:04,2026-09-25 11:49:24,4,720
KDS-ORD-20260925-11399,ORD-20260925-11399,MCH-106,DEV-106-POS,2026-09-25 17:13:02,2026-09-25 17:13:22,2026-09-25 17:13:55,2026-09-25 17:27:35,5,720
KDS-ORD-20260925-11400,ORD-20260925-11400,MCH-103,DEV-103-POS,2026-09-25 19:34:22,2026-09-25 19:34:42,2026-09-25 19:34:53,2026-09-25 20:00:10,9,720
KDS-ORD-20260925-11401,ORD-20260925-11401,MCH-115,DEV-115-POS,2026-09-25 09:18:51,2026-09-25 09:19:11,2026-09-25 09:19:21,2026-09-25 09:45:34,6,1080
KDS-ORD-20260925-11402,ORD-20260925-11402,MCH-108,DEV-108-POS,2026-09-25 09:46:55,2026-09-25 09:47:15,2026-09-25 09:47:14,2026-09-25 10:03:27,2,900
KDS-ORD-20260925-11403,ORD-20260925-11403,MCH-101,DEV-101-POS,2026-09-25 05:17:28,2026-09-25 05:17:48,2026-09-25 05:18:02,2026-09-25 05:33:42,5,720
KDS-ORD-20260925-11404,ORD-20260925-11404,MCH-115,DEV-115-POS,2026-09-25 19:03:38,2026-09-25 19:03:58,2026-09-25 19:04:27,2026-09-25 19:50:15,14,1080
KDS-ORD-20260925-11405,ORD-20260925-11405,MCH-113,DEV-113-POS,2026-09-25 18:40:52,2026-09-25 18:41:12,2026-09-25 18:41:09,2026-09-25 18:54:45,6,720
KDS-ORD-20260925-11406,ORD-20260925-11406,MCH-107,DEV-107-POS,2026-09-25 13:33:57,2026-09-25 13:34:17,2026-09-25 13:34:52,2026-09-25 14:12:40,14,900
KDS-ORD-20260925-11407,ORD-20260925-11407,MCH-104,DEV-104-POS,2026-09-25 20:36:07,2026-09-25 20:36:27,2026-09-25 20:36:58,2026-09-25 21:14:14,9,1080
KDS-ORD-20260925-11408,ORD-20260925-11408,MCH-107,DEV-107-POS,2026-09-25 20:14:01,2026-09-25 20:14:21,2026-09-25 20:15:01,2026-09-25 20:46:12,8,900
KDS-ORD-20260925-11409,ORD-20260925-11409,MCH-110,DEV-110-POS,2026-09-25 17:53:24,2026-09-25 17:53:44,2026-09-25 17:54:09,2026-09-25 18:06:59,2,720
KDS-ORD-20260925-11410,ORD-20260925-11410,MCH-106,DEV-106-POS,2026-09-25 20:37:51,2026-09-25 20:38:11,2026-09-25 20:38:24,2026-09-25 21:09:57,14,720
KDS-ORD-20260925-11411,ORD-20260925-11411,MCH-114,DEV-114-POS,2026-09-25 10:56:56,2026-09-25 10:57:16,2026-09-25 10:57:20,2026-09-25 11:10:58,2,720
KDS-ORD-20260925-11412,ORD-20260925-11412,MCH-107,DEV-107-POS,2026-09-25 08:50:50,2026-09-25 08:51:10,2026-09-25 08:51:19,2026-09-25 09:06:47,3,900
KDS-ORD-20260925-11413,ORD-20260925-11413,MCH-109,DEV-109-POS,2026-09-25 11:50:07,2026-09-25 11:50:27,2026-09-25 11:51:01,2026-09-25 12:09:47,6,900
KDS-ORD-20260925-11414,ORD-20260925-11414,MCH-112,DEV-112-POS,2026-09-25 06:20:26,2026-09-25 06:20:46,2026-09-25 06:20:51,2026-09-25 06:39:39,6,900
KDS-ORD-20260925-11415,ORD-20260925-11415,MCH-104,DEV-104-POS,2026-09-25 15:58:30,2026-09-25 15:58:50,2026-09-25 15:59:02,2026-09-25 16:22:02,6,1080
KDS-ORD-20260925-11416,ORD-20260925-11416,MCH-113,DEV-113-POS,2026-09-25 21:23:42,2026-09-25 21:24:02,2026-09-25 21:24:25,,14,720
KDS-ORD-20260925-11417,ORD-20260925-11417,MCH-103,DEV-103-POS,2026-09-25 05:18:16,2026-09-25 05:18:36,2026-09-25 05:18:42,2026-09-25 05:34:45,6,720
KDS-ORD-20260925-11418,ORD-20260925-11418,MCH-105,DEV-105-POS,2026-09-25 08:32:29,2026-09-25 08:32:49,2026-09-25 08:33:23,2026-09-25 08:56:03,6,900
KDS-ORD-20260925-11419,ORD-20260925-11419,MCH-102,DEV-102-POS,2026-09-25 13:50:43,2026-09-25 13:51:03,2026-09-25 13:51:27,2026-09-25 14:21:24,12,720
KDS-ORD-20260925-11420,ORD-20260925-11420,MCH-110,DEV-110-POS,2026-09-25 21:44:24,2026-09-25 21:44:44,2026-09-25 21:45:15,2026-09-25 22:18:22,16,720
KDS-ORD-20260925-11421,ORD-20260925-11421,MCH-113,DEV-113-POS,2026-09-25 12:06:46,2026-09-25 12:07:06,2026-09-25 12:07:41,,9,720
KDS-ORD-20260925-11422,ORD-20260925-11422,MCH-103,DEV-103-POS,2026-09-25 14:53:59,2026-09-25 14:54:19,2026-09-25 14:54:38,2026-09-25 15:18:17,7,720
KDS-ORD-20260925-11423,ORD-20260925-11423,MCH-107,DEV-107-POS,2026-09-25 06:21:46,2026-09-25 06:22:06,2026-09-25 06:22:24,2026-09-25 06:44:43,6,900
KDS-ORD-20260925-11424,ORD-20260925-11424,MCH-115,DEV-115-POS,2026-09-25 09:57:29,2026-09-25 09:57:49,2026-09-25 09:57:45,2026-09-25 10:19:54,5,1080
KDS-ORD-20260925-11425,ORD-20260925-11425,MCH-114,DEV-114-POS,2026-09-25 23:55:00,2026-09-25 23:55:20,2026-09-25 23:55:50,2026-09-26 00:10:57,2,720
KDS-ORD-20260925-11426,ORD-20260925-11426,MCH-106,DEV-106-POS,2026-09-25 22:23:41,2026-09-25 22:24:01,2026-09-25 22:24:40,2026-09-25 22:37:44,4,720
KDS-ORD-20260925-11427,ORD-20260925-11427,MCH-101,DEV-101-POS,2026-09-25 00:56:14,2026-09-25 00:56:34,2026-09-25 00:57:08,2026-09-25 01:10:18,3,720
KDS-ORD-20260925-11428,ORD-20260925-11428,MCH-102,DEV-102-POS,2026-09-25 22:54:54,2026-09-25 22:55:14,2026-09-25 22:55:15,2026-09-25 23:14:08,6,720
KDS-ORD-20260925-11429,ORD-20260925-11429,MCH-108,DEV-108-POS,2026-09-25 18:12:22,2026-09-25 18:12:42,2026-09-25 18:12:45,2026-09-25 18:28:41,3,900
KDS-ORD-20260925-11430,ORD-20260925-11430,MCH-109,DEV-109-POS,2026-09-25 21:00:31,2026-09-25 21:00:51,2026-09-25 21:01:01,2026-09-25 21:32:42,7,900
KDS-ORD-20260925-11431,ORD-20260925-11431,MCH-103,DEV-103-POS,2026-09-25 13:11:27,2026-09-25 13:11:47,2026-09-25 13:12:26,2026-09-25 13:37:37,7,720
KDS-ORD-20260925-11432,ORD-20260925-11432,MCH-103,DEV-103-POS,2026-09-25 14:21:26,2026-09-25 14:21:46,2026-09-25 14:22:20,2026-09-25 14:56:20,16,720
KDS-ORD-20260925-11433,ORD-20260925-11433,MCH-110,DEV-110-POS,2026-09-25 14:29:01,2026-09-25 14:29:21,2026-09-25 14:30:00,2026-09-25 14:57:51,7,720
KDS-ORD-20260925-11434,ORD-20260925-11434,MCH-102,DEV-102-POS,2026-09-25 18:01:38,2026-09-25 18:01:58,2026-09-25 18:02:12,2026-09-25 18:18:12,6,720
KDS-ORD-20260925-11435,ORD-20260925-11435,MCH-103,DEV-103-POS,2026-09-25 09:35:19,2026-09-25 09:35:39,2026-09-25 09:35:41,2026-09-25 09:54:34,4,720
KDS-ORD-20260925-11436,ORD-20260925-11436,MCH-113,DEV-113-POS,2026-09-25 05:43:41,2026-09-25 05:44:01,2026-09-25 05:44:26,2026-09-25 05:54:11,2,720
KDS-ORD-20260925-11437,ORD-20260925-11437,MCH-115,DEV-115-POS,2026-09-25 12:11:40,2026-09-25 12:12:00,2026-09-25 12:12:34,2026-09-25 12:58:24,15,1080
KDS-ORD-20260925-11438,ORD-20260925-11438,MCH-115,DEV-115-POS,2026-09-25 19:10:49,2026-09-25 19:11:09,2026-09-25 19:11:12,2026-09-25 19:45:59,11,1080
KDS-ORD-20260925-11439,ORD-20260925-11439,MCH-105,DEV-105-POS,2026-09-25 10:55:55,2026-09-25 10:56:15,2026-09-25 10:56:51,2026-09-25 11:15:49,4,900
KDS-ORD-20260925-11440,ORD-20260925-11440,MCH-111,DEV-111-POS,2026-09-25 18:59:04,2026-09-25 18:59:24,2026-09-25 18:59:31,2026-09-25 19:24:08,5,1080
KDS-ORD-20260925-11441,ORD-20260925-11441,MCH-106,DEV-106-POS,2026-09-25 22:47:15,2026-09-25 22:47:35,2026-09-25 22:47:44,2026-09-25 23:05:19,5,720
KDS-ORD-20260925-11442,ORD-20260925-11442,MCH-103,DEV-103-POS,2026-09-25 07:05:46,2026-09-25 07:06:06,2026-09-25 07:06:38,2026-09-25 07:24:01,4,720
KDS-ORD-20260925-11443,ORD-20260925-11443,MCH-112,DEV-112-POS,2026-09-25 18:12:17,2026-09-25 18:12:37,2026-09-25 18:12:43,2026-09-25 18:31:22,3,900
KDS-ORD-20260925-11444,ORD-20260925-11444,MCH-112,DEV-112-POS,2026-09-25 13:23:23,2026-09-25 13:23:43,2026-09-25 13:24:00,2026-09-25 14:01:09,14,900
KDS-ORD-20260925-11445,ORD-20260925-11445,MCH-104,DEV-104-POS,2026-09-25 20:01:32,2026-09-25 20:01:52,2026-09-25 20:01:53,2026-09-25 20:43:21,12,1080
KDS-ORD-20260925-11446,ORD-20260925-11446,MCH-112,DEV-112-POS,2026-09-25 09:07:26,2026-09-25 09:07:46,2026-09-25 09:08:01,2026-09-25 09:28:24,6,900
KDS-ORD-20260925-11447,ORD-20260925-11447,MCH-102,DEV-102-POS,2026-09-25 19:47:48,2026-09-25 19:48:08,2026-09-25 19:48:14,2026-09-25 20:11:35,10,720
KDS-ORD-20260925-11448,ORD-20260925-11448,MCH-103,DEV-103-POS,2026-09-25 20:20:25,2026-09-25 20:20:45,2026-09-25 20:21:16,2026-09-25 20:43:00,8,720
KDS-ORD-20260925-11449,ORD-20260925-11449,MCH-113,DEV-113-POS,2026-09-25 21:47:04,2026-09-25 21:47:24,2026-09-25 21:47:27,2026-09-25 22:23:06,12,720
KDS-ORD-20260925-11450,ORD-20260925-11450,MCH-110,DEV-110-POS,2026-09-25 19:10:40,2026-09-25 19:11:00,2026-09-25 19:11:29,,6,720
KDS-ORD-20260925-11451,ORD-20260925-11451,MCH-113,DEV-113-POS,2026-09-25 14:22:42,2026-09-25 14:23:02,2026-09-25 14:23:39,,14,720
KDS-ORD-20260925-11452,ORD-20260925-11452,MCH-102,DEV-102-POS,2026-09-25 17:39:45,2026-09-25 17:40:05,2026-09-25 17:40:22,2026-09-25 17:55:05,3,720
KDS-ORD-20260925-11453,ORD-20260925-11453,MCH-115,DEV-115-POS,2026-09-25 20:14:17,2026-09-25 20:14:37,2026-09-25 20:15:01,2026-09-25 20:56:54,12,1080
KDS-ORD-20260925-11454,ORD-20260925-11454,MCH-108,DEV-108-POS,2026-09-25 16:50:00,2026-09-25 16:50:20,2026-09-25 16:50:17,2026-09-25 17:06:56,6,900
KDS-ORD-20260925-11455,ORD-20260925-11455,MCH-112,DEV-112-POS,2026-09-25 05:16:57,2026-09-25 05:17:17,2026-09-25 05:17:30,2026-09-25 05:37:01,4,900
KDS-ORD-20260925-11456,ORD-20260925-11456,MCH-108,DEV-108-POS,2026-09-25 21:45:13,2026-09-25 21:45:33,2026-09-25 21:46:11,,13,900
KDS-ORD-20260925-11457,ORD-20260925-11457,MCH-103,DEV-103-POS,2026-09-25 20:00:03,2026-09-25 20:00:23,2026-09-25 20:00:33,2026-09-25 20:27:51,6,720
KDS-ORD-20260925-11458,ORD-20260925-11458,MCH-107,DEV-107-POS,2026-09-25 19:28:48,2026-09-25 19:29:08,2026-09-25 19:29:23,2026-09-25 19:58:25,16,900
KDS-ORD-20260925-11459,ORD-20260925-11459,MCH-115,DEV-115-POS,2026-09-25 11:01:45,2026-09-25 11:02:05,2026-09-25 11:02:24,2026-09-25 11:21:39,3,1080
KDS-ORD-20260925-11460,ORD-20260925-11460,MCH-112,DEV-112-POS,2026-09-25 18:18:15,2026-09-25 18:18:35,2026-09-25 18:18:36,2026-09-25 18:41:24,5,900
KDS-ORD-20260925-11461,ORD-20260925-11461,MCH-115,DEV-115-POS,2026-09-25 12:04:27,2026-09-25 12:04:47,2026-09-25 12:05:13,2026-09-25 12:46:19,13,1080
KDS-ORD-20260925-11462,ORD-20260925-11462,MCH-109,DEV-109-POS,2026-09-25 18:59:47,2026-09-25 19:00:07,2026-09-25 19:00:15,2026-09-25 19:17:31,3,900
KDS-ORD-20260925-11463,ORD-20260925-11463,MCH-114,DEV-114-POS,2026-09-25 08:50:57,2026-09-25 08:51:17,2026-09-25 08:51:14,2026-09-25 09:06:59,6,720
KDS-ORD-20260925-11464,ORD-20260925-11464,MCH-114,DEV-114-POS,2026-09-25 18:18:39,2026-09-25 18:18:59,2026-09-25 18:19:03,2026-09-25 18:32:31,2,720
KDS-ORD-20260925-11465,ORD-20260925-11465,MCH-101,DEV-101-POS,2026-09-25 23:41:21,2026-09-25 23:41:41,2026-09-25 23:42:15,2026-09-25 23:55:03,2,720
KDS-ORD-20260925-11466,ORD-20260925-11466,MCH-106,DEV-106-POS,2026-09-25 06:57:07,2026-09-25 06:57:27,2026-09-25 06:57:58,2026-09-25 07:11:01,2,720
KDS-ORD-20260925-11467,ORD-20260925-11467,MCH-101,DEV-101-POS,2026-09-25 22:29:56,2026-09-25 22:30:16,2026-09-25 22:30:21,2026-09-25 22:41:33,2,720
KDS-ORD-20260925-11468,ORD-20260925-11468,MCH-112,DEV-112-POS,2026-09-25 13:11:59,2026-09-25 13:12:19,2026-09-25 13:12:22,2026-09-25 13:48:26,11,900
KDS-ORD-20260925-11469,ORD-20260925-11469,MCH-109,DEV-109-POS,2026-09-25 20:17:10,2026-09-25 20:17:30,2026-09-25 20:17:45,2026-09-25 20:47:27,7,900
KDS-ORD-20260925-11470,ORD-20260925-11470,MCH-107,DEV-107-POS,2026-09-25 20:44:26,2026-09-25 20:44:46,2026-09-25 20:45:14,2026-09-25 21:24:00,13,900
KDS-ORD-20260925-11471,ORD-20260925-11471,MCH-105,DEV-105-POS,2026-09-25 16:05:42,2026-09-25 16:06:02,2026-09-25 16:06:20,2026-09-25 16:28:30,6,900
KDS-ORD-20260925-11472,ORD-20260925-11472,MCH-110,DEV-110-POS,2026-09-25 19:54:06,2026-09-25 19:54:26,2026-09-25 19:55:04,2026-09-25 20:24:04,9,720
KDS-ORD-20260925-11473,ORD-20260925-11473,MCH-109,DEV-109-POS,2026-09-25 21:01:50,2026-09-25 21:02:10,2026-09-25 21:02:17,2026-09-25 21:34:53,15,900
KDS-ORD-20260925-11474,ORD-20260925-11474,MCH-104,DEV-104-POS,2026-09-25 13:36:51,2026-09-25 13:37:11,2026-09-25 13:37:18,2026-09-25 14:10:42,6,1080
KDS-ORD-20260925-11475,ORD-20260925-11475,MCH-105,DEV-105-POS,2026-09-25 12:06:48,2026-09-25 12:07:08,2026-09-25 12:07:36,2026-09-25 12:44:02,13,900
KDS-ORD-20260925-11476,ORD-20260925-11476,MCH-112,DEV-112-POS,2026-09-25 18:38:35,2026-09-25 18:38:55,2026-09-25 18:39:08,2026-09-25 18:57:36,2,900
KDS-ORD-20260925-11477,ORD-20260925-11477,MCH-101,DEV-101-POS,2026-09-25 20:40:43,2026-09-25 20:41:03,2026-09-25 20:41:03,,14,720
KDS-ORD-20260925-11478,ORD-20260925-11478,MCH-106,DEV-106-POS,2026-09-25 19:52:18,2026-09-25 19:52:38,2026-09-25 19:53:04,2026-09-25 20:15:16,6,720
KDS-ORD-20260925-11479,ORD-20260925-11479,MCH-101,DEV-101-POS,2026-09-25 20:19:55,2026-09-25 20:20:15,2026-09-25 20:20:35,2026-09-25 20:46:19,10,720
KDS-ORD-20260925-11480,ORD-20260925-11480,MCH-105,DEV-105-POS,2026-09-25 13:57:46,2026-09-25 13:58:06,2026-09-25 13:58:24,2026-09-25 14:33:25,10,900
KDS-ORD-20260925-11481,ORD-20260925-11481,MCH-105,DEV-105-POS,2026-09-25 20:14:29,2026-09-25 20:14:49,2026-09-25 20:15:10,2026-09-25 20:44:28,9,900
KDS-ORD-20260925-11482,ORD-20260925-11482,MCH-110,DEV-110-POS,2026-09-25 08:36:09,2026-09-25 08:36:29,2026-09-25 08:37:09,2026-09-25 08:50:58,3,720
KDS-ORD-20260925-11483,ORD-20260925-11483,MCH-107,DEV-107-POS,2026-09-25 15:13:23,2026-09-25 15:13:43,2026-09-25 15:14:10,2026-09-25 15:34:11,6,900
KDS-ORD-20260925-11484,ORD-20260925-11484,MCH-102,DEV-102-POS,2026-09-25 00:40:29,2026-09-25 00:40:49,2026-09-25 00:41:22,2026-09-25 00:57:27,6,720
KDS-ORD-20260925-11485,ORD-20260925-11485,MCH-114,DEV-114-POS,2026-09-25 12:06:03,2026-09-25 12:06:23,2026-09-25 12:06:48,2026-09-25 12:31:03,7,720
KDS-ORD-20260925-11486,ORD-20260925-11486,MCH-108,DEV-108-POS,2026-09-25 12:45:34,2026-09-25 12:45:54,2026-09-25 12:46:06,2026-09-25 13:16:58,7,900
KDS-ORD-20260925-11487,ORD-20260925-11487,MCH-115,DEV-115-POS,2026-09-25 12:18:50,2026-09-25 12:19:10,2026-09-25 12:19:35,2026-09-25 12:52:46,6,1080
KDS-ORD-20260925-11488,ORD-20260925-11488,MCH-113,DEV-113-POS,2026-09-25 19:38:03,2026-09-25 19:38:23,2026-09-25 19:38:45,2026-09-25 20:01:43,8,720
KDS-ORD-20260925-11489,ORD-20260925-11489,MCH-114,DEV-114-POS,2026-09-25 12:49:01,2026-09-25 12:49:21,2026-09-25 12:49:45,2026-09-25 13:17:14,11,720
KDS-ORD-20260925-11490,ORD-20260925-11490,MCH-105,DEV-105-POS,2026-09-25 13:41:58,2026-09-25 13:42:18,2026-09-25 13:42:23,2026-09-25 14:26:20,16,900
KDS-ORD-20260925-11491,ORD-20260925-11491,MCH-104,DEV-104-POS,2026-09-25 11:35:48,2026-09-25 11:36:08,2026-09-25 11:36:42,2026-09-25 11:59:02,3,1080
KDS-ORD-20260925-11492,ORD-20260925-11492,MCH-104,DEV-104-POS,2026-09-25 12:44:49,2026-09-25 12:45:09,2026-09-25 12:45:20,2026-09-25 13:19:42,10,1080
KDS-ORD-20260925-11493,ORD-20260925-11493,MCH-106,DEV-106-POS,2026-09-25 10:41:51,2026-09-25 10:42:11,2026-09-25 10:42:19,2026-09-25 10:56:11,3,720
KDS-ORD-20260925-11494,ORD-20260925-11494,MCH-108,DEV-108-POS,2026-09-25 07:25:38,2026-09-25 07:25:58,2026-09-25 07:26:06,2026-09-25 07:47:50,6,900
KDS-ORD-20260925-11495,ORD-20260925-11495,MCH-102,DEV-102-POS,2026-09-25 17:49:03,2026-09-25 17:49:23,2026-09-25 17:49:25,2026-09-25 18:02:15,2,720
KDS-ORD-20260925-11496,ORD-20260925-11496,MCH-106,DEV-106-POS,2026-09-25 18:48:48,2026-09-25 18:49:08,2026-09-25 18:49:35,2026-09-25 19:02:15,4,720
KDS-ORD-20260925-11497,ORD-20260925-11497,MCH-107,DEV-107-POS,2026-09-25 17:02:03,2026-09-25 17:02:23,2026-09-25 17:03:01,2026-09-25 17:19:54,2,900
KDS-ORD-20260925-11498,ORD-20260925-11498,MCH-114,DEV-114-POS,2026-09-25 13:37:43,2026-09-25 13:38:03,2026-09-25 13:38:12,2026-09-25 14:08:43,16,720
KDS-ORD-20260925-11499,ORD-20260925-11499,MCH-103,DEV-103-POS,2026-09-25 12:53:37,2026-09-25 12:53:57,2026-09-25 12:54:19,2026-09-25 13:27:17,16,720
KDS-ORD-20260925-11500,ORD-20260925-11500,MCH-104,DEV-104-POS,2026-09-25 20:42:06,2026-09-25 20:42:26,2026-09-25 20:42:56,2026-09-25 21:22:06,16,1080
KDS-ORD-20260925-11501,ORD-20260925-11501,MCH-107,DEV-107-POS,2026-09-25 14:13:16,2026-09-25 14:13:36,2026-09-25 14:14:07,2026-09-25 14:38:54,8,900
KDS-ORD-20260925-11502,ORD-20260925-11502,MCH-112,DEV-112-POS,2026-09-25 13:33:31,2026-09-25 13:33:51,2026-09-25 13:34:16,2026-09-25 14:03:39,6,900
KDS-ORD-20260925-11503,ORD-20260925-11503,MCH-109,DEV-109-POS,2026-09-25 04:14:44,2026-09-25 04:15:04,2026-09-25 04:15:19,2026-09-25 04:33:21,6,900
KDS-ORD-20260925-11504,ORD-20260925-11504,MCH-111,DEV-111-POS,2026-09-25 12:40:26,2026-09-25 12:40:46,2026-09-25 12:41:02,2026-09-25 13:22:42,10,1080
KDS-ORD-20260925-11505,ORD-20260925-11505,MCH-108,DEV-108-POS,2026-09-25 12:59:49,2026-09-25 13:00:09,2026-09-25 13:00:47,2026-09-25 13:29:09,10,900
KDS-ORD-20260925-11506,ORD-20260925-11506,MCH-112,DEV-112-POS,2026-09-25 13:11:52,2026-09-25 13:12:12,2026-09-25 13:12:20,,8,900
KDS-ORD-20260925-11507,ORD-20260925-11507,MCH-114,DEV-114-POS,2026-09-25 16:03:51,2026-09-25 16:04:11,2026-09-25 16:04:34,2026-09-25 16:22:11,5,720
KDS-ORD-20260925-11508,ORD-20260925-11508,MCH-101,DEV-101-POS,2026-09-25 15:14:53,2026-09-25 15:15:13,2026-09-25 15:15:18,2026-09-25 15:32:31,5,720
KDS-ORD-20260925-11509,ORD-20260925-11509,MCH-106,DEV-106-POS,2026-09-25 17:30:36,2026-09-25 17:30:56,2026-09-25 17:31:14,2026-09-25 17:49:01,4,720
KDS-ORD-20260925-11510,ORD-20260925-11510,MCH-114,DEV-114-POS,2026-09-25 19:54:21,2026-09-25 19:54:41,2026-09-25 19:54:55,2026-09-25 20:20:36,14,720
KDS-ORD-20260925-11511,ORD-20260925-11511,MCH-105,DEV-105-POS,2026-09-25 20:28:21,2026-09-25 20:28:41,2026-09-25 20:29:14,2026-09-25 21:04:35,9,900
KDS-ORD-20260925-11512,ORD-20260925-11512,MCH-101,DEV-101-POS,2026-09-25 19:02:57,2026-09-25 19:03:17,2026-09-25 19:03:26,2026-09-25 19:38:34,16,720
KDS-ORD-20260925-11513,ORD-20260925-11513,MCH-115,DEV-115-POS,2026-09-25 22:20:16,2026-09-25 22:20:36,2026-09-25 22:21:06,2026-09-25 22:40:41,3,1080
KDS-ORD-20260925-11514,ORD-20260925-11514,MCH-111,DEV-111-POS,2026-09-25 03:58:23,2026-09-25 03:58:43,2026-09-25 03:59:04,2026-09-25 04:25:12,6,1080
KDS-ORD-20260925-11515,ORD-20260925-11515,MCH-113,DEV-113-POS,2026-09-25 10:33:51,2026-09-25 10:34:11,2026-09-25 10:34:25,2026-09-25 10:46:26,2,720
KDS-ORD-20260925-11516,ORD-20260925-11516,MCH-104,DEV-104-POS,2026-09-25 01:33:36,2026-09-25 01:33:56,2026-09-25 01:34:07,2026-09-25 01:56:00,4,1080
KDS-ORD-20260925-11517,ORD-20260925-11517,MCH-105,DEV-105-POS,2026-09-25 18:16:31,2026-09-25 18:16:51,2026-09-25 18:16:55,2026-09-25 18:33:50,2,900
KDS-ORD-20260925-11518,ORD-20260925-11518,MCH-104,DEV-104-POS,2026-09-25 21:24:01,2026-09-25 21:24:21,2026-09-25 21:24:53,,11,1080
KDS-ORD-20260925-11519,ORD-20260925-11519,MCH-108,DEV-108-POS,2026-09-25 11:54:46,2026-09-25 11:55:06,2026-09-25 11:55:35,2026-09-25 12:13:25,2,900
KDS-ORD-20260925-11520,ORD-20260925-11520,MCH-106,DEV-106-POS,2026-09-25 21:10:13,2026-09-25 21:10:33,2026-09-25 21:10:49,2026-09-25 21:39:41,15,720
KDS-ORD-20260925-11521,ORD-20260925-11521,MCH-102,DEV-102-POS,2026-09-25 06:14:09,2026-09-25 06:14:29,2026-09-25 06:14:43,2026-09-25 06:32:32,5,720
KDS-ORD-20260925-11522,ORD-20260925-11522,MCH-108,DEV-108-POS,2026-09-25 21:26:09,2026-09-25 21:26:29,2026-09-25 21:26:55,2026-09-25 22:07:42,14,900
KDS-ORD-20260925-11523,ORD-20260925-11523,MCH-108,DEV-108-POS,2026-09-25 12:14:49,2026-09-25 12:15:09,2026-09-25 12:15:29,2026-09-25 12:50:33,15,900
KDS-ORD-20260925-11524,ORD-20260925-11524,MCH-104,DEV-104-POS,2026-09-25 08:27:06,2026-09-25 08:27:26,2026-09-25 08:27:21,2026-09-25 08:55:06,6,1080
KDS-ORD-20260925-11525,ORD-20260925-11525,MCH-101,DEV-101-POS,2026-09-25 14:56:50,2026-09-25 14:57:10,2026-09-25 14:57:31,2026-09-25 15:25:35,12,720
KDS-ORD-20260925-11526,ORD-20260925-11526,MCH-103,DEV-103-POS,2026-09-25 11:50:29,2026-09-25 11:50:49,2026-09-25 11:51:13,2026-09-25 12:09:29,2,720
KDS-ORD-20260925-11527,ORD-20260925-11527,MCH-115,DEV-115-POS,2026-09-25 11:30:22,2026-09-25 11:30:42,2026-09-25 11:30:45,2026-09-25 11:53:18,3,1080
KDS-ORD-20260925-11528,ORD-20260925-11528,MCH-103,DEV-103-POS,2026-09-25 12:22:08,2026-09-25 12:22:28,2026-09-25 12:23:08,2026-09-25 12:48:30,7,720
KDS-ORD-20260925-11529,ORD-20260925-11529,MCH-112,DEV-112-POS,2026-09-25 20:18:03,2026-09-25 20:18:23,2026-09-25 20:18:53,2026-09-25 20:49:31,15,900
KDS-ORD-20260925-11530,ORD-20260925-11530,MCH-111,DEV-111-POS,2026-09-25 15:50:52,2026-09-25 15:51:12,2026-09-25 15:51:38,2026-09-25 16:12:27,2,1080
KDS-ORD-20260925-11531,ORD-20260925-11531,MCH-113,DEV-113-POS,2026-09-25 12:01:18,2026-09-25 12:01:38,2026-09-25 12:01:51,2026-09-25 12:25:39,7,720
KDS-ORD-20260925-11532,ORD-20260925-11532,MCH-110,DEV-110-POS,2026-09-25 17:09:41,2026-09-25 17:10:01,2026-09-25 17:10:17,2026-09-25 17:25:36,2,720
KDS-ORD-20260925-11533,ORD-20260925-11533,MCH-111,DEV-111-POS,2026-09-25 19:48:11,2026-09-25 19:48:31,2026-09-25 19:48:27,2026-09-25 20:20:22,6,1080
KDS-ORD-20260925-11534,ORD-20260925-11534,MCH-109,DEV-109-POS,2026-09-25 11:46:45,2026-09-25 11:47:05,2026-09-25 11:47:25,2026-09-25 12:07:48,4,900
KDS-ORD-20260925-11535,ORD-20260925-11535,MCH-107,DEV-107-POS,2026-09-25 13:51:35,2026-09-25 13:51:55,2026-09-25 13:52:29,2026-09-25 14:29:46,16,900
KDS-ORD-20260925-11536,ORD-20260925-11536,MCH-104,DEV-104-POS,2026-09-25 08:40:05,2026-09-25 08:40:25,2026-09-25 08:40:42,2026-09-25 09:05:35,6,1080
KDS-ORD-20260925-11537,ORD-20260925-11537,MCH-104,DEV-104-POS,2026-09-25 10:12:50,2026-09-25 10:13:10,2026-09-25 10:13:40,2026-09-25 10:34:19,3,1080
KDS-ORD-20260925-11538,ORD-20260925-11538,MCH-105,DEV-105-POS,2026-09-25 19:44:02,2026-09-25 19:44:22,2026-09-25 19:44:48,2026-09-25 20:16:11,9,900
KDS-ORD-20260925-11539,ORD-20260925-11539,MCH-113,DEV-113-POS,2026-09-25 10:19:33,2026-09-25 10:19:53,2026-09-25 10:20:15,2026-09-25 10:33:10,2,720
KDS-ORD-20260925-11540,ORD-20260925-11540,MCH-102,DEV-102-POS,2026-09-25 15:58:50,2026-09-25 15:59:10,2026-09-25 15:59:35,2026-09-25 16:16:53,5,720
KDS-ORD-20260925-11541,ORD-20260925-11541,MCH-109,DEV-109-POS,2026-09-25 19:52:28,2026-09-25 19:52:48,2026-09-25 19:52:51,2026-09-25 20:27:13,15,900
KDS-ORD-20260925-11542,ORD-20260925-11542,MCH-112,DEV-112-POS,2026-09-25 08:45:31,2026-09-25 08:45:51,2026-09-25 08:45:49,2026-09-25 09:03:42,2,900
KDS-ORD-20260925-11543,ORD-20260925-11543,MCH-103,DEV-103-POS,2026-09-25 16:43:55,2026-09-25 16:44:15,2026-09-25 16:44:43,2026-09-25 17:01:49,5,720
KDS-ORD-20260925-11544,ORD-20260925-11544,MCH-115,DEV-115-POS,2026-09-25 11:17:04,2026-09-25 11:17:24,2026-09-25 11:17:37,2026-09-25 11:41:39,6,1080
KDS-ORD-20260925-11545,ORD-20260925-11545,MCH-102,DEV-102-POS,2026-09-25 22:25:06,2026-09-25 22:25:26,2026-09-25 22:25:21,2026-09-25 22:42:13,5,720
KDS-ORD-20260925-11546,ORD-20260925-11546,MCH-110,DEV-110-POS,2026-09-25 14:21:55,2026-09-25 14:22:15,2026-09-25 14:22:48,2026-09-25 14:54:12,15,720
KDS-ORD-20260925-11547,ORD-20260925-11547,MCH-111,DEV-111-POS,2026-09-25 20:41:33,2026-09-25 20:41:53,2026-09-25 20:42:21,2026-09-25 21:27:17,14,1080
KDS-ORD-20260925-11548,ORD-20260925-11548,MCH-112,DEV-112-POS,2026-09-25 15:12:50,2026-09-25 15:13:10,2026-09-25 15:13:34,2026-09-25 15:31:22,3,900
KDS-ORD-20260925-11549,ORD-20260925-11549,MCH-105,DEV-105-POS,2026-09-25 06:42:29,2026-09-25 06:42:49,2026-09-25 06:43:29,2026-09-25 07:00:04,5,900
KDS-ORD-20260925-11550,ORD-20260925-11550,MCH-111,DEV-111-POS,2026-09-25 18:24:38,2026-09-25 18:24:58,2026-09-25 18:25:15,2026-09-25 18:41:37,2,1080
KDS-ORD-20260925-11551,ORD-20260925-11551,MCH-115,DEV-115-POS,2026-09-25 22:28:27,2026-09-25 22:28:47,2026-09-25 22:29:18,2026-09-25 22:52:42,4,1080
KDS-ORD-20260925-11552,ORD-20260925-11552,MCH-110,DEV-110-POS,2026-09-25 17:27:23,2026-09-25 17:27:43,2026-09-25 17:27:49,2026-09-25 17:42:47,2,720
KDS-ORD-20260925-11553,ORD-20260925-11553,MCH-108,DEV-108-POS,2026-09-25 20:12:47,2026-09-25 20:13:07,2026-09-25 20:13:25,2026-09-25 20:45:08,13,900
KDS-ORD-20260925-11554,ORD-20260925-11554,MCH-101,DEV-101-POS,2026-09-25 21:01:10,2026-09-25 21:01:30,2026-09-25 21:01:36,2026-09-25 21:34:46,12,720
KDS-ORD-20260925-11555,ORD-20260925-11555,MCH-109,DEV-109-POS,2026-09-25 10:44:38,2026-09-25 10:44:58,2026-09-25 10:45:02,2026-09-25 11:06:18,6,900
KDS-ORD-20260925-11556,ORD-20260925-11556,MCH-101,DEV-101-POS,2026-09-25 10:49:31,2026-09-25 10:49:51,2026-09-25 10:50:22,2026-09-25 11:03:57,2,720
KDS-ORD-20260925-11557,ORD-20260925-11557,MCH-105,DEV-105-POS,2026-09-25 17:03:52,2026-09-25 17:04:12,2026-09-25 17:04:12,2026-09-25 17:25:08,6,900
KDS-ORD-20260925-11558,ORD-20260925-11558,MCH-111,DEV-111-POS,2026-09-25 13:03:34,2026-09-25 13:03:54,2026-09-25 13:04:26,,6,1080
KDS-ORD-20260925-11559,ORD-20260925-11559,MCH-110,DEV-110-POS,2026-09-25 20:23:08,2026-09-25 20:23:28,2026-09-25 20:23:47,,12,720
KDS-ORD-20260925-11560,ORD-20260925-11560,MCH-113,DEV-113-POS,2026-09-25 21:24:45,2026-09-25 21:25:05,2026-09-25 21:25:03,2026-09-25 21:52:11,13,720
KDS-ORD-20260925-11561,ORD-20260925-11561,MCH-112,DEV-112-POS,2026-09-25 12:28:56,2026-09-25 12:29:16,2026-09-25 12:29:14,2026-09-25 13:04:31,12,900
KDS-ORD-20260925-11562,ORD-20260925-11562,MCH-114,DEV-114-POS,2026-09-25 11:05:33,2026-09-25 11:05:53,2026-09-25 11:06:01,2026-09-25 11:20:57,3,720
KDS-ORD-20260925-11563,ORD-20260925-11563,MCH-115,DEV-115-POS,2026-09-25 20:30:14,2026-09-25 20:30:34,2026-09-25 20:30:45,2026-09-25 21:09:24,11,1080
KDS-ORD-20260925-11564,ORD-20260925-11564,MCH-101,DEV-101-POS,2026-09-25 11:34:10,2026-09-25 11:34:30,2026-09-25 11:34:46,2026-09-25 11:50:38,2,720
KDS-ORD-20260925-11565,ORD-20260925-11565,MCH-102,DEV-102-POS,2026-09-25 20:53:01,2026-09-25 20:53:21,2026-09-25 20:53:55,2026-09-25 21:26:22,11,720
KDS-ORD-20260925-11566,ORD-20260925-11566,MCH-103,DEV-103-POS,2026-09-25 13:19:32,2026-09-25 13:19:52,2026-09-25 13:20:10,2026-09-25 13:44:39,10,720
KDS-ORD-20260925-11567,ORD-20260925-11567,MCH-109,DEV-109-POS,2026-09-25 18:34:10,2026-09-25 18:34:30,2026-09-25 18:34:43,2026-09-25 18:56:48,5,900
KDS-ORD-20260925-11568,ORD-20260925-11568,MCH-115,DEV-115-POS,2026-09-25 08:55:05,2026-09-25 08:55:25,2026-09-25 08:55:27,2026-09-25 09:18:52,6,1080
KDS-ORD-20260925-11569,ORD-20260925-11569,MCH-107,DEV-107-POS,2026-09-25 18:41:55,2026-09-25 18:42:15,2026-09-25 18:42:36,2026-09-25 19:03:12,5,900
KDS-ORD-20260925-11570,ORD-20260925-11570,MCH-105,DEV-105-POS,2026-09-25 13:39:08,2026-09-25 13:39:28,2026-09-25 13:39:28,2026-09-25 14:04:47,8,900
KDS-ORD-20260925-11571,ORD-20260925-11571,MCH-106,DEV-106-POS,2026-09-25 17:58:29,2026-09-25 17:58:49,2026-09-25 17:59:01,2026-09-25 18:12:13,4,720
KDS-ORD-20260925-11572,ORD-20260925-11572,MCH-105,DEV-105-POS,2026-09-25 09:30:23,2026-09-25 09:30:43,2026-09-25 09:30:41,2026-09-25 09:45:27,2,900
KDS-ORD-20260925-11573,ORD-20260925-11573,MCH-101,DEV-101-POS,2026-09-25 19:40:44,2026-09-25 19:41:04,2026-09-25 19:41:18,2026-09-25 20:08:42,8,720
KDS-ORD-20260925-11574,ORD-20260925-11574,MCH-110,DEV-110-POS,2026-09-25 20:53:53,2026-09-25 20:54:13,2026-09-25 20:54:37,2026-09-25 21:29:52,12,720
KDS-ORD-20260925-11575,ORD-20260925-11575,MCH-108,DEV-108-POS,2026-09-25 10:09:53,2026-09-25 10:10:13,2026-09-25 10:10:39,2026-09-25 10:28:57,3,900
KDS-ORD-20260925-11576,ORD-20260925-11576,MCH-106,DEV-106-POS,2026-09-25 08:34:50,2026-09-25 08:35:10,2026-09-25 08:35:13,2026-09-25 08:49:12,5,720
KDS-ORD-20260925-11577,ORD-20260925-11577,MCH-107,DEV-107-POS,2026-09-25 04:36:30,2026-09-25 04:36:50,2026-09-25 04:37:03,2026-09-25 04:52:34,2,900
KDS-ORD-20260925-11578,ORD-20260925-11578,MCH-108,DEV-108-POS,2026-09-25 18:27:13,2026-09-25 18:27:33,2026-09-25 18:27:44,2026-09-25 18:43:40,4,900
KDS-ORD-20260925-11579,ORD-20260925-11579,MCH-102,DEV-102-POS,2026-09-25 17:03:02,2026-09-25 17:03:22,2026-09-25 17:03:20,2026-09-25 17:18:26,3,720
KDS-ORD-20260925-11580,ORD-20260925-11580,MCH-102,DEV-102-POS,2026-09-25 15:45:41,2026-09-25 15:46:01,2026-09-25 15:46:08,2026-09-25 16:03:18,5,720
KDS-ORD-20260925-11581,ORD-20260925-11581,MCH-101,DEV-101-POS,2026-09-25 11:23:54,2026-09-25 11:24:14,2026-09-25 11:24:32,2026-09-25 11:41:59,6,720
KDS-ORD-20260925-11582,ORD-20260925-11582,MCH-104,DEV-104-POS,2026-09-25 12:32:48,2026-09-25 12:33:08,2026-09-25 12:33:08,,6,1080
KDS-ORD-20260925-11583,ORD-20260925-11583,MCH-106,DEV-106-POS,2026-09-25 17:50:33,2026-09-25 17:50:53,2026-09-25 17:50:52,2026-09-25 18:02:52,2,720
KDS-ORD-20260925-11584,ORD-20260925-11584,MCH-102,DEV-102-POS,2026-09-25 14:15:40,2026-09-25 14:16:00,2026-09-25 14:16:25,2026-09-25 14:43:50,10,720
KDS-ORD-20260925-11585,ORD-20260925-11585,MCH-112,DEV-112-POS,2026-09-25 23:52:04,2026-09-25 23:52:24,2026-09-25 23:52:29,2026-09-26 00:14:11,6,900
KDS-ORD-20260925-11586,ORD-20260925-11586,MCH-107,DEV-107-POS,2026-09-25 09:53:45,2026-09-25 09:54:05,2026-09-25 09:54:35,2026-09-25 10:14:46,6,900
KDS-ORD-20260925-11587,ORD-20260925-11587,MCH-110,DEV-110-POS,2026-09-25 19:46:55,2026-09-25 19:47:15,2026-09-25 19:47:33,2026-09-25 20:16:11,9,720
KDS-ORD-20260925-11588,ORD-20260925-11588,MCH-112,DEV-112-POS,2026-09-25 13:36:24,2026-09-25 13:36:44,2026-09-25 13:37:00,2026-09-25 14:13:35,10,900
KDS-ORD-20260925-11589,ORD-20260925-11589,MCH-109,DEV-109-POS,2026-09-25 13:48:46,2026-09-25 13:49:06,2026-09-25 13:49:15,2026-09-25 14:24:43,12,900
KDS-ORD-20260925-11590,ORD-20260925-11590,MCH-107,DEV-107-POS,2026-09-25 19:55:25,2026-09-25 19:55:45,2026-09-25 19:55:58,2026-09-25 20:23:00,6,900
KDS-ORD-20260925-11591,ORD-20260925-11591,MCH-108,DEV-108-POS,2026-09-25 19:13:10,2026-09-25 19:13:30,2026-09-25 19:13:36,2026-09-25 19:38:58,8,900
KDS-ORD-20260925-11592,ORD-20260925-11592,MCH-111,DEV-111-POS,2026-09-25 23:12:20,2026-09-25 23:12:40,2026-09-25 23:12:57,2026-09-25 23:34:52,3,1080
KDS-ORD-20260925-11593,ORD-20260925-11593,MCH-107,DEV-107-POS,2026-09-25 08:28:20,2026-09-25 08:28:40,2026-09-25 08:28:35,2026-09-25 08:48:57,4,900
KDS-ORD-20260925-11594,ORD-20260925-11594,MCH-103,DEV-103-POS,2026-09-25 08:28:39,2026-09-25 08:28:59,2026-09-25 08:29:27,2026-09-25 08:40:57,2,720
KDS-ORD-20260925-11595,ORD-20260925-11595,MCH-111,DEV-111-POS,2026-09-25 19:14:17,2026-09-25 19:14:37,2026-09-25 19:15:14,2026-09-25 19:50:43,10,1080
KDS-ORD-20260925-11596,ORD-20260925-11596,MCH-104,DEV-104-POS,2026-09-25 16:57:55,2026-09-25 16:58:15,2026-09-25 16:58:45,2026-09-25 17:23:59,6,1080
KDS-ORD-20260925-11597,ORD-20260925-11597,MCH-103,DEV-103-POS,2026-09-25 11:52:55,2026-09-25 11:53:15,2026-09-25 11:53:20,2026-09-25 12:11:20,4,720
KDS-ORD-20260925-11598,ORD-20260925-11598,MCH-112,DEV-112-POS,2026-09-25 07:08:08,2026-09-25 07:08:28,2026-09-25 07:08:45,2026-09-25 07:25:13,3,900
KDS-ORD-20260925-11599,ORD-20260925-11599,MCH-110,DEV-110-POS,2026-09-25 07:32:06,2026-09-25 07:32:26,2026-09-25 07:33:01,2026-09-25 07:47:46,5,720
KDS-ORD-20260925-11600,ORD-20260925-11600,MCH-113,DEV-113-POS,2026-09-25 21:15:15,2026-09-25 21:15:35,2026-09-25 21:15:36,2026-09-25 21:47:17,11,720
KDS-ORD-20260925-11601,ORD-20260925-11601,MCH-114,DEV-114-POS,2026-09-25 10:32:44,2026-09-25 10:33:04,2026-09-25 10:33:23,2026-09-25 10:48:56,5,720
KDS-ORD-20260925-11602,ORD-20260925-11602,MCH-103,DEV-103-POS,2026-09-25 12:06:50,2026-09-25 12:07:10,2026-09-25 12:07:37,2026-09-25 12:36:02,15,720
KDS-ORD-20260925-11603,ORD-20260925-11603,MCH-110,DEV-110-POS,2026-09-25 10:50:44,2026-09-25 10:51:04,2026-09-25 10:51:08,2026-09-25 11:04:53,2,720
KDS-ORD-20260925-11604,ORD-20260925-11604,MCH-106,DEV-106-POS,2026-09-25 12:22:31,2026-09-25 12:22:51,2026-09-25 12:22:51,2026-09-25 12:50:25,9,720
KDS-ORD-20260925-11605,ORD-20260925-11605,MCH-102,DEV-102-POS,2026-09-25 07:31:22,2026-09-25 07:31:42,2026-09-25 07:32:11,2026-09-25 07:45:21,5,720
KDS-ORD-20260925-11606,ORD-20260925-11606,MCH-112,DEV-112-POS,2026-09-25 14:58:20,2026-09-25 14:58:40,2026-09-25 14:58:42,2026-09-25 15:27:58,10,900
KDS-ORD-20260925-11607,ORD-20260925-11607,MCH-102,DEV-102-POS,2026-09-25 07:59:17,2026-09-25 07:59:37,2026-09-25 07:59:41,2026-09-25 08:17:30,5,720
KDS-ORD-20260925-11608,ORD-20260925-11608,MCH-115,DEV-115-POS,2026-09-25 20:21:31,2026-09-25 20:21:51,2026-09-25 20:21:52,2026-09-25 20:56:52,9,1080
KDS-ORD-20260925-11609,ORD-20260925-11609,MCH-110,DEV-110-POS,2026-09-25 11:53:11,2026-09-25 11:53:31,2026-09-25 11:53:50,2026-09-25 12:08:40,4,720
KDS-ORD-20260925-11610,ORD-20260925-11610,MCH-110,DEV-110-POS,2026-09-25 15:55:02,2026-09-25 15:55:22,2026-09-25 15:55:56,2026-09-25 16:12:49,6,720
KDS-ORD-20260925-11611,ORD-20260925-11611,MCH-111,DEV-111-POS,2026-09-25 21:52:59,2026-09-25 21:53:19,2026-09-25 21:53:36,2026-09-25 22:28:15,8,1080
KDS-ORD-20260925-11612,ORD-20260925-11612,MCH-106,DEV-106-POS,2026-09-25 18:34:39,2026-09-25 18:34:59,2026-09-25 18:35:34,2026-09-25 18:53:51,6,720
KDS-ORD-20260925-11613,ORD-20260925-11613,MCH-104,DEV-104-POS,2026-09-25 15:55:55,2026-09-25 15:56:15,2026-09-25 15:56:49,2026-09-25 16:17:25,4,1080
KDS-ORD-20260925-11614,ORD-20260925-11614,MCH-110,DEV-110-POS,2026-09-25 12:05:14,2026-09-25 12:05:34,2026-09-25 12:05:49,2026-09-25 12:34:13,14,720
KDS-ORD-20260925-11615,ORD-20260925-11615,MCH-107,DEV-107-POS,2026-09-25 12:46:04,2026-09-25 12:46:24,2026-09-25 12:46:54,2026-09-25 13:25:30,12,900
KDS-ORD-20260925-11616,ORD-20260925-11616,MCH-115,DEV-115-POS,2026-09-25 18:32:57,2026-09-25 18:33:17,2026-09-25 18:33:12,2026-09-25 18:54:46,5,1080
KDS-ORD-20260925-11617,ORD-20260925-11617,MCH-101,DEV-101-POS,2026-09-25 23:28:52,2026-09-25 23:29:12,2026-09-25 23:29:18,2026-09-25 23:45:23,4,720
KDS-ORD-20260925-11618,ORD-20260925-11618,MCH-103,DEV-103-POS,2026-09-25 18:56:01,2026-09-25 18:56:21,2026-09-25 18:56:19,2026-09-25 19:10:33,6,720
KDS-ORD-20260925-11619,ORD-20260925-11619,MCH-105,DEV-105-POS,2026-09-25 16:13:26,2026-09-25 16:13:46,2026-09-25 16:14:07,2026-09-25 16:34:21,4,900
KDS-ORD-20260925-11620,ORD-20260925-11620,MCH-101,DEV-101-POS,2026-09-25 19:46:51,2026-09-25 19:47:11,2026-09-25 19:47:22,2026-09-25 20:15:34,11,720
KDS-ORD-20260925-11621,ORD-20260925-11621,MCH-101,DEV-101-POS,2026-09-25 13:35:27,2026-09-25 13:35:47,2026-09-25 13:35:56,2026-09-25 14:08:24,15,720
KDS-ORD-20260925-11622,ORD-20260925-11622,MCH-102,DEV-102-POS,2026-09-25 06:56:45,2026-09-25 06:57:05,2026-09-25 06:57:30,2026-09-25 07:10:18,2,720
KDS-ORD-20260925-11623,ORD-20260925-11623,MCH-106,DEV-106-POS,2026-09-25 16:21:24,2026-09-25 16:21:44,2026-09-25 16:21:54,2026-09-25 16:34:58,2,720
KDS-ORD-20260925-11624,ORD-20260925-11624,MCH-111,DEV-111-POS,2026-09-25 22:03:56,2026-09-25 22:04:16,2026-09-25 22:04:54,2026-09-25 22:23:47,2,1080
KDS-ORD-20260925-11625,ORD-20260925-11625,MCH-115,DEV-115-POS,2026-09-25 09:30:26,2026-09-25 09:30:46,2026-09-25 09:30:48,2026-09-25 09:48:07,3,1080
KDS-ORD-20260925-11626,ORD-20260925-11626,MCH-114,DEV-114-POS,2026-09-25 19:04:14,2026-09-25 19:04:34,2026-09-25 19:04:38,,15,720
KDS-ORD-20260925-11627,ORD-20260925-11627,MCH-101,DEV-101-POS,2026-09-25 10:56:40,2026-09-25 10:57:00,2026-09-25 10:56:55,2026-09-25 11:13:02,4,720
KDS-ORD-20260925-11628,ORD-20260925-11628,MCH-114,DEV-114-POS,2026-09-25 15:39:38,2026-09-25 15:39:58,2026-09-25 15:40:00,2026-09-25 15:58:34,5,720
KDS-ORD-20260925-11629,ORD-20260925-11629,MCH-113,DEV-113-POS,2026-09-25 08:27:32,2026-09-25 08:27:52,2026-09-25 08:27:54,2026-09-25 08:43:19,3,720
KDS-ORD-20260925-11630,ORD-20260925-11630,MCH-107,DEV-107-POS,2026-09-25 13:43:08,2026-09-25 13:43:28,2026-09-25 13:43:58,,7,900
KDS-ORD-20260925-11631,ORD-20260925-11631,MCH-114,DEV-114-POS,2026-09-25 19:46:00,2026-09-25 19:46:20,2026-09-25 19:46:59,2026-09-25 20:17:18,16,720
KDS-ORD-20260925-11632,ORD-20260925-11632,MCH-110,DEV-110-POS,2026-09-25 12:18:34,2026-09-25 12:18:54,2026-09-25 12:18:57,2026-09-25 12:49:44,10,720
KDS-ORD-20260925-11633,ORD-20260925-11633,MCH-113,DEV-113-POS,2026-09-25 18:28:59,2026-09-25 18:29:19,2026-09-25 18:29:40,2026-09-25 18:43:21,3,720
KDS-ORD-20260925-11634,ORD-20260925-11634,MCH-102,DEV-102-POS,2026-09-25 20:07:25,2026-09-25 20:07:45,2026-09-25 20:08:15,2026-09-25 20:34:42,12,720
KDS-ORD-20260925-11635,ORD-20260925-11635,MCH-101,DEV-101-POS,2026-09-25 21:25:47,2026-09-25 21:26:07,2026-09-25 21:26:26,2026-09-25 22:02:59,15,720
KDS-ORD-20260925-11636,ORD-20260925-11636,MCH-115,DEV-115-POS,2026-09-25 11:41:01,2026-09-25 11:41:21,2026-09-25 11:41:52,2026-09-25 12:03:50,6,1080
KDS-ORD-20260925-11637,ORD-20260925-11637,MCH-107,DEV-107-POS,2026-09-25 13:25:40,2026-09-25 13:26:00,2026-09-25 13:26:16,2026-09-25 13:56:26,8,900
KDS-ORD-20260925-11638,ORD-20260925-11638,MCH-109,DEV-109-POS,2026-09-25 09:33:12,2026-09-25 09:33:32,2026-09-25 09:33:27,2026-09-25 09:52:08,3,900
KDS-ORD-20260925-11639,ORD-20260925-11639,MCH-114,DEV-114-POS,2026-09-25 23:12:28,2026-09-25 23:12:48,2026-09-25 23:13:16,2026-09-25 23:25:58,3,720
KDS-ORD-20260925-11640,ORD-20260925-11640,MCH-105,DEV-105-POS,2026-09-25 21:26:32,2026-09-25 21:26:52,2026-09-25 21:27:19,2026-09-25 22:00:47,9,900
KDS-ORD-20260925-11641,ORD-20260925-11641,MCH-108,DEV-108-POS,2026-09-25 15:27:08,2026-09-25 15:27:28,2026-09-25 15:27:42,2026-09-25 15:45:46,4,900
KDS-ORD-20260925-11642,ORD-20260925-11642,MCH-107,DEV-107-POS,2026-09-25 20:28:08,2026-09-25 20:28:28,2026-09-25 20:28:29,2026-09-25 21:13:50,16,900
KDS-ORD-20260925-11643,ORD-20260925-11643,MCH-106,DEV-106-POS,2026-09-25 14:49:05,2026-09-25 14:49:25,2026-09-25 14:49:24,2026-09-25 15:20:21,14,720
KDS-ORD-20260925-11644,ORD-20260925-11644,MCH-114,DEV-114-POS,2026-09-25 18:51:03,2026-09-25 18:51:23,2026-09-25 18:51:30,2026-09-25 19:05:54,5,720
KDS-ORD-20260925-11645,ORD-20260925-11645,MCH-112,DEV-112-POS,2026-09-25 07:47:21,2026-09-25 07:47:41,2026-09-25 07:47:50,2026-09-25 08:02:14,4,900
KDS-ORD-20260925-11646,ORD-20260925-11646,MCH-103,DEV-103-POS,2026-09-25 19:33:37,2026-09-25 19:33:57,2026-09-25 19:34:28,2026-09-25 19:58:46,8,720
KDS-ORD-20260925-11647,ORD-20260925-11647,MCH-111,DEV-111-POS,2026-09-25 08:25:57,2026-09-25 08:26:17,2026-09-25 08:26:31,2026-09-25 08:50:47,6,1080
KDS-ORD-20260925-11648,ORD-20260925-11648,MCH-105,DEV-105-POS,2026-09-25 20:01:11,2026-09-25 20:01:31,2026-09-25 20:01:30,,8,900
KDS-ORD-20260925-11649,ORD-20260925-11649,MCH-112,DEV-112-POS,2026-09-25 20:49:06,2026-09-25 20:49:26,2026-09-25 20:50:02,2026-09-25 21:22:17,8,900
KDS-ORD-20260925-11650,ORD-20260925-11650,MCH-112,DEV-112-POS,2026-09-25 19:55:10,2026-09-25 19:55:30,2026-09-25 19:55:26,2026-09-25 20:21:45,7,900
KDS-ORD-20260925-11651,ORD-20260925-11651,MCH-110,DEV-110-POS,2026-09-25 05:15:16,2026-09-25 05:15:36,2026-09-25 05:16:16,2026-09-25 05:32:14,3,720
KDS-ORD-20260925-11652,ORD-20260925-11652,MCH-108,DEV-108-POS,2026-09-25 12:44:06,2026-09-25 12:44:26,2026-09-25 12:44:38,,8,900
KDS-ORD-20260925-11653,ORD-20260925-11653,MCH-113,DEV-113-POS,2026-09-25 11:34:58,2026-09-25 11:35:18,2026-09-25 11:35:38,2026-09-25 11:48:15,2,720
KDS-ORD-20260925-11654,ORD-20260925-11654,MCH-115,DEV-115-POS,2026-09-25 12:54:33,2026-09-25 12:54:53,2026-09-25 12:55:10,2026-09-25 13:32:58,10,1080
KDS-ORD-20260925-11655,ORD-20260925-11655,MCH-110,DEV-110-POS,2026-09-25 07:05:53,2026-09-25 07:06:13,2026-09-25 07:06:46,2026-09-25 07:17:00,4,720
KDS-ORD-20260925-11656,ORD-20260925-11656,MCH-107,DEV-107-POS,2026-09-25 21:44:34,2026-09-25 21:44:54,2026-09-25 21:45:13,2026-09-25 22:19:04,10,900
KDS-ORD-20260925-11657,ORD-20260925-11657,MCH-111,DEV-111-POS,2026-09-25 15:57:22,2026-09-25 15:57:42,2026-09-25 15:58:07,2026-09-25 16:23:02,6,1080
KDS-ORD-20260925-11658,ORD-20260925-11658,MCH-102,DEV-102-POS,2026-09-25 12:28:53,2026-09-25 12:29:13,2026-09-25 12:29:39,2026-09-25 12:56:40,11,720
KDS-ORD-20260925-11659,ORD-20260925-11659,MCH-106,DEV-106-POS,2026-09-25 14:00:11,2026-09-25 14:00:31,2026-09-25 14:00:27,2026-09-25 14:32:56,13,720
KDS-ORD-20260925-11660,ORD-20260925-11660,MCH-108,DEV-108-POS,2026-09-25 13:18:25,2026-09-25 13:18:45,2026-09-25 13:19:10,2026-09-25 13:58:05,13,900
KDS-ORD-20260925-11661,ORD-20260925-11661,MCH-105,DEV-105-POS,2026-09-25 17:45:04,2026-09-25 17:45:24,2026-09-25 17:45:40,2026-09-25 18:03:33,2,900
KDS-ORD-20260925-11662,ORD-20260925-11662,MCH-114,DEV-114-POS,2026-09-25 14:42:52,2026-09-25 14:43:12,2026-09-25 14:43:19,,12,720
KDS-ORD-20260925-11663,ORD-20260925-11663,MCH-115,DEV-115-POS,2026-09-25 21:25:21,2026-09-25 21:25:41,2026-09-25 21:26:08,2026-09-25 22:00:41,6,1080
KDS-ORD-20260925-11664,ORD-20260925-11664,MCH-110,DEV-110-POS,2026-09-25 14:39:28,2026-09-25 14:39:48,2026-09-25 14:39:47,2026-09-25 15:08:37,16,720
KDS-ORD-20260925-11665,ORD-20260925-11665,MCH-114,DEV-114-POS,2026-09-25 23:29:06,2026-09-25 23:29:26,2026-09-25 23:30:01,2026-09-25 23:50:31,6,720
KDS-ORD-20260925-11666,ORD-20260925-11666,MCH-103,DEV-103-POS,2026-09-25 20:07:22,2026-09-25 20:07:42,2026-09-25 20:08:09,2026-09-25 20:36:51,9,720
KDS-ORD-20260925-11667,ORD-20260925-11667,MCH-108,DEV-108-POS,2026-09-25 10:26:09,2026-09-25 10:26:29,2026-09-25 10:26:47,2026-09-25 10:44:04,5,900
KDS-ORD-20260925-11668,ORD-20260925-11668,MCH-101,DEV-101-POS,2026-09-25 21:15:12,2026-09-25 21:15:32,2026-09-25 21:16:00,2026-09-25 21:46:21,9,720
KDS-ORD-20260925-11669,ORD-20260925-11669,MCH-104,DEV-104-POS,2026-09-25 08:03:34,2026-09-25 08:03:54,2026-09-25 08:04:17,2026-09-25 08:30:18,6,1080
KDS-ORD-20260925-11670,ORD-20260925-11670,MCH-114,DEV-114-POS,2026-09-25 20:35:27,2026-09-25 20:35:47,2026-09-25 20:36:17,2026-09-25 21:07:51,15,720
KDS-ORD-20260925-11671,ORD-20260925-11671,MCH-113,DEV-113-POS,2026-09-25 12:49:54,2026-09-25 12:50:14,2026-09-25 12:50:31,2026-09-25 13:30:55,16,720
KDS-ORD-20260925-11672,ORD-20260925-11672,MCH-113,DEV-113-POS,2026-09-25 21:48:42,2026-09-25 21:49:02,2026-09-25 21:49:16,2026-09-25 22:28:12,16,720
KDS-ORD-20260925-11673,ORD-20260925-11673,MCH-107,DEV-107-POS,2026-09-25 20:24:39,2026-09-25 20:24:59,2026-09-25 20:25:10,2026-09-25 20:59:22,10,900
KDS-ORD-20260925-11674,ORD-20260925-11674,MCH-101,DEV-101-POS,2026-09-25 20:24:45,2026-09-25 20:25:05,2026-09-25 20:25:06,2026-09-25 20:57:56,11,720
KDS-ORD-20260925-11675,ORD-20260925-11675,MCH-104,DEV-104-POS,2026-09-25 20:33:29,2026-09-25 20:33:49,2026-09-25 20:34:26,2026-09-25 21:16:48,16,1080
KDS-ORD-20260925-11676,ORD-20260925-11676,MCH-110,DEV-110-POS,2026-09-25 12:53:58,2026-09-25 12:54:18,2026-09-25 12:54:25,2026-09-25 13:25:46,15,720
KDS-ORD-20260925-11677,ORD-20260925-11677,MCH-113,DEV-113-POS,2026-09-25 07:29:32,2026-09-25 07:29:52,2026-09-25 07:30:30,2026-09-25 07:44:37,3,720
KDS-ORD-20260925-11678,ORD-20260925-11678,MCH-107,DEV-107-POS,2026-09-25 13:08:10,2026-09-25 13:08:30,2026-09-25 13:08:47,2026-09-25 13:41:07,13,900
KDS-ORD-20260925-11679,ORD-20260925-11679,MCH-112,DEV-112-POS,2026-09-25 09:05:10,2026-09-25 09:05:30,2026-09-25 09:05:30,2026-09-25 09:24:07,6,900
KDS-ORD-20260925-11680,ORD-20260925-11680,MCH-115,DEV-115-POS,2026-09-25 19:01:38,2026-09-25 19:01:58,2026-09-25 19:02:21,2026-09-25 19:39:46,9,1080
KDS-ORD-20260925-11681,ORD-20260925-11681,MCH-101,DEV-101-POS,2026-09-25 12:07:00,2026-09-25 12:07:20,2026-09-25 12:07:48,2026-09-25 12:33:45,14,720
KDS-ORD-20260925-11682,ORD-20260925-11682,MCH-109,DEV-109-POS,2026-09-25 22:32:35,2026-09-25 22:32:55,2026-09-25 22:33:19,2026-09-25 22:48:49,3,900
KDS-ORD-20260925-11683,ORD-20260925-11683,MCH-104,DEV-104-POS,2026-09-25 18:11:38,2026-09-25 18:11:58,2026-09-25 18:12:23,2026-09-25 18:34:35,2,1080
KDS-ORD-20260925-11684,ORD-20260925-11684,MCH-104,DEV-104-POS,2026-09-25 20:30:08,2026-09-25 20:30:28,2026-09-25 20:30:25,,10,1080
KDS-ORD-20260925-11685,ORD-20260925-11685,MCH-108,DEV-108-POS,2026-09-25 09:01:42,2026-09-25 09:02:02,2026-09-25 09:02:31,2026-09-25 09:25:02,6,900
KDS-ORD-20260925-11686,ORD-20260925-11686,MCH-115,DEV-115-POS,2026-09-25 20:26:20,2026-09-25 20:26:40,2026-09-25 20:26:54,2026-09-25 20:59:26,10,1080
KDS-ORD-20260925-11687,ORD-20260925-11687,MCH-109,DEV-109-POS,2026-09-25 21:16:45,2026-09-25 21:17:05,2026-09-25 21:17:40,2026-09-25 21:57:48,13,900
KDS-ORD-20260925-11688,ORD-20260925-11688,MCH-107,DEV-107-POS,2026-09-25 14:30:49,2026-09-25 14:31:09,2026-09-25 14:31:04,2026-09-25 15:04:08,12,900
KDS-ORD-20260925-11689,ORD-20260925-11689,MCH-107,DEV-107-POS,2026-09-25 17:14:49,2026-09-25 17:15:09,2026-09-25 17:15:39,2026-09-25 17:31:45,3,900
KDS-ORD-20260925-11690,ORD-20260925-11690,MCH-101,DEV-101-POS,2026-09-25 19:04:18,2026-09-25 19:04:38,2026-09-25 19:04:43,2026-09-25 19:34:48,16,720
KDS-ORD-20260925-11691,ORD-20260925-11691,MCH-115,DEV-115-POS,2026-09-25 09:57:40,2026-09-25 09:58:00,2026-09-25 09:58:10,2026-09-25 10:22:47,3,1080
KDS-ORD-20260925-11692,ORD-20260925-11692,MCH-111,DEV-111-POS,2026-09-25 14:14:41,2026-09-25 14:15:01,2026-09-25 14:15:31,,16,1080
KDS-ORD-20260925-11693,ORD-20260925-11693,MCH-103,DEV-103-POS,2026-09-25 13:49:04,2026-09-25 13:49:24,2026-09-25 13:49:46,2026-09-25 14:23:56,13,720
KDS-ORD-20260925-11694,ORD-20260925-11694,MCH-105,DEV-105-POS,2026-09-25 09:33:54,2026-09-25 09:34:14,2026-09-25 09:34:26,2026-09-25 09:53:52,3,900
KDS-ORD-20260925-11695,ORD-20260925-11695,MCH-101,DEV-101-POS,2026-09-25 12:03:47,2026-09-25 12:04:07,2026-09-25 12:04:21,,16,720
KDS-ORD-20260925-11696,ORD-20260925-11696,MCH-108,DEV-108-POS,2026-09-25 07:14:01,2026-09-25 07:14:21,2026-09-25 07:14:44,2026-09-25 07:36:43,5,900
KDS-ORD-20260925-11697,ORD-20260925-11697,MCH-108,DEV-108-POS,2026-09-25 04:01:42,2026-09-25 04:02:02,2026-09-25 04:01:58,2026-09-25 04:18:48,5,900
KDS-ORD-20260925-11698,ORD-20260925-11698,MCH-101,DEV-101-POS,2026-09-25 09:31:23,2026-09-25 09:31:43,2026-09-25 09:32:16,2026-09-25 09:47:31,4,720
KDS-ORD-20260925-11699,ORD-20260925-11699,MCH-102,DEV-102-POS,2026-09-25 22:01:54,2026-09-25 22:02:14,2026-09-25 22:02:36,2026-09-25 22:18:53,6,720
KDS-ORD-20260925-11700,ORD-20260925-11700,MCH-106,DEV-106-POS,2026-09-25 15:44:20,2026-09-25 15:44:40,2026-09-25 15:44:40,2026-09-25 16:02:26,6,720
KDS-ORD-20260925-11701,ORD-20260925-11701,MCH-102,DEV-102-POS,2026-09-25 22:34:53,2026-09-25 22:35:13,2026-09-25 22:35:41,2026-09-25 22:50:21,2,720
KDS-ORD-20260925-11702,ORD-20260925-11702,MCH-102,DEV-102-POS,2026-09-25 13:04:10,2026-09-25 13:04:30,2026-09-25 13:05:09,,11,720
KDS-ORD-20260925-11703,ORD-20260925-11703,MCH-108,DEV-108-POS,2026-09-25 12:14:07,2026-09-25 12:14:27,2026-09-25 12:15:04,2026-09-25 12:42:19,10,900
KDS-ORD-20260925-11704,ORD-20260925-11704,MCH-112,DEV-112-POS,2026-09-25 14:11:58,2026-09-25 14:12:18,2026-09-25 14:12:48,2026-09-25 14:46:04,10,900
KDS-ORD-20260925-11705,ORD-20260925-11705,MCH-101,DEV-101-POS,2026-09-25 13:18:25,2026-09-25 13:18:45,2026-09-25 13:19:17,2026-09-25 13:46:25,13,720
KDS-ORD-20260925-11706,ORD-20260925-11706,MCH-108,DEV-108-POS,2026-09-25 08:42:50,2026-09-25 08:43:10,2026-09-25 08:43:37,2026-09-25 09:07:58,6,900
KDS-ORD-20260925-11707,ORD-20260925-11707,MCH-109,DEV-109-POS,2026-09-25 18:51:08,2026-09-25 18:51:28,2026-09-25 18:51:25,2026-09-25 19:07:53,3,900
KDS-ORD-20260925-11708,ORD-20260925-11708,MCH-101,DEV-101-POS,2026-09-25 10:20:26,2026-09-25 10:20:46,2026-09-25 10:21:19,2026-09-25 10:37:18,5,720
KDS-ORD-20260925-11709,ORD-20260925-11709,MCH-104,DEV-104-POS,2026-09-25 17:50:56,2026-09-25 17:51:16,2026-09-25 17:51:41,2026-09-25 18:13:57,6,1080
KDS-ORD-20260925-11710,ORD-20260925-11710,MCH-113,DEV-113-POS,2026-09-25 18:58:05,2026-09-25 18:58:25,2026-09-25 18:58:52,2026-09-25 19:10:27,2,720
KDS-ORD-20260925-11711,ORD-20260925-11711,MCH-106,DEV-106-POS,2026-09-25 09:11:42,2026-09-25 09:12:02,2026-09-25 09:12:35,2026-09-25 09:26:04,4,720
KDS-ORD-20260925-11712,ORD-20260925-11712,MCH-113,DEV-113-POS,2026-09-25 06:19:34,2026-09-25 06:19:54,2026-09-25 06:20:13,2026-09-25 06:34:47,4,720
KDS-ORD-20260925-11713,ORD-20260925-11713,MCH-113,DEV-113-POS,2026-09-25 21:00:19,2026-09-25 21:00:39,2026-09-25 21:00:48,2026-09-25 21:29:56,9,720
KDS-ORD-20260925-11714,ORD-20260925-11714,MCH-110,DEV-110-POS,2026-09-25 13:27:09,2026-09-25 13:27:29,2026-09-25 13:28:05,2026-09-25 13:56:41,8,720
KDS-ORD-20260925-11715,ORD-20260925-11715,MCH-103,DEV-103-POS,2026-09-25 06:04:44,2026-09-25 06:05:04,2026-09-25 06:05:23,2026-09-25 06:23:36,6,720
KDS-ORD-20260925-11716,ORD-20260925-11716,MCH-115,DEV-115-POS,2026-09-26 00:00:02,2026-09-26 00:00:22,2026-09-26 00:00:49,2026-09-26 00:25:08,5,1080
KDS-ORD-20260925-11717,ORD-20260925-11717,MCH-112,DEV-112-POS,2026-09-25 06:01:38,2026-09-25 06:01:58,2026-09-25 06:02:06,2026-09-25 06:19:46,2,900
KDS-ORD-20260925-11718,ORD-20260925-11718,MCH-111,DEV-111-POS,2026-09-25 19:08:39,2026-09-25 19:08:59,2026-09-25 19:09:24,2026-09-25 19:42:09,9,1080
KDS-ORD-20260925-11719,ORD-20260925-11719,MCH-114,DEV-114-POS,2026-09-25 22:10:29,2026-09-25 22:10:49,2026-09-25 22:11:29,2026-09-25 22:25:33,5,720
KDS-ORD-20260925-11720,ORD-20260925-11720,MCH-110,DEV-110-POS,2026-09-25 11:08:09,2026-09-25 11:08:29,2026-09-25 11:08:38,2026-09-25 11:22:23,6,720
KDS-ORD-20260925-11721,ORD-20260925-11721,MCH-105,DEV-105-POS,2026-09-25 09:51:31,2026-09-25 09:51:51,2026-09-25 09:51:53,2026-09-25 10:07:59,2,900
KDS-ORD-20260925-11722,ORD-20260925-11722,MCH-113,DEV-113-POS,2026-09-25 08:10:53,2026-09-25 08:11:13,2026-09-25 08:11:32,2026-09-25 08:30:39,6,720
KDS-ORD-20260925-11723,ORD-20260925-11723,MCH-103,DEV-103-POS,2026-09-25 12:21:02,2026-09-25 12:21:22,2026-09-25 12:21:32,2026-09-25 12:51:11,8,720
KDS-ORD-20260925-11724,ORD-20260925-11724,MCH-115,DEV-115-POS,2026-09-25 08:51:28,2026-09-25 08:51:48,2026-09-25 08:52:18,2026-09-25 09:15:12,4,1080
KDS-ORD-20260925-11725,ORD-20260925-11725,MCH-103,DEV-103-POS,2026-09-25 19:24:05,2026-09-25 19:24:25,2026-09-25 19:24:50,2026-09-25 19:50:39,10,720
KDS-ORD-20260925-11726,ORD-20260925-11726,MCH-101,DEV-101-POS,2026-09-25 06:15:20,2026-09-25 06:15:40,2026-09-25 06:15:39,2026-09-25 06:31:42,4,720
KDS-ORD-20260925-11727,ORD-20260925-11727,MCH-111,DEV-111-POS,2026-09-25 14:10:38,2026-09-25 14:10:58,2026-09-25 14:11:07,2026-09-25 14:55:00,14,1080
KDS-ORD-20260925-11728,ORD-20260925-11728,MCH-105,DEV-105-POS,2026-09-25 23:43:05,2026-09-25 23:43:25,2026-09-25 23:43:39,2026-09-26 00:01:38,4,900
KDS-ORD-20260925-11729,ORD-20260925-11729,MCH-106,DEV-106-POS,2026-09-25 20:34:04,2026-09-25 20:34:24,2026-09-25 20:34:40,,6,720
KDS-ORD-20260925-11730,ORD-20260925-11730,MCH-101,DEV-101-POS,2026-09-25 17:41:52,2026-09-25 17:42:12,2026-09-25 17:42:47,2026-09-25 18:01:57,6,720
KDS-ORD-20260925-11731,ORD-20260925-11731,MCH-115,DEV-115-POS,2026-09-25 12:07:39,2026-09-25 12:07:59,2026-09-25 12:08:35,2026-09-25 12:46:46,14,1080
KDS-ORD-20260925-11732,ORD-20260925-11732,MCH-107,DEV-107-POS,2026-09-25 18:39:38,2026-09-25 18:39:58,2026-09-25 18:40:03,2026-09-25 18:57:02,2,900
KDS-ORD-20260925-11733,ORD-20260925-11733,MCH-102,DEV-102-POS,2026-09-25 15:06:30,2026-09-25 15:06:50,2026-09-25 15:06:59,2026-09-25 15:26:46,6,720
KDS-ORD-20260925-11734,ORD-20260925-11734,MCH-106,DEV-106-POS,2026-09-25 13:54:04,2026-09-25 13:54:24,2026-09-25 13:54:50,,6,720
KDS-ORD-20260925-11735,ORD-20260925-11735,MCH-113,DEV-113-POS,2026-09-25 08:04:56,2026-09-25 08:05:16,2026-09-25 08:05:34,2026-09-25 08:18:59,2,720
KDS-ORD-20260925-11736,ORD-20260925-11736,MCH-110,DEV-110-POS,2026-09-25 21:55:22,2026-09-25 21:55:42,2026-09-25 21:56:14,2026-09-25 22:26:50,15,720
KDS-ORD-20260925-11737,ORD-20260925-11737,MCH-101,DEV-101-POS,2026-09-25 14:00:09,2026-09-25 14:00:29,2026-09-25 14:00:28,2026-09-25 14:32:35,16,720
KDS-ORD-20260925-11738,ORD-20260925-11738,MCH-111,DEV-111-POS,2026-09-25 10:58:12,2026-09-25 10:58:32,2026-09-25 10:59:11,2026-09-25 11:18:04,3,1080
KDS-ORD-20260925-11739,ORD-20260925-11739,MCH-114,DEV-114-POS,2026-09-25 12:27:04,2026-09-25 12:27:24,2026-09-25 12:28:04,,11,720
KDS-ORD-20260925-11740,ORD-20260925-11740,MCH-106,DEV-106-POS,2026-09-25 13:30:39,2026-09-25 13:30:59,2026-09-25 13:31:02,2026-09-25 13:57:43,15,720
KDS-ORD-20260925-11741,ORD-20260925-11741,MCH-115,DEV-115-POS,2026-09-25 20:39:43,2026-09-25 20:40:03,2026-09-25 20:40:18,2026-09-25 21:12:26,9,1080
KDS-ORD-20260925-11742,ORD-20260925-11742,MCH-101,DEV-101-POS,2026-09-25 19:38:42,2026-09-25 19:39:02,2026-09-25 19:39:41,2026-09-25 20:12:53,12,720
KDS-ORD-20260925-11743,ORD-20260925-11743,MCH-104,DEV-104-POS,2026-09-25 20:06:54,2026-09-25 20:07:14,2026-09-25 20:07:20,2026-09-25 20:42:51,11,1080
KDS-ORD-20260925-11744,ORD-20260925-11744,MCH-110,DEV-110-POS,2026-09-25 01:40:32,2026-09-25 01:40:52,2026-09-25 01:41:00,2026-09-25 01:58:30,5,720
KDS-ORD-20260925-11745,ORD-20260925-11745,MCH-114,DEV-114-POS,2026-09-25 13:46:40,2026-09-25 13:47:00,2026-09-25 13:46:59,2026-09-25 14:24:13,12,720
KDS-ORD-20260925-11746,ORD-20260925-11746,MCH-108,DEV-108-POS,2026-09-25 14:06:08,2026-09-25 14:06:28,2026-09-25 14:06:39,2026-09-25 14:41:14,10,900
KDS-ORD-20260925-11747,ORD-20260925-11747,MCH-114,DEV-114-POS,2026-09-25 04:54:24,2026-09-25 04:54:44,2026-09-25 04:55:21,2026-09-25 05:12:52,6,720
KDS-ORD-20260925-11748,ORD-20260925-11748,MCH-109,DEV-109-POS,2026-09-25 11:45:48,2026-09-25 11:46:08,2026-09-25 11:46:11,2026-09-25 12:05:39,5,900
KDS-ORD-20260925-11749,ORD-20260925-11749,MCH-109,DEV-109-POS,2026-09-25 19:46:33,2026-09-25 19:46:53,2026-09-25 19:47:19,2026-09-25 20:13:54,6,900
KDS-ORD-20260925-11750,ORD-20260925-11750,MCH-107,DEV-107-POS,2026-09-25 09:52:13,2026-09-25 09:52:33,2026-09-25 09:52:52,2026-09-25 10:07:46,3,900
KDS-ORD-20260925-11751,ORD-20260925-11751,MCH-113,DEV-113-POS,2026-09-25 15:09:44,2026-09-25 15:10:04,2026-09-25 15:10:42,2026-09-25 15:25:50,4,720
KDS-ORD-20260925-11752,ORD-20260925-11752,MCH-107,DEV-107-POS,2026-09-25 10:15:18,2026-09-25 10:15:38,2026-09-25 10:15:51,2026-09-25 10:33:22,2,900
KDS-ORD-20260925-11753,ORD-20260925-11753,MCH-115,DEV-115-POS,2026-09-25 02:31:23,2026-09-25 02:31:43,2026-09-25 02:32:21,2026-09-25 02:49:34,2,1080
KDS-ORD-20260925-11754,ORD-20260925-11754,MCH-113,DEV-113-POS,2026-09-25 11:04:55,2026-09-25 11:05:15,2026-09-25 11:05:54,2026-09-25 11:26:43,6,720
KDS-ORD-20260925-11755,ORD-20260925-11755,MCH-111,DEV-111-POS,2026-09-25 22:08:06,2026-09-25 22:08:26,2026-09-25 22:08:37,2026-09-25 22:30:25,4,1080
KDS-ORD-20260925-11756,ORD-20260925-11756,MCH-109,DEV-109-POS,2026-09-25 20:33:46,2026-09-25 20:34:06,2026-09-25 20:34:05,2026-09-25 21:05:01,14,900
KDS-ORD-20260925-11757,ORD-20260925-11757,MCH-114,DEV-114-POS,2026-09-25 22:26:38,2026-09-25 22:26:58,2026-09-25 22:27:29,2026-09-25 22:42:35,6,720
KDS-ORD-20260925-11758,ORD-20260925-11758,MCH-110,DEV-110-POS,2026-09-25 14:32:28,2026-09-25 14:32:48,2026-09-25 14:33:02,2026-09-25 15:02:12,9,720
KDS-ORD-20260925-11759,ORD-20260925-11759,MCH-114,DEV-114-POS,2026-09-25 08:57:32,2026-09-25 08:57:52,2026-09-25 08:58:13,2026-09-25 09:09:18,3,720
KDS-ORD-20260925-11760,ORD-20260925-11760,MCH-115,DEV-115-POS,2026-09-25 15:37:07,2026-09-25 15:37:27,2026-09-25 15:37:26,2026-09-25 16:01:27,4,1080
KDS-ORD-20260925-11761,ORD-20260925-11761,MCH-107,DEV-107-POS,2026-09-25 14:00:27,2026-09-25 14:00:47,2026-09-25 14:00:43,2026-09-25 14:34:11,10,900
KDS-ORD-20260925-11762,ORD-20260925-11762,MCH-115,DEV-115-POS,2026-09-25 20:39:50,2026-09-25 20:40:10,2026-09-25 20:40:23,2026-09-25 21:17:51,12,1080
KDS-ORD-20260925-11763,ORD-20260925-11763,MCH-110,DEV-110-POS,2026-09-25 08:23:38,2026-09-25 08:23:58,2026-09-25 08:24:13,2026-09-25 08:40:14,5,720
KDS-ORD-20260925-11764,ORD-20260925-11764,MCH-102,DEV-102-POS,2026-09-25 14:12:30,2026-09-25 14:12:50,2026-09-25 14:12:54,2026-09-25 14:36:10,7,720
KDS-ORD-20260925-11765,ORD-20260925-11765,MCH-104,DEV-104-POS,2026-09-25 09:34:21,2026-09-25 09:34:41,2026-09-25 09:34:59,2026-09-25 09:53:43,2,1080
KDS-ORD-20260925-11766,ORD-20260925-11766,MCH-103,DEV-103-POS,2026-09-25 12:07:06,2026-09-25 12:07:26,2026-09-25 12:08:00,2026-09-25 12:33:12,9,720
KDS-ORD-20260925-11767,ORD-20260925-11767,MCH-104,DEV-104-POS,2026-09-25 19:50:51,2026-09-25 19:51:11,2026-09-25 19:51:43,2026-09-25 20:30:32,11,1080
KDS-ORD-20260925-11768,ORD-20260925-11768,MCH-102,DEV-102-POS,2026-09-25 13:50:31,2026-09-25 13:50:51,2026-09-25 13:50:51,2026-09-25 14:25:43,16,720
KDS-ORD-20260925-11769,ORD-20260925-11769,MCH-102,DEV-102-POS,2026-09-25 12:00:50,2026-09-25 12:01:10,2026-09-25 12:01:20,2026-09-25 12:27:34,11,720
KDS-ORD-20260925-11770,ORD-20260925-11770,MCH-103,DEV-103-POS,2026-09-25 12:22:20,2026-09-25 12:22:40,2026-09-25 12:22:43,2026-09-25 12:56:40,16,720
KDS-ORD-20260925-11771,ORD-20260925-11771,MCH-106,DEV-106-POS,2026-09-25 13:41:09,2026-09-25 13:41:29,2026-09-25 13:41:49,2026-09-25 14:17:21,13,720
KDS-ORD-20260925-11772,ORD-20260925-11772,MCH-103,DEV-103-POS,2026-09-25 20:11:56,2026-09-25 20:12:16,2026-09-25 20:12:42,2026-09-25 20:32:38,10,720
KDS-ORD-20260925-11773,ORD-20260925-11773,MCH-101,DEV-101-POS,2026-09-25 21:31:22,2026-09-25 21:31:42,2026-09-25 21:31:49,2026-09-25 21:57:43,8,720
KDS-ORD-20260925-11774,ORD-20260925-11774,MCH-113,DEV-113-POS,2026-09-25 22:14:46,2026-09-25 22:15:06,2026-09-25 22:15:36,2026-09-25 22:32:56,6,720
KDS-ORD-20260925-11775,ORD-20260925-11775,MCH-102,DEV-102-POS,2026-09-25 20:38:36,2026-09-25 20:38:56,2026-09-25 20:38:55,,9,720
KDS-ORD-20260925-11776,ORD-20260925-11776,MCH-109,DEV-109-POS,2026-09-25 12:09:03,2026-09-25 12:09:23,2026-09-25 12:09:21,,9,900
KDS-ORD-20260925-11777,ORD-20260925-11777,MCH-111,DEV-111-POS,2026-09-25 19:54:40,2026-09-25 19:55:00,2026-09-25 19:55:35,2026-09-25 20:27:55,6,1080
KDS-ORD-20260925-11778,ORD-20260925-11778,MCH-104,DEV-104-POS,2026-09-25 13:55:27,2026-09-25 13:55:47,2026-09-25 13:56:08,,6,1080
KDS-ORD-20260925-11779,ORD-20260925-11779,MCH-108,DEV-108-POS,2026-09-25 11:33:25,2026-09-25 11:33:45,2026-09-25 11:33:43,2026-09-25 11:49:48,4,900
KDS-ORD-20260925-11780,ORD-20260925-11780,MCH-107,DEV-107-POS,2026-09-25 20:05:51,2026-09-25 20:06:11,2026-09-25 20:06:21,2026-09-25 20:35:38,9,900
KDS-ORD-20260925-11781,ORD-20260925-11781,MCH-111,DEV-111-POS,2026-09-25 05:09:56,2026-09-25 05:10:16,2026-09-25 05:10:12,2026-09-25 05:33:42,5,1080
KDS-ORD-20260925-11782,ORD-20260925-11782,MCH-112,DEV-112-POS,2026-09-25 21:50:33,2026-09-25 21:50:53,2026-09-25 21:51:24,,14,900
KDS-ORD-20260925-11783,ORD-20260925-11783,MCH-107,DEV-107-POS,2026-09-25 13:13:00,2026-09-25 13:13:20,2026-09-25 13:13:23,2026-09-25 13:43:01,12,900
KDS-ORD-20260925-11784,ORD-20260925-11784,MCH-111,DEV-111-POS,2026-09-25 18:09:43,2026-09-25 18:10:03,2026-09-25 18:10:30,2026-09-25 18:29:08,3,1080
KDS-ORD-20260925-11785,ORD-20260925-11785,MCH-115,DEV-115-POS,2026-09-25 18:47:16,2026-09-25 18:47:36,2026-09-25 18:47:57,2026-09-25 19:09:13,3,1080
KDS-ORD-20260925-11786,ORD-20260925-11786,MCH-108,DEV-108-POS,2026-09-25 21:51:52,2026-09-25 21:52:12,2026-09-25 21:52:31,2026-09-25 22:30:11,13,900
KDS-ORD-20260925-11787,ORD-20260925-11787,MCH-103,DEV-103-POS,2026-09-25 18:13:27,2026-09-25 18:13:47,2026-09-25 18:14:02,2026-09-25 18:28:29,2,720
KDS-ORD-20260925-11788,ORD-20260925-11788,MCH-108,DEV-108-POS,2026-09-25 17:54:31,2026-09-25 17:54:51,2026-09-25 17:55:23,2026-09-25 18:13:33,6,900
KDS-ORD-20260925-11789,ORD-20260925-11789,MCH-112,DEV-112-POS,2026-09-25 07:54:16,2026-09-25 07:54:36,2026-09-25 07:54:31,2026-09-25 08:16:04,4,900
KDS-ORD-20260925-11790,ORD-20260925-11790,MCH-110,DEV-110-POS,2026-09-25 14:26:40,2026-09-25 14:27:00,2026-09-25 14:27:32,2026-09-25 14:55:28,11,720
KDS-ORD-20260925-11791,ORD-20260925-11791,MCH-101,DEV-101-POS,2026-09-25 09:03:25,2026-09-25 09:03:45,2026-09-25 09:03:46,2026-09-25 09:24:34,4,720
KDS-ORD-20260925-11792,ORD-20260925-11792,MCH-102,DEV-102-POS,2026-09-25 19:16:39,2026-09-25 19:16:59,2026-09-25 19:17:21,2026-09-25 19:51:27,13,720
KDS-ORD-20260925-11793,ORD-20260925-11793,MCH-103,DEV-103-POS,2026-09-25 14:07:02,2026-09-25 14:07:22,2026-09-25 14:07:30,2026-09-25 14:39:12,14,720
KDS-ORD-20260925-11794,ORD-20260925-11794,MCH-108,DEV-108-POS,2026-09-25 19:47:02,2026-09-25 19:47:22,2026-09-25 19:47:25,2026-09-25 20:24:00,10,900
KDS-ORD-20260925-11795,ORD-20260925-11795,MCH-104,DEV-104-POS,2026-09-25 06:59:12,2026-09-25 06:59:32,2026-09-25 06:59:46,2026-09-25 07:19:54,6,1080
KDS-ORD-20260925-11796,ORD-20260925-11796,MCH-105,DEV-105-POS,2026-09-25 07:01:46,2026-09-25 07:02:06,2026-09-25 07:02:24,2026-09-25 07:21:30,5,900
KDS-ORD-20260925-11797,ORD-20260925-11797,MCH-105,DEV-105-POS,2026-09-25 19:21:31,2026-09-25 19:21:51,2026-09-25 19:22:13,2026-09-25 19:50:06,10,900
KDS-ORD-20260925-11798,ORD-20260925-11798,MCH-101,DEV-101-POS,2026-09-25 07:31:34,2026-09-25 07:31:54,2026-09-25 07:32:01,2026-09-25 07:50:17,5,720
KDS-ORD-20260925-11799,ORD-20260925-11799,MCH-107,DEV-107-POS,2026-09-25 07:22:15,2026-09-25 07:22:35,2026-09-25 07:23:11,2026-09-25 07:42:41,6,900
KDS-ORD-20260925-11800,ORD-20260925-11800,MCH-113,DEV-113-POS,2026-09-25 02:26:23,2026-09-25 02:26:43,2026-09-25 02:27:06,2026-09-25 02:45:38,6,720
KDS-ORD-20260925-11801,ORD-20260925-11801,MCH-114,DEV-114-POS,2026-09-25 22:16:42,2026-09-25 22:17:02,2026-09-25 22:17:05,2026-09-25 22:36:31,5,720
KDS-ORD-20260925-11802,ORD-20260925-11802,MCH-105,DEV-105-POS,2026-09-25 19:07:20,2026-09-25 19:07:40,2026-09-25 19:07:56,2026-09-25 19:38:55,13,900
KDS-ORD-20260925-11803,ORD-20260925-11803,MCH-115,DEV-115-POS,2026-09-25 12:04:07,2026-09-25 12:04:27,2026-09-25 12:04:42,2026-09-25 12:43:12,11,1080
KDS-ORD-20260925-11804,ORD-20260925-11804,MCH-108,DEV-108-POS,2026-09-25 11:41:50,2026-09-25 11:42:10,2026-09-25 11:42:43,2026-09-25 12:01:12,5,900
KDS-ORD-20260925-11805,ORD-20260925-11805,MCH-103,DEV-103-POS,2026-09-25 12:32:16,2026-09-25 12:32:36,2026-09-25 12:32:54,2026-09-25 13:01:20,15,720
KDS-ORD-20260925-11806,ORD-20260925-11806,MCH-104,DEV-104-POS,2026-09-25 20:57:24,2026-09-25 20:57:44,2026-09-25 20:58:20,2026-09-25 21:32:55,8,1080
KDS-ORD-20260925-11807,ORD-20260925-11807,MCH-106,DEV-106-POS,2026-09-25 18:24:34,2026-09-25 18:24:54,2026-09-25 18:25:02,2026-09-25 18:42:50,6,720
KDS-ORD-20260925-11808,ORD-20260925-11808,MCH-107,DEV-107-POS,2026-09-25 10:46:52,2026-09-25 10:47:12,2026-09-25 10:47:48,2026-09-25 11:08:57,6,900
KDS-ORD-20260925-11809,ORD-20260925-11809,MCH-107,DEV-107-POS,2026-09-25 09:30:46,2026-09-25 09:31:06,2026-09-25 09:31:03,2026-09-25 09:46:02,4,900
KDS-ORD-20260925-11810,ORD-20260925-11810,MCH-106,DEV-106-POS,2026-09-25 08:12:14,2026-09-25 08:12:34,2026-09-25 08:12:39,2026-09-25 08:26:14,2,720
KDS-ORD-20260925-11811,ORD-20260925-11811,MCH-114,DEV-114-POS,2026-09-25 18:42:52,2026-09-25 18:43:12,2026-09-25 18:43:37,2026-09-25 18:56:19,2,720
KDS-ORD-20260925-11812,ORD-20260925-11812,MCH-109,DEV-109-POS,2026-09-25 19:31:17,2026-09-25 19:31:37,2026-09-25 19:31:39,2026-09-25 20:07:28,14,900
KDS-ORD-20260925-11813,ORD-20260925-11813,MCH-107,DEV-107-POS,2026-09-25 11:56:03,2026-09-25 11:56:23,2026-09-25 11:56:42,2026-09-25 12:12:33,2,900
KDS-ORD-20260925-11814,ORD-20260925-11814,MCH-112,DEV-112-POS,2026-09-25 04:17:32,2026-09-25 04:17:52,2026-09-25 04:18:21,2026-09-25 04:42:29,6,900
KDS-ORD-20260925-11815,ORD-20260925-11815,MCH-112,DEV-112-POS,2026-09-25 07:18:12,2026-09-25 07:18:32,2026-09-25 07:18:47,2026-09-25 07:35:51,6,900
KDS-ORD-20260925-11816,ORD-20260925-11816,MCH-107,DEV-107-POS,2026-09-25 22:44:37,2026-09-25 22:44:57,2026-09-25 22:45:30,2026-09-25 23:05:16,5,900
KDS-ORD-20260925-11817,ORD-20260925-11817,MCH-111,DEV-111-POS,2026-09-25 11:15:32,2026-09-25 11:15:52,2026-09-25 11:16:02,2026-09-25 11:36:01,3,1080
KDS-ORD-20260925-11818,ORD-20260925-11818,MCH-109,DEV-109-POS,2026-09-25 20:26:10,2026-09-25 20:26:30,2026-09-25 20:26:38,2026-09-25 20:58:43,13,900
KDS-ORD-20260925-11819,ORD-20260925-11819,MCH-112,DEV-112-POS,2026-09-25 18:56:03,2026-09-25 18:56:23,2026-09-25 18:56:19,2026-09-25 19:16:16,4,900
KDS-ORD-20260925-11820,ORD-20260925-11820,MCH-106,DEV-106-POS,2026-09-25 12:44:10,2026-09-25 12:44:30,2026-09-25 12:45:04,2026-09-25 13:05:12,7,720
KDS-ORD-20260925-11821,ORD-20260925-11821,MCH-107,DEV-107-POS,2026-09-25 10:22:06,2026-09-25 10:22:26,2026-09-25 10:23:01,2026-09-25 10:40:47,5,900
KDS-ORD-20260925-11822,ORD-20260925-11822,MCH-109,DEV-109-POS,2026-09-25 08:09:42,2026-09-25 08:10:02,2026-09-25 08:10:21,2026-09-25 08:27:39,5,900
KDS-ORD-20260925-11823,ORD-20260925-11823,MCH-115,DEV-115-POS,2026-09-25 17:02:31,2026-09-25 17:02:51,2026-09-25 17:03:07,2026-09-25 17:25:12,5,1080
KDS-ORD-20260925-11824,ORD-20260925-11824,MCH-109,DEV-109-POS,2026-09-25 20:19:20,2026-09-25 20:19:40,2026-09-25 20:19:49,2026-09-25 20:55:48,15,900
KDS-ORD-20260925-11825,ORD-20260925-11825,MCH-107,DEV-107-POS,2026-09-25 18:30:39,2026-09-25 18:30:59,2026-09-25 18:31:36,2026-09-25 18:47:46,3,900
KDS-ORD-20260925-11826,ORD-20260925-11826,MCH-109,DEV-109-POS,2026-09-25 15:30:52,2026-09-25 15:31:12,2026-09-25 15:31:35,2026-09-25 15:52:09,5,900
KDS-ORD-20260925-11827,ORD-20260925-11827,MCH-103,DEV-103-POS,2026-09-25 06:06:10,2026-09-25 06:06:30,2026-09-25 06:06:28,2026-09-25 06:17:30,4,720
KDS-ORD-20260925-11828,ORD-20260925-11828,MCH-113,DEV-113-POS,2026-09-25 22:10:05,2026-09-25 22:10:25,2026-09-25 22:11:04,2026-09-25 22:28:35,4,720
KDS-ORD-20260925-11829,ORD-20260925-11829,MCH-109,DEV-109-POS,2026-09-25 20:32:00,2026-09-25 20:32:20,2026-09-25 20:32:32,2026-09-25 21:04:18,16,900
KDS-ORD-20260925-11830,ORD-20260925-11830,MCH-105,DEV-105-POS,2026-09-25 11:22:51,2026-09-25 11:23:11,2026-09-25 11:23:35,2026-09-25 11:44:01,4,900
KDS-ORD-20260925-11831,ORD-20260925-11831,MCH-108,DEV-108-POS,2026-09-25 22:53:15,2026-09-25 22:53:35,2026-09-25 22:54:14,2026-09-25 23:12:47,3,900
KDS-ORD-20260925-11832,ORD-20260925-11832,MCH-114,DEV-114-POS,2026-09-25 17:27:21,2026-09-25 17:27:41,2026-09-25 17:28:11,2026-09-25 17:41:41,2,720
KDS-ORD-20260925-11833,ORD-20260925-11833,MCH-114,DEV-114-POS,2026-09-25 16:16:18,2026-09-25 16:16:38,2026-09-25 16:16:44,2026-09-25 16:35:59,6,720
KDS-ORD-20260925-11834,ORD-20260925-11834,MCH-115,DEV-115-POS,2026-09-25 19:02:06,2026-09-25 19:02:26,2026-09-25 19:03:02,2026-09-25 19:39:08,8,1080
KDS-ORD-20260925-11835,ORD-20260925-11835,MCH-104,DEV-104-POS,2026-09-25 20:06:57,2026-09-25 20:07:17,2026-09-25 20:07:20,2026-09-25 20:50:26,14,1080
KDS-ORD-20260925-11836,ORD-20260925-11836,MCH-109,DEV-109-POS,2026-09-25 18:37:05,2026-09-25 18:37:25,2026-09-25 18:37:53,2026-09-25 18:58:05,5,900
KDS-ORD-20260925-11837,ORD-20260925-11837,MCH-108,DEV-108-POS,2026-09-25 08:31:36,2026-09-25 08:31:56,2026-09-25 08:32:05,2026-09-25 08:56:00,5,900
KDS-ORD-20260925-11838,ORD-20260925-11838,MCH-103,DEV-103-POS,2026-09-25 12:03:47,2026-09-25 12:04:07,2026-09-25 12:04:23,2026-09-25 12:37:42,16,720
KDS-ORD-20260925-11839,ORD-20260925-11839,MCH-108,DEV-108-POS,2026-09-25 21:50:47,2026-09-25 21:51:07,2026-09-25 21:51:24,2026-09-25 22:22:09,11,900
KDS-ORD-20260925-11840,ORD-20260925-11840,MCH-111,DEV-111-POS,2026-09-25 10:00:07,2026-09-25 10:00:27,2026-09-25 10:00:50,2026-09-25 10:23:23,6,1080
KDS-ORD-20260925-11841,ORD-20260925-11841,MCH-111,DEV-111-POS,2026-09-25 12:32:35,2026-09-25 12:32:55,2026-09-25 12:32:51,2026-09-25 13:05:10,6,1080
KDS-ORD-20260925-11842,ORD-20260925-11842,MCH-108,DEV-108-POS,2026-09-25 13:06:20,2026-09-25 13:06:40,2026-09-25 13:06:44,2026-09-25 13:42:05,15,900
KDS-ORD-20260925-11843,ORD-20260925-11843,MCH-103,DEV-103-POS,2026-09-25 13:55:19,2026-09-25 13:55:39,2026-09-25 13:56:09,2026-09-25 14:25:06,12,720
KDS-ORD-20260925-11844,ORD-20260925-11844,MCH-101,DEV-101-POS,2026-09-25 17:18:24,2026-09-25 17:18:44,2026-09-25 17:18:41,2026-09-25 17:34:42,2,720
KDS-ORD-20260925-11845,ORD-20260925-11845,MCH-102,DEV-102-POS,2026-09-25 21:19:38,2026-09-25 21:19:58,2026-09-25 21:20:33,2026-09-25 21:41:12,6,720
KDS-ORD-20260925-11846,ORD-20260925-11846,MCH-113,DEV-113-POS,2026-09-25 11:59:41,2026-09-25 12:00:01,2026-09-25 12:00:38,2026-09-25 12:17:12,5,720
KDS-ORD-20260925-11847,ORD-20260925-11847,MCH-115,DEV-115-POS,2026-09-25 08:45:32,2026-09-25 08:45:52,2026-09-25 08:46:00,2026-09-25 09:07:56,2,1080
KDS-ORD-20260925-11848,ORD-20260925-11848,MCH-108,DEV-108-POS,2026-09-25 10:09:43,2026-09-25 10:10:03,2026-09-25 10:10:36,2026-09-25 10:31:45,4,900
KDS-ORD-20260925-11849,ORD-20260925-11849,MCH-115,DEV-115-POS,2026-09-25 21:05:30,2026-09-25 21:05:50,2026-09-25 21:05:58,2026-09-25 21:35:55,6,1080
KDS-ORD-20260925-11850,ORD-20260925-11850,MCH-103,DEV-103-POS,2026-09-25 18:52:50,2026-09-25 18:53:10,2026-09-25 18:53:10,2026-09-25 19:10:52,5,720
KDS-ORD-20260925-11851,ORD-20260925-11851,MCH-110,DEV-110-POS,2026-09-25 11:39:56,2026-09-25 11:40:16,2026-09-25 11:40:22,2026-09-25 11:54:53,3,720
KDS-ORD-20260925-11852,ORD-20260925-11852,MCH-115,DEV-115-POS,2026-09-25 20:28:01,2026-09-25 20:28:21,2026-09-25 20:28:49,2026-09-25 21:10:20,14,1080
KDS-ORD-20260925-11853,ORD-20260925-11853,MCH-102,DEV-102-POS,2026-09-25 20:33:58,2026-09-25 20:34:18,2026-09-25 20:34:36,2026-09-25 20:58:56,12,720
KDS-ORD-20260925-11854,ORD-20260925-11854,MCH-106,DEV-106-POS,2026-09-25 21:01:55,2026-09-25 21:02:15,2026-09-25 21:02:50,2026-09-25 21:33:23,15,720
KDS-ORD-20260925-11855,ORD-20260925-11855,MCH-110,DEV-110-POS,2026-09-25 21:58:45,2026-09-25 21:59:05,2026-09-25 21:59:08,2026-09-25 22:26:34,9,720
KDS-ORD-20260925-11856,ORD-20260925-11856,MCH-104,DEV-104-POS,2026-09-25 11:43:55,2026-09-25 11:44:15,2026-09-25 11:44:50,2026-09-25 12:04:59,2,1080
KDS-ORD-20260925-11857,ORD-20260925-11857,MCH-112,DEV-112-POS,2026-09-25 19:37:46,2026-09-25 19:38:06,2026-09-25 19:38:05,2026-09-25 20:10:47,11,900
KDS-ORD-20260925-11858,ORD-20260925-11858,MCH-105,DEV-105-POS,2026-09-25 14:01:20,2026-09-25 14:01:40,2026-09-25 14:02:19,2026-09-25 14:31:23,16,900
KDS-ORD-20260925-11859,ORD-20260925-11859,MCH-104,DEV-104-POS,2026-09-25 20:40:31,2026-09-25 20:40:51,2026-09-25 20:40:59,2026-09-25 21:14:59,14,1080
KDS-ORD-20260925-11860,ORD-20260925-11860,MCH-106,DEV-106-POS,2026-09-25 19:56:16,2026-09-25 19:56:36,2026-09-25 19:56:56,,12,720
KDS-ORD-20260925-11861,ORD-20260925-11861,MCH-101,DEV-101-POS,2026-09-25 20:59:22,2026-09-25 20:59:42,2026-09-25 20:59:46,2026-09-25 21:20:41,7,720
KDS-ORD-20260925-11862,ORD-20260925-11862,MCH-107,DEV-107-POS,2026-09-25 18:26:35,2026-09-25 18:26:55,2026-09-25 18:27:23,2026-09-25 18:47:38,5,900
KDS-ORD-20260925-11863,ORD-20260925-11863,MCH-115,DEV-115-POS,2026-09-25 10:27:45,2026-09-25 10:28:05,2026-09-25 10:28:44,2026-09-25 10:50:52,6,1080
KDS-ORD-20260925-11864,ORD-20260925-11864,MCH-102,DEV-102-POS,2026-09-25 15:42:55,2026-09-25 15:43:15,2026-09-25 15:43:17,2026-09-25 15:59:00,4,720
KDS-ORD-20260925-11865,ORD-20260925-11865,MCH-105,DEV-105-POS,2026-09-25 22:45:11,2026-09-25 22:45:31,2026-09-25 22:45:52,2026-09-25 23:05:29,3,900
KDS-ORD-20260925-11866,ORD-20260925-11866,MCH-105,DEV-105-POS,2026-09-25 21:04:51,2026-09-25 21:05:11,2026-09-25 21:05:13,2026-09-25 21:41:11,15,900
KDS-ORD-20260925-11867,ORD-20260925-11867,MCH-106,DEV-106-POS,2026-09-25 06:58:17,2026-09-25 06:58:37,2026-09-25 06:58:42,2026-09-25 07:14:47,5,720
KDS-ORD-20260925-11868,ORD-20260925-11868,MCH-104,DEV-104-POS,2026-09-25 09:07:48,2026-09-25 09:08:08,2026-09-25 09:08:17,2026-09-25 09:24:40,2,1080
KDS-ORD-20260925-11869,ORD-20260925-11869,MCH-110,DEV-110-POS,2026-09-25 08:15:03,2026-09-25 08:15:23,2026-09-25 08:15:53,2026-09-25 08:28:49,5,720
KDS-ORD-20260925-11870,ORD-20260925-11870,MCH-105,DEV-105-POS,2026-09-25 19:18:30,2026-09-25 19:18:50,2026-09-25 19:19:24,2026-09-25 20:02:21,14,900
KDS-ORD-20260925-11871,ORD-20260925-11871,MCH-113,DEV-113-POS,2026-09-25 20:17:54,2026-09-25 20:18:14,2026-09-25 20:18:42,2026-09-25 20:49:25,15,720
KDS-ORD-20260925-11872,ORD-20260925-11872,MCH-111,DEV-111-POS,2026-09-25 10:54:01,2026-09-25 10:54:21,2026-09-25 10:54:50,2026-09-25 11:17:12,4,1080
KDS-ORD-20260925-11873,ORD-20260925-11873,MCH-108,DEV-108-POS,2026-09-25 14:07:37,2026-09-25 14:07:57,2026-09-25 14:08:29,2026-09-25 14:43:13,12,900
KDS-ORD-20260925-11874,ORD-20260925-11874,MCH-105,DEV-105-POS,2026-09-25 20:14:21,2026-09-25 20:14:41,2026-09-25 20:15:11,2026-09-25 20:50:24,10,900
KDS-ORD-20260925-11875,ORD-20260925-11875,MCH-111,DEV-111-POS,2026-09-25 19:35:30,2026-09-25 19:35:50,2026-09-25 19:36:30,,11,1080
KDS-ORD-20260925-11876,ORD-20260925-11876,MCH-115,DEV-115-POS,2026-09-25 15:51:17,2026-09-25 15:51:37,2026-09-25 15:51:35,2026-09-25 16:13:38,3,1080
KDS-ORD-20260925-11877,ORD-20260925-11877,MCH-106,DEV-106-POS,2026-09-25 17:55:30,2026-09-25 17:55:50,2026-09-25 17:56:05,2026-09-25 18:12:23,4,720
KDS-ORD-20260925-11878,ORD-20260925-11878,MCH-113,DEV-113-POS,2026-09-25 14:55:20,2026-09-25 14:55:40,2026-09-25 14:56:13,2026-09-25 15:30:32,13,720
KDS-ORD-20260925-11879,ORD-20260925-11879,MCH-106,DEV-106-POS,2026-09-25 11:10:18,2026-09-25 11:10:38,2026-09-25 11:10:40,2026-09-25 11:26:28,3,720
KDS-ORD-20260925-11880,ORD-20260925-11880,MCH-111,DEV-111-POS,2026-09-25 16:02:54,2026-09-25 16:03:14,2026-09-25 16:03:22,2026-09-25 16:26:12,6,1080
KDS-ORD-20260925-11881,ORD-20260925-11881,MCH-110,DEV-110-POS,2026-09-25 19:21:31,2026-09-25 19:21:51,2026-09-25 19:22:27,2026-09-25 19:49:23,7,720
KDS-ORD-20260925-11882,ORD-20260925-11882,MCH-107,DEV-107-POS,2026-09-25 21:56:39,2026-09-25 21:56:59,2026-09-25 21:56:58,2026-09-25 22:26:51,7,900
KDS-ORD-20260925-11883,ORD-20260925-11883,MCH-114,DEV-114-POS,2026-09-25 18:37:37,2026-09-25 18:37:57,2026-09-25 18:38:04,2026-09-25 18:54:10,2,720
KDS-ORD-20260925-11884,ORD-20260925-11884,MCH-109,DEV-109-POS,2026-09-25 19:21:12,2026-09-25 19:21:32,2026-09-25 19:22:10,2026-09-25 19:49:50,6,900
KDS-ORD-20260925-11885,ORD-20260925-11885,MCH-108,DEV-108-POS,2026-09-25 09:58:29,2026-09-25 09:58:49,2026-09-25 09:59:11,2026-09-25 10:16:03,4,900
KDS-ORD-20260925-11886,ORD-20260925-11886,MCH-102,DEV-102-POS,2026-09-25 13:56:13,2026-09-25 13:56:33,2026-09-25 13:56:38,2026-09-25 14:20:54,11,720
KDS-ORD-20260925-11887,ORD-20260925-11887,MCH-106,DEV-106-POS,2026-09-25 01:45:20,2026-09-25 01:45:40,2026-09-25 01:46:14,2026-09-25 01:59:40,3,720
KDS-ORD-20260925-11888,ORD-20260925-11888,MCH-105,DEV-105-POS,2026-09-25 11:27:55,2026-09-25 11:28:15,2026-09-25 11:28:38,2026-09-25 11:47:37,5,900
KDS-ORD-20260925-11889,ORD-20260925-11889,MCH-114,DEV-114-POS,2026-09-25 19:28:47,2026-09-25 19:29:07,2026-09-25 19:29:27,2026-09-25 20:03:47,13,720
KDS-ORD-20260925-11890,ORD-20260925-11890,MCH-101,DEV-101-POS,2026-09-25 23:40:38,2026-09-25 23:40:58,2026-09-25 23:41:02,2026-09-26 00:00:52,6,720
KDS-ORD-20260925-11891,ORD-20260925-11891,MCH-103,DEV-103-POS,2026-09-25 08:58:41,2026-09-25 08:59:01,2026-09-25 08:59:32,2026-09-25 09:11:36,2,720
KDS-ORD-20260925-11892,ORD-20260925-11892,MCH-110,DEV-110-POS,2026-09-25 13:03:31,2026-09-25 13:03:51,2026-09-25 13:04:29,2026-09-25 13:28:17,6,720
KDS-ORD-20260925-11893,ORD-20260925-11893,MCH-113,DEV-113-POS,2026-09-25 20:55:53,2026-09-25 20:56:13,2026-09-25 20:56:15,2026-09-25 21:19:59,13,720
KDS-ORD-20260925-11894,ORD-20260925-11894,MCH-110,DEV-110-POS,2026-09-25 10:09:46,2026-09-25 10:10:06,2026-09-25 10:10:19,2026-09-25 10:23:15,2,720
KDS-ORD-20260925-11895,ORD-20260925-11895,MCH-110,DEV-110-POS,2026-09-25 16:55:24,2026-09-25 16:55:44,2026-09-25 16:55:55,2026-09-25 17:12:52,5,720
KDS-ORD-20260925-11896,ORD-20260925-11896,MCH-105,DEV-105-POS,2026-09-25 19:21:42,2026-09-25 19:22:02,2026-09-25 19:22:08,2026-09-25 19:57:07,13,900
KDS-ORD-20260925-11897,ORD-20260925-11897,MCH-108,DEV-108-POS,2026-09-25 17:58:55,2026-09-25 17:59:15,2026-09-25 17:59:31,2026-09-25 18:21:10,6,900
KDS-ORD-20260925-11898,ORD-20260925-11898,MCH-108,DEV-108-POS,2026-09-25 10:16:28,2026-09-25 10:16:48,2026-09-25 10:17:05,2026-09-25 10:38:52,6,900
KDS-ORD-20260925-11899,ORD-20260925-11899,MCH-113,DEV-113-POS,2026-09-25 12:39:24,2026-09-25 12:39:44,2026-09-25 12:40:21,2026-09-25 13:08:28,11,720
KDS-ORD-20260925-11900,ORD-20260925-11900,MCH-108,DEV-108-POS,2026-09-25 21:02:24,2026-09-25 21:02:44,2026-09-25 21:02:39,2026-09-25 21:39:46,13,900
KDS-ORD-20260925-11901,ORD-20260925-11901,MCH-105,DEV-105-POS,2026-09-25 15:58:45,2026-09-25 15:59:05,2026-09-25 15:59:19,2026-09-25 16:17:37,2,900
KDS-ORD-20260925-11902,ORD-20260925-11902,MCH-108,DEV-108-POS,2026-09-25 00:29:57,2026-09-25 00:30:17,2026-09-25 00:30:51,2026-09-25 00:45:08,3,900
KDS-ORD-20260925-11903,ORD-20260925-11903,MCH-103,DEV-103-POS,2026-09-25 19:04:10,2026-09-25 19:04:30,2026-09-25 19:04:56,2026-09-25 19:28:09,6,720
KDS-ORD-20260925-11904,ORD-20260925-11904,MCH-109,DEV-109-POS,2026-09-25 05:57:11,2026-09-25 05:57:31,2026-09-25 05:57:57,2026-09-25 06:14:48,5,900
KDS-ORD-20260925-11905,ORD-20260925-11905,MCH-115,DEV-115-POS,2026-09-25 19:54:54,2026-09-25 19:55:14,2026-09-25 19:55:47,,14,1080
KDS-ORD-20260925-11906,ORD-20260925-11906,MCH-109,DEV-109-POS,2026-09-25 10:18:20,2026-09-25 10:18:40,2026-09-25 10:19:15,2026-09-25 10:38:15,4,900
KDS-ORD-20260925-11907,ORD-20260925-11907,MCH-109,DEV-109-POS,2026-09-25 22:37:14,2026-09-25 22:37:34,2026-09-25 22:38:04,2026-09-25 23:01:55,6,900
KDS-ORD-20260925-11908,ORD-20260925-11908,MCH-111,DEV-111-POS,2026-09-25 12:26:50,2026-09-25 12:27:10,2026-09-25 12:27:28,2026-09-25 13:01:12,9,1080
KDS-ORD-20260925-11909,ORD-20260925-11909,MCH-109,DEV-109-POS,2026-09-25 12:05:39,2026-09-25 12:05:59,2026-09-25 12:06:27,2026-09-25 12:34:26,8,900
KDS-ORD-20260925-11910,ORD-20260925-11910,MCH-112,DEV-112-POS,2026-09-25 09:58:54,2026-09-25 09:59:14,2026-09-25 09:59:20,2026-09-25 10:23:48,6,900
KDS-ORD-20260925-11911,ORD-20260925-11911,MCH-112,DEV-112-POS,2026-09-25 12:14:39,2026-09-25 12:14:59,2026-09-25 12:15:29,2026-09-25 12:39:56,7,900
KDS-ORD-20260925-11912,ORD-20260925-11912,MCH-107,DEV-107-POS,2026-09-25 21:37:54,2026-09-25 21:38:14,2026-09-25 21:38:13,2026-09-25 22:07:16,10,900
KDS-ORD-20260925-11913,ORD-20260925-11913,MCH-104,DEV-104-POS,2026-09-25 23:05:30,2026-09-25 23:05:50,2026-09-25 23:05:55,2026-09-25 23:26:05,5,1080
KDS-ORD-20260925-11914,ORD-20260925-11914,MCH-114,DEV-114-POS,2026-09-25 12:54:12,2026-09-25 12:54:32,2026-09-25 12:55:09,2026-09-25 13:24:13,8,720
KDS-ORD-20260925-11915,ORD-20260925-11915,MCH-101,DEV-101-POS,2026-09-25 13:01:25,2026-09-25 13:01:45,2026-09-25 13:01:59,2026-09-25 13:31:31,9,720
KDS-ORD-20260925-11916,ORD-20260925-11916,MCH-103,DEV-103-POS,2026-09-25 19:32:23,2026-09-25 19:32:43,2026-09-25 19:32:55,2026-09-25 20:02:27,9,720
KDS-ORD-20260925-11917,ORD-20260925-11917,MCH-114,DEV-114-POS,2026-09-25 21:37:35,2026-09-25 21:37:55,2026-09-25 21:38:10,2026-09-25 22:03:54,12,720
KDS-ORD-20260925-11918,ORD-20260925-11918,MCH-103,DEV-103-POS,2026-09-25 17:51:12,2026-09-25 17:51:32,2026-09-25 17:51:42,2026-09-25 18:06:04,2,720
KDS-ORD-20260925-11919,ORD-20260925-11919,MCH-103,DEV-103-POS,2026-09-25 12:14:39,2026-09-25 12:14:59,2026-09-25 12:15:20,,16,720
KDS-ORD-20260925-11920,ORD-20260925-11920,MCH-105,DEV-105-POS,2026-09-25 13:32:47,2026-09-25 13:33:07,2026-09-25 13:33:32,2026-09-25 14:02:59,7,900
KDS-ORD-20260925-11921,ORD-20260925-11921,MCH-109,DEV-109-POS,2026-09-25 19:25:43,2026-09-25 19:26:03,2026-09-25 19:26:17,2026-09-25 20:06:59,14,900
KDS-ORD-20260925-11922,ORD-20260925-11922,MCH-101,DEV-101-POS,2026-09-25 00:41:07,2026-09-25 00:41:27,2026-09-25 00:41:28,2026-09-25 00:53:02,2,720
KDS-ORD-20260925-11923,ORD-20260925-11923,MCH-106,DEV-106-POS,2026-09-25 17:16:00,2026-09-25 17:16:20,2026-09-25 17:16:24,2026-09-25 17:33:36,3,720
KDS-ORD-20260925-11924,ORD-20260925-11924,MCH-101,DEV-101-POS,2026-09-25 12:22:55,2026-09-25 12:23:15,2026-09-25 12:23:55,2026-09-25 12:51:04,7,720
KDS-ORD-20260925-11925,ORD-20260925-11925,MCH-111,DEV-111-POS,2026-09-25 20:19:22,2026-09-25 20:19:42,2026-09-25 20:19:39,2026-09-25 21:08:41,15,1080
KDS-ORD-20260925-11926,ORD-20260925-11926,MCH-107,DEV-107-POS,2026-09-25 07:49:56,2026-09-25 07:50:16,2026-09-25 07:50:19,2026-09-25 08:07:09,2,900
KDS-ORD-20260925-11927,ORD-20260925-11927,MCH-115,DEV-115-POS,2026-09-25 17:32:37,2026-09-25 17:32:57,2026-09-25 17:33:17,2026-09-25 17:54:05,2,1080
KDS-ORD-20260925-11928,ORD-20260925-11928,MCH-103,DEV-103-POS,2026-09-25 14:24:09,2026-09-25 14:24:29,2026-09-25 14:24:32,2026-09-25 14:58:24,15,720
KDS-ORD-20260925-11929,ORD-20260925-11929,MCH-105,DEV-105-POS,2026-09-25 18:56:27,2026-09-25 18:56:47,2026-09-25 18:56:53,2026-09-25 19:17:06,5,900
KDS-ORD-20260925-11930,ORD-20260925-11930,MCH-107,DEV-107-POS,2026-09-25 07:44:09,2026-09-25 07:44:29,2026-09-25 07:44:55,2026-09-25 08:02:17,4,900
KDS-ORD-20260925-11931,ORD-20260925-11931,MCH-115,DEV-115-POS,2026-09-25 16:42:12,2026-09-25 16:42:32,2026-09-25 16:42:46,2026-09-25 17:09:05,6,1080
KDS-ORD-20260925-11932,ORD-20260925-11932,MCH-112,DEV-112-POS,2026-09-25 16:59:12,2026-09-25 16:59:32,2026-09-25 16:59:46,2026-09-25 17:19:06,3,900
KDS-ORD-20260925-11933,ORD-20260925-11933,MCH-111,DEV-111-POS,2026-09-25 16:40:21,2026-09-25 16:40:41,2026-09-25 16:40:46,2026-09-25 17:00:20,2,1080
KDS-ORD-20260925-11934,ORD-20260925-11934,MCH-102,DEV-102-POS,2026-09-25 17:38:03,2026-09-25 17:38:23,2026-09-25 17:38:27,2026-09-25 17:54:54,6,720
KDS-ORD-20260925-11935,ORD-20260925-11935,MCH-112,DEV-112-POS,2026-09-25 19:08:32,2026-09-25 19:08:52,2026-09-25 19:09:08,2026-09-25 19:42:32,12,900
KDS-ORD-20260925-11936,ORD-20260925-11936,MCH-106,DEV-106-POS,2026-09-25 20:09:12,2026-09-25 20:09:32,2026-09-25 20:09:43,2026-09-25 20:40:33,10,720
KDS-ORD-20260925-11937,ORD-20260925-11937,MCH-107,DEV-107-POS,2026-09-25 11:49:21,2026-09-25 11:49:41,2026-09-25 11:49:38,2026-09-25 12:06:47,5,900
KDS-ORD-20260925-11938,ORD-20260925-11938,MCH-106,DEV-106-POS,2026-09-25 20:28:04,2026-09-25 20:28:24,2026-09-25 20:29:03,2026-09-25 20:57:54,10,720
KDS-ORD-20260925-11939,ORD-20260925-11939,MCH-101,DEV-101-POS,2026-09-25 14:06:21,2026-09-25 14:06:41,2026-09-25 14:07:21,2026-09-25 14:37:27,9,720
KDS-ORD-20260925-11940,ORD-20260925-11940,MCH-114,DEV-114-POS,2026-09-25 07:33:57,2026-09-25 07:34:17,2026-09-25 07:34:32,2026-09-25 07:51:23,3,720
KDS-ORD-20260925-11941,ORD-20260925-11941,MCH-110,DEV-110-POS,2026-09-25 06:23:03,2026-09-25 06:23:23,2026-09-25 06:23:45,2026-09-25 06:39:07,3,720
KDS-ORD-20260925-11942,ORD-20260925-11942,MCH-107,DEV-107-POS,2026-09-25 12:35:46,2026-09-25 12:36:06,2026-09-25 12:36:17,2026-09-25 13:13:03,13,900
KDS-ORD-20260925-11943,ORD-20260925-11943,MCH-110,DEV-110-POS,2026-09-25 20:04:00,2026-09-25 20:04:20,2026-09-25 20:04:19,2026-09-25 20:34:21,15,720
KDS-ORD-20260925-11944,ORD-20260925-11944,MCH-112,DEV-112-POS,2026-09-25 19:32:39,2026-09-25 19:32:59,2026-09-25 19:33:34,2026-09-25 20:00:09,7,900
KDS-ORD-20260925-11945,ORD-20260925-11945,MCH-103,DEV-103-POS,2026-09-25 20:37:08,2026-09-25 20:37:28,2026-09-25 20:37:48,2026-09-25 21:00:28,6,720
KDS-ORD-20260925-11946,ORD-20260925-11946,MCH-104,DEV-104-POS,2026-09-25 14:24:41,2026-09-25 14:25:01,2026-09-25 14:25:12,2026-09-25 14:59:38,9,1080
KDS-ORD-20260925-11947,ORD-20260925-11947,MCH-110,DEV-110-POS,2026-09-25 13:56:52,2026-09-25 13:57:12,2026-09-25 13:57:24,2026-09-25 14:19:44,6,720
KDS-ORD-20260925-11948,ORD-20260925-11948,MCH-102,DEV-102-POS,2026-09-25 09:54:22,2026-09-25 09:54:42,2026-09-25 09:54:56,2026-09-25 10:12:03,3,720
KDS-ORD-20260925-11949,ORD-20260925-11949,MCH-110,DEV-110-POS,2026-09-25 12:14:24,2026-09-25 12:14:44,2026-09-25 12:14:51,2026-09-25 12:46:18,13,720
KDS-ORD-20260925-11950,ORD-20260925-11950,MCH-115,DEV-115-POS,2026-09-25 13:59:02,2026-09-25 13:59:22,2026-09-25 13:59:22,2026-09-25 14:43:14,16,1080
KDS-ORD-20260925-11951,ORD-20260925-11951,MCH-111,DEV-111-POS,2026-09-25 07:37:23,2026-09-25 07:37:43,2026-09-25 07:37:51,2026-09-25 07:59:25,6,1080
KDS-ORD-20260925-11952,ORD-20260925-11952,MCH-101,DEV-101-POS,2026-09-25 10:42:25,2026-09-25 10:42:45,2026-09-25 10:43:15,2026-09-25 10:51:44,2,720
KDS-ORD-20260925-11953,ORD-20260925-11953,MCH-107,DEV-107-POS,2026-09-25 17:36:24,2026-09-25 17:36:44,2026-09-25 17:37:21,2026-09-25 17:55:39,6,900
KDS-ORD-20260925-11954,ORD-20260925-11954,MCH-112,DEV-112-POS,2026-09-25 19:21:11,2026-09-25 19:21:31,2026-09-25 19:21:54,2026-09-25 19:52:27,12,900
KDS-ORD-20260925-11955,ORD-20260925-11955,MCH-113,DEV-113-POS,2026-09-25 23:17:02,2026-09-25 23:17:22,2026-09-25 23:17:39,2026-09-25 23:33:32,4,720
KDS-ORD-20260925-11956,ORD-20260925-11956,MCH-113,DEV-113-POS,2026-09-25 21:46:24,2026-09-25 21:46:44,2026-09-25 21:47:00,2026-09-25 22:08:52,6,720
KDS-ORD-20260925-11957,ORD-20260925-11957,MCH-112,DEV-112-POS,2026-09-25 18:27:19,2026-09-25 18:27:39,2026-09-25 18:28:03,2026-09-25 18:43:31,3,900
KDS-ORD-20260925-11958,ORD-20260925-11958,MCH-115,DEV-115-POS,2026-09-25 13:42:01,2026-09-25 13:42:21,2026-09-25 13:42:25,2026-09-25 14:27:48,15,1080
KDS-ORD-20260925-11959,ORD-20260925-11959,MCH-104,DEV-104-POS,2026-09-25 18:34:53,2026-09-25 18:35:13,2026-09-25 18:35:37,2026-09-25 18:55:41,3,1080
KDS-ORD-20260925-11960,ORD-20260925-11960,MCH-108,DEV-108-POS,2026-09-25 20:19:12,2026-09-25 20:19:32,2026-09-25 20:19:55,2026-09-25 20:58:20,16,900
KDS-ORD-20260925-11961,ORD-20260925-11961,MCH-107,DEV-107-POS,2026-09-25 08:20:28,2026-09-25 08:20:48,2026-09-25 08:20:53,2026-09-25 08:42:47,6,900
KDS-ORD-20260925-11962,ORD-20260925-11962,MCH-107,DEV-107-POS,2026-09-25 13:09:30,2026-09-25 13:09:50,2026-09-25 13:10:07,2026-09-25 13:38:27,9,900
KDS-ORD-20260925-11963,ORD-20260925-11963,MCH-108,DEV-108-POS,2026-09-25 20:08:00,2026-09-25 20:08:20,2026-09-25 20:08:54,2026-09-25 20:40:24,8,900
KDS-ORD-20260925-11964,ORD-20260925-11964,MCH-105,DEV-105-POS,2026-09-25 12:56:07,2026-09-25 12:56:27,2026-09-25 12:56:39,2026-09-25 13:27:53,10,900
KDS-ORD-20260925-11965,ORD-20260925-11965,MCH-104,DEV-104-POS,2026-09-25 16:30:47,2026-09-25 16:31:07,2026-09-25 16:31:47,2026-09-25 16:56:57,5,1080
KDS-ORD-20260925-11966,ORD-20260925-11966,MCH-115,DEV-115-POS,2026-09-25 17:01:27,2026-09-25 17:01:47,2026-09-25 17:02:20,2026-09-25 17:26:53,6,1080
KDS-ORD-20260925-11967,ORD-20260925-11967,MCH-110,DEV-110-POS,2026-09-25 10:43:50,2026-09-25 10:44:10,2026-09-25 10:44:21,2026-09-25 10:57:45,3,720
KDS-ORD-20260925-11968,ORD-20260925-11968,MCH-105,DEV-105-POS,2026-09-25 12:19:58,2026-09-25 12:20:18,2026-09-25 12:20:23,2026-09-25 12:50:43,7,900
KDS-ORD-20260925-11969,ORD-20260925-11969,MCH-104,DEV-104-POS,2026-09-25 12:44:02,2026-09-25 12:44:22,2026-09-25 12:45:02,2026-09-25 13:15:13,7,1080
KDS-ORD-20260925-11970,ORD-20260925-11970,MCH-109,DEV-109-POS,2026-09-25 04:01:39,2026-09-25 04:01:59,2026-09-25 04:02:24,2026-09-25 04:21:53,5,900
KDS-ORD-20260925-11971,ORD-20260925-11971,MCH-104,DEV-104-POS,2026-09-25 04:39:47,2026-09-25 04:40:07,2026-09-25 04:40:22,2026-09-25 05:00:20,2,1080
KDS-ORD-20260925-11972,ORD-20260925-11972,MCH-108,DEV-108-POS,2026-09-25 20:37:03,2026-09-25 20:37:23,2026-09-25 20:37:42,2026-09-25 21:05:36,8,900
KDS-ORD-20260925-11973,ORD-20260925-11973,MCH-109,DEV-109-POS,2026-09-25 11:33:17,2026-09-25 11:33:37,2026-09-25 11:34:14,2026-09-25 11:51:38,3,900
KDS-ORD-20260925-11974,ORD-20260925-11974,MCH-115,DEV-115-POS,2026-09-25 14:16:41,2026-09-25 14:17:01,2026-09-25 14:17:09,2026-09-25 14:49:10,13,1080
KDS-ORD-20260925-11975,ORD-20260925-11975,MCH-105,DEV-105-POS,2026-09-25 12:39:58,2026-09-25 12:40:18,2026-09-25 12:40:26,2026-09-25 13:15:01,13,900
KDS-ORD-20260925-11976,ORD-20260925-11976,MCH-106,DEV-106-POS,2026-09-25 21:03:40,2026-09-25 21:04:00,2026-09-25 21:04:38,2026-09-25 21:36:43,14,720
KDS-ORD-20260925-11977,ORD-20260925-11977,MCH-111,DEV-111-POS,2026-09-25 11:41:31,2026-09-25 11:41:51,2026-09-25 11:42:01,2026-09-25 12:06:15,6,1080
KDS-ORD-20260925-11978,ORD-20260925-11978,MCH-103,DEV-103-POS,2026-09-25 13:23:44,2026-09-25 13:24:04,2026-09-25 13:24:07,2026-09-25 13:53:05,16,720
KDS-ORD-20260925-11979,ORD-20260925-11979,MCH-105,DEV-105-POS,2026-09-25 21:42:24,2026-09-25 21:42:44,2026-09-25 21:43:08,2026-09-25 22:19:49,10,900
KDS-ORD-20260925-11980,ORD-20260925-11980,MCH-103,DEV-103-POS,2026-09-25 20:51:23,2026-09-25 20:51:43,2026-09-25 20:51:48,2026-09-25 21:15:26,7,720
KDS-ORD-20260925-11981,ORD-20260925-11981,MCH-101,DEV-101-POS,2026-09-25 10:16:49,2026-09-25 10:17:09,2026-09-25 10:17:30,2026-09-25 10:30:12,2,720
KDS-ORD-20260925-11982,ORD-20260925-11982,MCH-105,DEV-105-POS,2026-09-25 20:06:58,2026-09-25 20:07:18,2026-09-25 20:07:41,2026-09-25 20:42:57,9,900
KDS-ORD-20260925-11983,ORD-20260925-11983,MCH-103,DEV-103-POS,2026-09-25 13:59:47,2026-09-25 14:00:07,2026-09-25 14:00:38,2026-09-25 14:23:27,6,720
KDS-ORD-20260925-11984,ORD-20260925-11984,MCH-103,DEV-103-POS,2026-09-25 14:51:41,2026-09-25 14:52:01,2026-09-25 14:52:35,2026-09-25 15:21:50,13,720
KDS-ORD-20260925-11985,ORD-20260925-11985,MCH-103,DEV-103-POS,2026-09-25 09:44:17,2026-09-25 09:44:37,2026-09-25 09:45:15,2026-09-25 10:01:59,6,720
KDS-ORD-20260925-11986,ORD-20260925-11986,MCH-114,DEV-114-POS,2026-09-25 07:21:28,2026-09-25 07:21:48,2026-09-25 07:21:56,2026-09-25 07:40:59,6,720
KDS-ORD-20260925-11987,ORD-20260925-11987,MCH-115,DEV-115-POS,2026-09-25 19:39:11,2026-09-25 19:39:31,2026-09-25 19:39:40,2026-09-25 20:14:50,13,1080
KDS-ORD-20260925-11988,ORD-20260925-11988,MCH-111,DEV-111-POS,2026-09-25 14:10:59,2026-09-25 14:11:19,2026-09-25 14:11:39,2026-09-25 14:44:00,10,1080
KDS-ORD-20260925-11989,ORD-20260925-11989,MCH-104,DEV-104-POS,2026-09-25 13:43:34,2026-09-25 13:43:54,2026-09-25 13:43:57,,7,1080
KDS-ORD-20260925-11990,ORD-20260925-11990,MCH-109,DEV-109-POS,2026-09-25 19:44:56,2026-09-25 19:45:16,2026-09-25 19:45:19,2026-09-25 20:22:47,12,900
KDS-ORD-20260925-11991,ORD-20260925-11991,MCH-113,DEV-113-POS,2026-09-25 19:21:18,2026-09-25 19:21:38,2026-09-25 19:22:08,2026-09-25 19:54:48,14,720
KDS-ORD-20260925-11992,ORD-20260925-11992,MCH-110,DEV-110-POS,2026-09-25 09:54:00,2026-09-25 09:54:20,2026-09-25 09:54:41,2026-09-25 10:12:56,6,720
KDS-ORD-20260925-11993,ORD-20260925-11993,MCH-113,DEV-113-POS,2026-09-25 17:14:29,2026-09-25 17:14:49,2026-09-25 17:15:27,2026-09-25 17:29:47,3,720
KDS-ORD-20260925-11994,ORD-20260925-11994,MCH-109,DEV-109-POS,2026-09-25 09:51:17,2026-09-25 09:51:37,2026-09-25 09:52:14,2026-09-25 10:11:53,4,900
KDS-ORD-20260925-11995,ORD-20260925-11995,MCH-103,DEV-103-POS,2026-09-25 19:16:15,2026-09-25 19:16:35,2026-09-25 19:17:06,2026-09-25 19:52:35,14,720
KDS-ORD-20260925-11996,ORD-20260925-11996,MCH-115,DEV-115-POS,2026-09-25 18:53:19,2026-09-25 18:53:39,2026-09-25 18:53:48,2026-09-25 19:13:23,3,1080
KDS-ORD-20260925-11997,ORD-20260925-11997,MCH-102,DEV-102-POS,2026-09-25 23:01:13,2026-09-25 23:01:33,2026-09-25 23:01:54,2026-09-25 23:13:43,2,720
KDS-ORD-20260925-11998,ORD-20260925-11998,MCH-111,DEV-111-POS,2026-09-25 07:55:49,2026-09-25 07:56:09,2026-09-25 07:56:23,2026-09-25 08:15:04,3,1080
KDS-ORD-20260925-11999,ORD-20260925-11999,MCH-110,DEV-110-POS,2026-09-25 06:02:59,2026-09-25 06:03:19,2026-09-25 06:03:43,2026-09-25 06:24:41,5,720
KDS-ORD-20260925-12000,ORD-20260925-12000,MCH-102,DEV-102-POS,2026-09-25 11:47:44,2026-09-25 11:48:04,2026-09-25 11:48:33,2026-09-25 12:05:19,6,720
KDS-ORD-20260925-12001,ORD-20260925-12001,MCH-102,DEV-102-POS,2026-09-25 11:16:15,2026-09-25 11:16:35,2026-09-25 11:17:13,2026-09-25 11:33:06,6,720
KDS-ORD-20260925-12002,ORD-20260925-12002,MCH-108,DEV-108-POS,2026-09-25 11:13:23,2026-09-25 11:13:43,2026-09-25 11:14:20,2026-09-25 11:34:30,5,900
KDS-ORD-20260925-12003,ORD-20260925-12003,MCH-108,DEV-108-POS,2026-09-25 21:53:55,2026-09-25 21:54:15,2026-09-25 21:54:45,2026-09-25 22:20:10,6,900
KDS-ORD-20260925-12004,ORD-20260925-12004,MCH-114,DEV-114-POS,2026-09-25 11:11:02,2026-09-25 11:11:22,2026-09-25 11:11:54,2026-09-25 11:26:31,3,720
KDS-ORD-20260925-12005,ORD-20260925-12005,MCH-115,DEV-115-POS,2026-09-25 11:34:29,2026-09-25 11:34:49,2026-09-25 11:34:55,2026-09-25 11:55:31,3,1080
KDS-ORD-20260925-12006,ORD-20260925-12006,MCH-111,DEV-111-POS,2026-09-25 19:04:02,2026-09-25 19:04:22,2026-09-25 19:04:51,2026-09-25 19:49:53,14,1080
KDS-ORD-20260925-12007,ORD-20260925-12007,MCH-114,DEV-114-POS,2026-09-25 13:31:35,2026-09-25 13:31:55,2026-09-25 13:32:26,2026-09-25 13:58:23,7,720
KDS-ORD-20260925-12008,ORD-20260925-12008,MCH-102,DEV-102-POS,2026-09-25 20:53:28,2026-09-25 20:53:48,2026-09-25 20:54:04,2026-09-25 21:33:15,15,720
KDS-ORD-20260925-12009,ORD-20260925-12009,MCH-113,DEV-113-POS,2026-09-25 07:21:26,2026-09-25 07:21:46,2026-09-25 07:22:09,2026-09-25 07:38:50,4,720
KDS-ORD-20260925-12010,ORD-20260925-12010,MCH-103,DEV-103-POS,2026-09-25 14:29:33,2026-09-25 14:29:53,2026-09-25 14:30:22,2026-09-25 15:01:58,12,720
KDS-ORD-20260925-12011,ORD-20260925-12011,MCH-106,DEV-106-POS,2026-09-25 05:09:48,2026-09-25 05:10:08,2026-09-25 05:10:10,2026-09-25 05:23:59,2,720
KDS-ORD-20260925-12012,ORD-20260925-12012,MCH-109,DEV-109-POS,2026-09-25 06:46:38,2026-09-25 06:46:58,2026-09-25 06:47:31,2026-09-25 07:06:36,3,900
KDS-ORD-20260925-12013,ORD-20260925-12013,MCH-101,DEV-101-POS,2026-09-25 21:03:38,2026-09-25 21:03:58,2026-09-25 21:04:28,2026-09-25 21:40:42,14,720
KDS-ORD-20260925-12014,ORD-20260925-12014,MCH-108,DEV-108-POS,2026-09-25 09:35:04,2026-09-25 09:35:24,2026-09-25 09:35:26,2026-09-25 09:58:38,6,900
KDS-ORD-20260925-12015,ORD-20260925-12015,MCH-110,DEV-110-POS,2026-09-25 15:08:18,2026-09-25 15:08:38,2026-09-25 15:08:58,2026-09-25 15:21:52,3,720
KDS-ORD-20260925-12016,ORD-20260925-12016,MCH-105,DEV-105-POS,2026-09-25 13:12:09,2026-09-25 13:12:29,2026-09-25 13:12:30,2026-09-25 13:47:20,9,900
KDS-ORD-20260925-12017,ORD-20260925-12017,MCH-111,DEV-111-POS,2026-09-25 12:25:13,2026-09-25 12:25:33,2026-09-25 12:25:28,2026-09-25 13:06:08,11,1080
KDS-ORD-20260925-12018,ORD-20260925-12018,MCH-108,DEV-108-POS,2026-09-25 21:35:46,2026-09-25 21:36:06,2026-09-25 21:36:46,2026-09-25 22:02:23,6,900
KDS-ORD-20260925-12019,ORD-20260925-12019,MCH-103,DEV-103-POS,2026-09-25 04:27:56,2026-09-25 04:28:16,2026-09-25 04:28:50,2026-09-25 04:46:59,5,720
KDS-ORD-20260925-12020,ORD-20260925-12020,MCH-114,DEV-114-POS,2026-09-25 18:39:43,2026-09-25 18:40:03,2026-09-25 18:40:35,2026-09-25 18:56:46,2,720
KDS-ORD-20260925-12021,ORD-20260925-12021,MCH-104,DEV-104-POS,2026-09-25 22:56:34,2026-09-25 22:56:54,2026-09-25 22:57:22,2026-09-25 23:20:29,5,1080
KDS-ORD-20260925-12022,ORD-20260925-12022,MCH-108,DEV-108-POS,2026-09-25 16:51:59,2026-09-25 16:52:19,2026-09-25 16:52:49,2026-09-25 17:13:26,6,900
KDS-ORD-20260925-12023,ORD-20260925-12023,MCH-110,DEV-110-POS,2026-09-25 21:54:32,2026-09-25 21:54:52,2026-09-25 21:55:04,2026-09-25 22:29:48,15,720
KDS-ORD-20260925-12024,ORD-20260925-12024,MCH-113,DEV-113-POS,2026-09-25 06:59:21,2026-09-25 06:59:41,2026-09-25 07:00:06,2026-09-25 07:11:37,2,720
KDS-ORD-20260925-12025,ORD-20260925-12025,MCH-109,DEV-109-POS,2026-09-25 13:06:06,2026-09-25 13:06:26,2026-09-25 13:07:02,2026-09-25 13:39:53,11,900
KDS-ORD-20260925-12026,ORD-20260925-12026,MCH-101,DEV-101-POS,2026-09-25 11:50:34,2026-09-25 11:50:54,2026-09-25 11:50:52,2026-09-25 12:04:58,4,720
KDS-ORD-20260925-12027,ORD-20260925-12027,MCH-114,DEV-114-POS,2026-09-25 19:37:44,2026-09-25 19:38:04,2026-09-25 19:38:35,2026-09-25 20:01:22,7,720
KDS-ORD-20260925-12028,ORD-20260925-12028,MCH-110,DEV-110-POS,2026-09-25 22:09:14,2026-09-25 22:09:34,2026-09-25 22:10:02,2026-09-25 22:25:07,3,720
KDS-ORD-20260925-12029,ORD-20260925-12029,MCH-103,DEV-103-POS,2026-09-25 11:34:33,2026-09-25 11:34:53,2026-09-25 11:35:18,2026-09-25 11:51:18,3,720
KDS-ORD-20260925-12030,ORD-20260925-12030,MCH-108,DEV-108-POS,2026-09-25 18:44:42,2026-09-25 18:45:02,2026-09-25 18:45:04,2026-09-25 19:04:57,6,900
KDS-ORD-20260925-12031,ORD-20260925-12031,MCH-104,DEV-104-POS,2026-09-25 11:02:50,2026-09-25 11:03:10,2026-09-25 11:03:17,2026-09-25 11:27:48,6,1080
KDS-ORD-20260925-12032,ORD-20260925-12032,MCH-109,DEV-109-POS,2026-09-25 16:11:24,2026-09-25 16:11:44,2026-09-25 16:11:41,2026-09-25 16:33:33,6,900
KDS-ORD-20260925-12033,ORD-20260925-12033,MCH-108,DEV-108-POS,2026-09-25 13:17:10,2026-09-25 13:17:30,2026-09-25 13:17:31,2026-09-25 13:53:43,15,900
KDS-ORD-20260925-12034,ORD-20260925-12034,MCH-112,DEV-112-POS,2026-09-25 22:21:35,2026-09-25 22:21:55,2026-09-25 22:22:14,2026-09-25 22:41:20,3,900
KDS-ORD-20260925-12035,ORD-20260925-12035,MCH-106,DEV-106-POS,2026-09-25 17:26:58,2026-09-25 17:27:18,2026-09-25 17:27:35,2026-09-25 17:47:15,6,720
KDS-ORD-20260925-12036,ORD-20260925-12036,MCH-113,DEV-113-POS,2026-09-25 12:27:00,2026-09-25 12:27:20,2026-09-25 12:27:51,2026-09-25 12:57:42,10,720
KDS-ORD-20260925-12037,ORD-20260925-12037,MCH-103,DEV-103-POS,2026-09-25 08:51:00,2026-09-25 08:51:20,2026-09-25 08:51:25,2026-09-25 09:05:48,2,720
KDS-ORD-20260925-12038,ORD-20260925-12038,MCH-104,DEV-104-POS,2026-09-25 09:18:21,2026-09-25 09:18:41,2026-09-25 09:19:17,2026-09-25 09:38:24,4,1080
KDS-ORD-20260925-12039,ORD-20260925-12039,MCH-113,DEV-113-POS,2026-09-25 10:24:21,2026-09-25 10:24:41,2026-09-25 10:25:01,2026-09-25 10:43:53,5,720
KDS-ORD-20260925-12040,ORD-20260925-12040,MCH-104,DEV-104-POS,2026-09-25 11:17:37,2026-09-25 11:17:57,2026-09-25 11:18:36,2026-09-25 11:37:39,2,1080
KDS-ORD-20260925-12041,ORD-20260925-12041,MCH-107,DEV-107-POS,2026-09-25 20:31:21,2026-09-25 20:31:41,2026-09-25 20:31:38,2026-09-25 21:04:37,7,900
KDS-ORD-20260925-12042,ORD-20260925-12042,MCH-110,DEV-110-POS,2026-09-25 16:54:50,2026-09-25 16:55:10,2026-09-25 16:55:48,2026-09-25 17:13:01,6,720
KDS-ORD-20260925-12043,ORD-20260925-12043,MCH-104,DEV-104-POS,2026-09-25 14:47:45,2026-09-25 14:48:05,2026-09-25 14:48:38,,9,1080
KDS-ORD-20260925-12044,ORD-20260925-12044,MCH-107,DEV-107-POS,2026-09-25 08:54:34,2026-09-25 08:54:54,2026-09-25 08:55:30,2026-09-25 09:12:57,3,900
KDS-ORD-20260925-12045,ORD-20260925-12045,MCH-106,DEV-106-POS,2026-09-25 20:09:01,2026-09-25 20:09:21,2026-09-25 20:09:24,2026-09-25 20:31:13,10,720
KDS-ORD-20260925-12046,ORD-20260925-12046,MCH-113,DEV-113-POS,2026-09-25 19:59:34,2026-09-25 19:59:54,2026-09-25 20:00:19,,7,720
KDS-ORD-20260925-12047,ORD-20260925-12047,MCH-102,DEV-102-POS,2026-09-25 07:13:22,2026-09-25 07:13:42,2026-09-25 07:14:12,2026-09-25 07:29:00,4,720
KDS-ORD-20260925-12048,ORD-20260925-12048,MCH-110,DEV-110-POS,2026-09-25 19:25:04,2026-09-25 19:25:24,2026-09-25 19:25:48,2026-09-25 19:50:57,9,720
KDS-ORD-20260925-12049,ORD-20260925-12049,MCH-102,DEV-102-POS,2026-09-25 15:29:19,2026-09-25 15:29:39,2026-09-25 15:30:09,2026-09-25 15:48:29,6,720
KDS-ORD-20260925-12050,ORD-20260925-12050,MCH-113,DEV-113-POS,2026-09-25 07:13:29,2026-09-25 07:13:49,2026-09-25 07:14:16,2026-09-25 07:32:57,6,720
KDS-ORD-20260925-12051,ORD-20260925-12051,MCH-110,DEV-110-POS,2026-09-25 13:39:45,2026-09-25 13:40:05,2026-09-25 13:40:09,2026-09-25 14:05:23,13,720
KDS-ORD-20260925-12052,ORD-20260925-12052,MCH-107,DEV-107-POS,2026-09-25 14:33:40,2026-09-25 14:34:00,2026-09-25 14:34:15,2026-09-25 15:04:37,13,900
KDS-ORD-20260925-12053,ORD-20260925-12053,MCH-106,DEV-106-POS,2026-09-25 09:19:27,2026-09-25 09:19:47,2026-09-25 09:20:20,2026-09-25 09:32:46,2,720
KDS-ORD-20260925-12054,ORD-20260925-12054,MCH-111,DEV-111-POS,2026-09-25 21:41:29,2026-09-25 21:41:49,2026-09-25 21:42:05,2026-09-25 22:17:58,14,1080
KDS-ORD-20260925-12055,ORD-20260925-12055,MCH-101,DEV-101-POS,2026-09-25 20:33:24,2026-09-25 20:33:44,2026-09-25 20:33:44,2026-09-25 20:56:53,8,720
KDS-ORD-20260925-12056,ORD-20260925-12056,MCH-105,DEV-105-POS,2026-09-25 18:22:47,2026-09-25 18:23:07,2026-09-25 18:23:12,2026-09-25 18:42:09,2,900
KDS-ORD-20260925-12057,ORD-20260925-12057,MCH-107,DEV-107-POS,2026-09-25 13:20:43,2026-09-25 13:21:03,2026-09-25 13:21:43,2026-09-25 13:58:20,13,900
KDS-ORD-20260925-12058,ORD-20260925-12058,MCH-102,DEV-102-POS,2026-09-25 13:40:07,2026-09-25 13:40:27,2026-09-25 13:40:51,2026-09-25 14:13:23,11,720
KDS-ORD-20260925-12059,ORD-20260925-12059,MCH-101,DEV-101-POS,2026-09-25 18:01:13,2026-09-25 18:01:33,2026-09-25 18:01:38,2026-09-25 18:15:21,3,720
KDS-ORD-20260925-12060,ORD-20260925-12060,MCH-105,DEV-105-POS,2026-09-25 15:36:16,2026-09-25 15:36:36,2026-09-25 15:36:38,2026-09-25 15:53:56,5,900
KDS-ORD-20260925-12061,ORD-20260925-12061,MCH-111,DEV-111-POS,2026-09-25 06:41:21,2026-09-25 06:41:41,2026-09-25 06:42:15,2026-09-25 07:06:26,6,1080
KDS-ORD-20260925-12062,ORD-20260925-12062,MCH-103,DEV-103-POS,2026-09-25 14:47:06,2026-09-25 14:47:26,2026-09-25 14:47:49,2026-09-25 15:12:58,7,720
KDS-ORD-20260925-12063,ORD-20260925-12063,MCH-108,DEV-108-POS,2026-09-25 20:33:18,2026-09-25 20:33:38,2026-09-25 20:33:53,2026-09-25 21:08:02,9,900
KDS-ORD-20260925-12064,ORD-20260925-12064,MCH-109,DEV-109-POS,2026-09-25 13:52:35,2026-09-25 13:52:55,2026-09-25 13:52:52,2026-09-25 14:36:12,15,900
KDS-ORD-20260925-12065,ORD-20260925-12065,MCH-108,DEV-108-POS,2026-09-25 06:25:12,2026-09-25 06:25:32,2026-09-25 06:25:55,2026-09-25 06:46:22,5,900
KDS-ORD-20260925-12066,ORD-20260925-12066,MCH-105,DEV-105-POS,2026-09-25 20:20:06,2026-09-25 20:20:26,2026-09-25 20:21:02,2026-09-25 20:57:56,14,900
KDS-ORD-20260925-12067,ORD-20260925-12067,MCH-106,DEV-106-POS,2026-09-25 10:37:15,2026-09-25 10:37:35,2026-09-25 10:37:52,2026-09-25 10:52:17,3,720
KDS-ORD-20260925-12068,ORD-20260925-12068,MCH-107,DEV-107-POS,2026-09-25 11:52:52,2026-09-25 11:53:12,2026-09-25 11:53:52,2026-09-25 12:10:12,3,900
KDS-ORD-20260925-12069,ORD-20260925-12069,MCH-109,DEV-109-POS,2026-09-25 09:54:44,2026-09-25 09:55:04,2026-09-25 09:55:15,2026-09-25 10:14:55,5,900
KDS-ORD-20260925-12070,ORD-20260925-12070,MCH-115,DEV-115-POS,2026-09-25 13:00:46,2026-09-25 13:01:06,2026-09-25 13:01:27,2026-09-25 13:48:11,16,1080
KDS-ORD-20260925-12071,ORD-20260925-12071,MCH-115,DEV-115-POS,2026-09-25 19:11:11,2026-09-25 19:11:31,2026-09-25 19:12:02,2026-09-25 19:48:13,14,1080
KDS-ORD-20260925-12072,ORD-20260925-12072,MCH-113,DEV-113-POS,2026-09-25 14:39:57,2026-09-25 14:40:17,2026-09-25 14:40:12,2026-09-25 15:08:35,15,720
KDS-ORD-20260925-12073,ORD-20260925-12073,MCH-110,DEV-110-POS,2026-09-25 10:51:42,2026-09-25 10:52:02,2026-09-25 10:52:10,2026-09-25 11:07:28,5,720
KDS-ORD-20260925-12074,ORD-20260925-12074,MCH-113,DEV-113-POS,2026-09-25 21:02:38,2026-09-25 21:02:58,2026-09-25 21:03:25,2026-09-25 21:44:14,16,720
KDS-ORD-20260925-12075,ORD-20260925-12075,MCH-108,DEV-108-POS,2026-09-25 21:07:59,2026-09-25 21:08:19,2026-09-25 21:08:56,2026-09-25 21:48:18,15,900
KDS-ORD-20260925-12076,ORD-20260925-12076,MCH-112,DEV-112-POS,2026-09-25 20:32:52,2026-09-25 20:33:12,2026-09-25 20:33:35,2026-09-25 21:09:26,15,900
KDS-ORD-20260925-12077,ORD-20260925-12077,MCH-114,DEV-114-POS,2026-09-25 11:26:03,2026-09-25 11:26:23,2026-09-25 11:27:00,2026-09-25 11:39:42,2,720
KDS-ORD-20260925-12078,ORD-20260925-12078,MCH-105,DEV-105-POS,2026-09-25 14:00:40,2026-09-25 14:01:00,2026-09-25 14:01:13,2026-09-25 14:30:46,11,900
KDS-ORD-20260925-12079,ORD-20260925-12079,MCH-106,DEV-106-POS,2026-09-25 23:57:25,2026-09-25 23:57:45,2026-09-25 23:57:48,2026-09-26 00:09:59,2,720
KDS-ORD-20260925-12080,ORD-20260925-12080,MCH-107,DEV-107-POS,2026-09-25 21:01:17,2026-09-25 21:01:37,2026-09-25 21:02:17,2026-09-25 21:32:19,16,900
KDS-ORD-20260925-12081,ORD-20260925-12081,MCH-110,DEV-110-POS,2026-09-25 05:21:51,2026-09-25 05:22:11,2026-09-25 05:22:23,2026-09-25 05:38:45,3,720
KDS-ORD-20260925-12082,ORD-20260925-12082,MCH-110,DEV-110-POS,2026-09-25 07:05:28,2026-09-25 07:05:48,2026-09-25 07:05:46,2026-09-25 07:23:49,4,720
KDS-ORD-20260925-12083,ORD-20260925-12083,MCH-113,DEV-113-POS,2026-09-25 13:04:04,2026-09-25 13:04:24,2026-09-25 13:04:31,2026-09-25 13:30:47,9,720
KDS-ORD-20260925-12084,ORD-20260925-12084,MCH-105,DEV-105-POS,2026-09-25 21:11:05,2026-09-25 21:11:25,2026-09-25 21:11:29,2026-09-25 21:49:24,14,900
KDS-ORD-20260925-12085,ORD-20260925-12085,MCH-110,DEV-110-POS,2026-09-25 15:24:21,2026-09-25 15:24:41,2026-09-25 15:25:12,2026-09-25 15:44:44,5,720
KDS-ORD-20260925-12086,ORD-20260925-12086,MCH-110,DEV-110-POS,2026-09-25 14:27:41,2026-09-25 14:28:01,2026-09-25 14:27:56,2026-09-25 15:04:08,15,720
KDS-ORD-20260925-12087,ORD-20260925-12087,MCH-112,DEV-112-POS,2026-09-25 08:07:22,2026-09-25 08:07:42,2026-09-25 08:08:05,2026-09-25 08:25:34,2,900
KDS-ORD-20260925-12088,ORD-20260925-12088,MCH-102,DEV-102-POS,2026-09-25 18:20:50,2026-09-25 18:21:10,2026-09-25 18:21:20,2026-09-25 18:34:55,6,720
KDS-ORD-20260925-12089,ORD-20260925-12089,MCH-108,DEV-108-POS,2026-09-25 20:32:25,2026-09-25 20:32:45,2026-09-25 20:32:57,2026-09-25 21:06:06,7,900
KDS-ORD-20260925-12090,ORD-20260925-12090,MCH-110,DEV-110-POS,2026-09-25 12:44:21,2026-09-25 12:44:41,2026-09-25 12:45:19,2026-09-25 13:17:04,12,720
KDS-ORD-20260925-12091,ORD-20260925-12091,MCH-106,DEV-106-POS,2026-09-25 20:56:52,2026-09-25 20:57:12,2026-09-25 20:57:24,2026-09-25 21:27:31,9,720
KDS-ORD-20260925-12092,ORD-20260925-12092,MCH-109,DEV-109-POS,2026-09-25 22:52:13,2026-09-25 22:52:33,2026-09-25 22:52:46,2026-09-25 23:14:19,6,900
KDS-ORD-20260925-12093,ORD-20260925-12093,MCH-115,DEV-115-POS,2026-09-25 10:10:11,2026-09-25 10:10:31,2026-09-25 10:10:54,2026-09-25 10:27:57,3,1080
KDS-ORD-20260925-12094,ORD-20260925-12094,MCH-112,DEV-112-POS,2026-09-25 14:38:26,2026-09-25 14:38:46,2026-09-25 14:38:52,2026-09-25 15:08:44,6,900
KDS-ORD-20260925-12095,ORD-20260925-12095,MCH-111,DEV-111-POS,2026-09-25 11:47:04,2026-09-25 11:47:24,2026-09-25 11:47:22,2026-09-25 12:07:46,2,1080
KDS-ORD-20260925-12096,ORD-20260925-12096,MCH-106,DEV-106-POS,2026-09-25 20:13:17,2026-09-25 20:13:37,2026-09-25 20:13:51,2026-09-25 20:41:08,14,720
KDS-ORD-20260925-12097,ORD-20260925-12097,MCH-101,DEV-101-POS,2026-09-25 16:12:00,2026-09-25 16:12:20,2026-09-25 16:12:21,2026-09-25 16:27:01,4,720
KDS-ORD-20260925-12098,ORD-20260925-12098,MCH-101,DEV-101-POS,2026-09-25 18:16:53,2026-09-25 18:17:13,2026-09-25 18:17:49,2026-09-25 18:33:15,2,720
KDS-ORD-20260925-12099,ORD-20260925-12099,MCH-109,DEV-109-POS,2026-09-25 20:55:10,2026-09-25 20:55:30,2026-09-25 20:55:58,2026-09-25 21:29:54,9,900
KDS-ORD-20260925-12100,ORD-20260925-12100,MCH-105,DEV-105-POS,2026-09-25 12:56:27,2026-09-25 12:56:47,2026-09-25 12:56:42,2026-09-25 13:28:41,13,900
KDS-ORD-20260925-12101,ORD-20260925-12101,MCH-111,DEV-111-POS,2026-09-25 21:12:03,2026-09-25 21:12:23,2026-09-25 21:12:20,,13,1080
KDS-ORD-20260925-12102,ORD-20260925-12102,MCH-114,DEV-114-POS,2026-09-25 16:00:15,2026-09-25 16:00:35,2026-09-25 16:01:07,2026-09-25 16:13:37,2,720
KDS-ORD-20260925-12103,ORD-20260925-12103,MCH-101,DEV-101-POS,2026-09-25 09:18:55,2026-09-25 09:19:15,2026-09-25 09:19:53,2026-09-25 09:32:07,4,720
KDS-ORD-20260925-12104,ORD-20260925-12104,MCH-107,DEV-107-POS,2026-09-25 19:41:30,2026-09-25 19:41:50,2026-09-25 19:42:08,2026-09-25 20:24:37,14,900
KDS-ORD-20260925-12105,ORD-20260925-12105,MCH-115,DEV-115-POS,2026-09-25 20:47:08,2026-09-25 20:47:28,2026-09-25 20:47:30,2026-09-25 21:32:26,14,1080
KDS-ORD-20260925-12106,ORD-20260925-12106,MCH-113,DEV-113-POS,2026-09-25 12:20:44,2026-09-25 12:21:04,2026-09-25 12:21:28,2026-09-25 12:55:22,14,720
KDS-ORD-20260925-12107,ORD-20260925-12107,MCH-108,DEV-108-POS,2026-09-25 20:26:59,2026-09-25 20:27:19,2026-09-25 20:27:40,2026-09-25 20:58:34,7,900
KDS-ORD-20260925-12108,ORD-20260925-12108,MCH-104,DEV-104-POS,2026-09-25 21:32:42,2026-09-25 21:33:02,2026-09-25 21:33:40,2026-09-25 22:13:12,12,1080
KDS-ORD-20260925-12109,ORD-20260925-12109,MCH-102,DEV-102-POS,2026-09-25 11:46:38,2026-09-25 11:46:58,2026-09-25 11:47:13,2026-09-25 12:00:39,2,720
KDS-ORD-20260925-12110,ORD-20260925-12110,MCH-113,DEV-113-POS,2026-09-25 22:36:50,2026-09-25 22:37:10,2026-09-25 22:37:39,2026-09-25 22:55:11,5,720
KDS-ORD-20260925-12111,ORD-20260925-12111,MCH-104,DEV-104-POS,2026-09-25 09:23:50,2026-09-25 09:24:10,2026-09-25 09:24:38,2026-09-25 09:45:15,4,1080
KDS-ORD-20260925-12112,ORD-20260925-12112,MCH-102,DEV-102-POS,2026-09-25 10:49:07,2026-09-25 10:49:27,2026-09-25 10:49:41,2026-09-25 11:04:04,3,720
KDS-ORD-20260925-12113,ORD-20260925-12113,MCH-103,DEV-103-POS,2026-09-25 10:04:23,2026-09-25 10:04:43,2026-09-25 10:04:58,2026-09-25 10:18:51,2,720
KDS-ORD-20260925-12114,ORD-20260925-12114,MCH-109,DEV-109-POS,2026-09-25 21:45:24,2026-09-25 21:45:44,2026-09-25 21:46:07,2026-09-25 22:17:05,10,900
KDS-ORD-20260925-12115,ORD-20260925-12115,MCH-103,DEV-103-POS,2026-09-25 18:28:56,2026-09-25 18:29:16,2026-09-25 18:29:55,2026-09-25 18:43:58,4,720
KDS-ORD-20260925-12116,ORD-20260925-12116,MCH-115,DEV-115-POS,2026-09-25 09:13:30,2026-09-25 09:13:50,2026-09-25 09:14:07,2026-09-25 09:37:55,4,1080
KDS-ORD-20260925-12117,ORD-20260925-12117,MCH-103,DEV-103-POS,2026-09-25 13:10:03,2026-09-25 13:10:23,2026-09-25 13:10:52,2026-09-25 13:37:14,13,720
KDS-ORD-20260925-12118,ORD-20260925-12118,MCH-101,DEV-101-POS,2026-09-25 17:24:30,2026-09-25 17:24:50,2026-09-25 17:24:58,2026-09-25 17:41:19,3,720
KDS-ORD-20260925-12119,ORD-20260925-12119,MCH-110,DEV-110-POS,2026-09-25 07:33:00,2026-09-25 07:33:20,2026-09-25 07:33:57,2026-09-25 07:48:35,2,720
KDS-ORD-20260925-12120,ORD-20260925-12120,MCH-104,DEV-104-POS,2026-09-25 21:40:17,2026-09-25 21:40:37,2026-09-25 21:40:33,2026-09-25 22:20:43,11,1080
KDS-ORD-20260925-12121,ORD-20260925-12121,MCH-103,DEV-103-POS,2026-09-25 20:35:16,2026-09-25 20:35:36,2026-09-25 20:35:34,2026-09-25 21:10:26,12,720
KDS-ORD-20260925-12122,ORD-20260925-12122,MCH-102,DEV-102-POS,2026-09-25 14:04:24,2026-09-25 14:04:44,2026-09-25 14:04:48,2026-09-25 14:28:05,9,720
KDS-ORD-20260925-12123,ORD-20260925-12123,MCH-104,DEV-104-POS,2026-09-25 22:15:18,2026-09-25 22:15:38,2026-09-25 22:15:47,2026-09-25 22:39:35,6,1080
KDS-ORD-20260925-12124,ORD-20260925-12124,MCH-103,DEV-103-POS,2026-09-25 13:36:25,2026-09-25 13:36:45,2026-09-25 13:36:50,2026-09-25 14:08:31,12,720
KDS-ORD-20260925-12125,ORD-20260925-12125,MCH-101,DEV-101-POS,2026-09-25 22:11:24,2026-09-25 22:11:44,2026-09-25 22:12:13,2026-09-25 22:30:47,6,720
KDS-ORD-20260925-12126,ORD-20260925-12126,MCH-114,DEV-114-POS,2026-09-25 18:36:59,2026-09-25 18:37:19,2026-09-25 18:37:38,2026-09-25 18:50:45,3,720
KDS-ORD-20260925-12127,ORD-20260925-12127,MCH-110,DEV-110-POS,2026-09-25 18:31:46,2026-09-25 18:32:06,2026-09-25 18:32:27,2026-09-25 18:46:56,2,720
KDS-ORD-20260925-12128,ORD-20260925-12128,MCH-105,DEV-105-POS,2026-09-25 09:15:20,2026-09-25 09:15:40,2026-09-25 09:16:10,2026-09-25 09:36:16,5,900
KDS-ORD-20260925-12129,ORD-20260925-12129,MCH-104,DEV-104-POS,2026-09-25 21:51:55,2026-09-25 21:52:15,2026-09-25 21:52:23,2026-09-25 22:30:09,11,1080
KDS-ORD-20260925-12130,ORD-20260925-12130,MCH-105,DEV-105-POS,2026-09-25 13:37:54,2026-09-25 13:38:14,2026-09-25 13:38:52,,8,900
KDS-ORD-20260925-12131,ORD-20260925-12131,MCH-101,DEV-101-POS,2026-09-25 09:42:24,2026-09-25 09:42:44,2026-09-25 09:42:40,2026-09-25 09:58:29,4,720
KDS-ORD-20260925-12132,ORD-20260925-12132,MCH-107,DEV-107-POS,2026-09-25 02:11:27,2026-09-25 02:11:47,2026-09-25 02:12:11,2026-09-25 02:30:16,2,900
KDS-ORD-20260925-12133,ORD-20260925-12133,MCH-113,DEV-113-POS,2026-09-25 16:42:29,2026-09-25 16:42:49,2026-09-25 16:43:12,2026-09-25 16:58:26,4,720
KDS-ORD-20260925-12134,ORD-20260925-12134,MCH-111,DEV-111-POS,2026-09-25 15:37:42,2026-09-25 15:38:02,2026-09-25 15:38:19,2026-09-25 15:57:27,3,1080
KDS-ORD-20260925-12135,ORD-20260925-12135,MCH-105,DEV-105-POS,2026-09-25 19:16:46,2026-09-25 19:17:06,2026-09-25 19:17:06,2026-09-25 19:50:40,12,900
KDS-ORD-20260925-12136,ORD-20260925-12136,MCH-115,DEV-115-POS,2026-09-25 21:37:26,2026-09-25 21:37:46,2026-09-25 21:38:20,2026-09-25 22:12:24,9,1080
KDS-ORD-20260925-12137,ORD-20260925-12137,MCH-106,DEV-106-POS,2026-09-25 07:15:04,2026-09-25 07:15:24,2026-09-25 07:15:37,2026-09-25 07:29:44,5,720
KDS-ORD-20260925-12138,ORD-20260925-12138,MCH-111,DEV-111-POS,2026-09-25 19:49:42,2026-09-25 19:50:02,2026-09-25 19:50:35,2026-09-25 20:31:13,10,1080
KDS-ORD-20260925-12139,ORD-20260925-12139,MCH-114,DEV-114-POS,2026-09-25 10:39:08,2026-09-25 10:39:28,2026-09-25 10:39:33,2026-09-25 10:53:39,2,720
KDS-ORD-20260925-12140,ORD-20260925-12140,MCH-106,DEV-106-POS,2026-09-25 20:07:56,2026-09-25 20:08:16,2026-09-25 20:08:16,2026-09-25 20:41:38,11,720
KDS-ORD-20260925-12141,ORD-20260925-12141,MCH-101,DEV-101-POS,2026-09-25 20:11:36,2026-09-25 20:11:56,2026-09-25 20:11:53,2026-09-25 20:37:16,7,720
KDS-ORD-20260925-12142,ORD-20260925-12142,MCH-105,DEV-105-POS,2026-09-25 15:28:51,2026-09-25 15:29:11,2026-09-25 15:29:42,2026-09-25 15:47:57,5,900
KDS-ORD-20260925-12143,ORD-20260925-12143,MCH-106,DEV-106-POS,2026-09-25 19:02:26,2026-09-25 19:02:46,2026-09-25 19:03:16,2026-09-25 19:39:18,13,720
KDS-ORD-20260925-12144,ORD-20260925-12144,MCH-112,DEV-112-POS,2026-09-25 12:23:51,2026-09-25 12:24:11,2026-09-25 12:24:48,2026-09-25 12:53:55,7,900
KDS-ORD-20260925-12145,ORD-20260925-12145,MCH-111,DEV-111-POS,2026-09-25 13:19:22,2026-09-25 13:19:42,2026-09-25 13:20:17,2026-09-25 13:52:13,7,1080
KDS-ORD-20260925-12146,ORD-20260925-12146,MCH-112,DEV-112-POS,2026-09-25 20:52:56,2026-09-25 20:53:16,2026-09-25 20:53:16,2026-09-25 21:31:45,12,900
KDS-ORD-20260925-12147,ORD-20260925-12147,MCH-102,DEV-102-POS,2026-09-25 13:06:10,2026-09-25 13:06:30,2026-09-25 13:06:37,2026-09-25 13:32:40,11,720
KDS-ORD-20260925-12148,ORD-20260925-12148,MCH-101,DEV-101-POS,2026-09-25 12:37:43,2026-09-25 12:38:03,2026-09-25 12:37:59,2026-09-25 13:12:09,14,720
KDS-ORD-20260925-12149,ORD-20260925-12149,MCH-105,DEV-105-POS,2026-09-25 14:24:32,2026-09-25 14:24:52,2026-09-25 14:25:05,2026-09-25 15:02:08,14,900
KDS-ORD-20260925-12150,ORD-20260925-12150,MCH-110,DEV-110-POS,2026-09-25 20:10:52,2026-09-25 20:11:12,2026-09-25 20:11:39,2026-09-25 20:38:17,16,720
KDS-ORD-20260925-12151,ORD-20260925-12151,MCH-115,DEV-115-POS,2026-09-25 12:15:51,2026-09-25 12:16:11,2026-09-25 12:16:49,2026-09-25 12:55:16,9,1080
KDS-ORD-20260925-12152,ORD-20260925-12152,MCH-114,DEV-114-POS,2026-09-25 09:45:08,2026-09-25 09:45:28,2026-09-25 09:45:54,2026-09-25 09:59:42,3,720
KDS-ORD-20260925-12153,ORD-20260925-12153,MCH-106,DEV-106-POS,2026-09-25 19:38:20,2026-09-25 19:38:40,2026-09-25 19:39:11,2026-09-25 20:12:15,16,720
KDS-ORD-20260925-12154,ORD-20260925-12154,MCH-111,DEV-111-POS,2026-09-25 20:47:15,2026-09-25 20:47:35,2026-09-25 20:47:36,2026-09-25 21:17:46,6,1080
KDS-ORD-20260925-12155,ORD-20260925-12155,MCH-108,DEV-108-POS,2026-09-25 08:48:27,2026-09-25 08:48:47,2026-09-25 08:49:24,2026-09-25 09:08:27,3,900
KDS-ORD-20260925-12156,ORD-20260925-12156,MCH-112,DEV-112-POS,2026-09-25 11:47:34,2026-09-25 11:47:54,2026-09-25 11:48:28,2026-09-25 12:06:51,2,900
KDS-ORD-20260925-12157,ORD-20260925-12157,MCH-112,DEV-112-POS,2026-09-25 09:08:27,2026-09-25 09:08:47,2026-09-25 09:09:15,2026-09-25 09:29:20,5,900
KDS-ORD-20260925-12158,ORD-20260925-12158,MCH-114,DEV-114-POS,2026-09-25 12:41:34,2026-09-25 12:41:54,2026-09-25 12:42:22,2026-09-25 13:07:13,7,720
KDS-ORD-20260925-12159,ORD-20260925-12159,MCH-108,DEV-108-POS,2026-09-25 13:41:12,2026-09-25 13:41:32,2026-09-25 13:42:10,2026-09-25 14:20:43,12,900
KDS-ORD-20260925-12160,ORD-20260925-12160,MCH-110,DEV-110-POS,2026-09-25 19:43:28,2026-09-25 19:43:48,2026-09-25 19:44:15,2026-09-25 20:17:22,13,720
KDS-ORD-20260925-12161,ORD-20260925-12161,MCH-108,DEV-108-POS,2026-09-25 18:06:31,2026-09-25 18:06:51,2026-09-25 18:06:59,2026-09-25 18:23:37,2,900
KDS-ORD-20260925-12162,ORD-20260925-12162,MCH-113,DEV-113-POS,2026-09-25 17:32:20,2026-09-25 17:32:40,2026-09-25 17:32:49,2026-09-25 17:49:16,6,720
KDS-ORD-20260925-12163,ORD-20260925-12163,MCH-103,DEV-103-POS,2026-09-25 12:36:24,2026-09-25 12:36:44,2026-09-25 12:36:48,2026-09-25 13:00:11,9,720
KDS-ORD-20260925-12164,ORD-20260925-12164,MCH-103,DEV-103-POS,2026-09-25 20:27:32,2026-09-25 20:27:52,2026-09-25 20:28:27,2026-09-25 20:57:00,8,720
KDS-ORD-20260925-12165,ORD-20260925-12165,MCH-103,DEV-103-POS,2026-09-25 13:22:46,2026-09-25 13:23:06,2026-09-25 13:23:04,2026-09-25 13:47:51,7,720
KDS-ORD-20260925-12166,ORD-20260925-12166,MCH-115,DEV-115-POS,2026-09-25 22:18:56,2026-09-25 22:19:16,2026-09-25 22:19:18,2026-09-25 22:43:35,5,1080
KDS-ORD-20260925-12167,ORD-20260925-12167,MCH-110,DEV-110-POS,2026-09-25 18:02:15,2026-09-25 18:02:35,2026-09-25 18:02:43,2026-09-25 18:19:08,3,720
KDS-ORD-20260925-12168,ORD-20260925-12168,MCH-112,DEV-112-POS,2026-09-25 08:51:18,2026-09-25 08:51:38,2026-09-25 08:51:52,2026-09-25 09:11:04,6,900
KDS-ORD-20260925-12169,ORD-20260925-12169,MCH-110,DEV-110-POS,2026-09-25 19:06:48,2026-09-25 19:07:08,2026-09-25 19:07:32,2026-09-25 19:34:42,6,720
KDS-ORD-20260925-12170,ORD-20260925-12170,MCH-106,DEV-106-POS,2026-09-25 12:35:09,2026-09-25 12:35:29,2026-09-25 12:35:33,2026-09-25 13:04:12,9,720
KDS-ORD-20260925-12171,ORD-20260925-12171,MCH-101,DEV-101-POS,2026-09-25 19:18:24,2026-09-25 19:18:44,2026-09-25 19:18:53,2026-09-25 19:43:35,8,720
KDS-ORD-20260925-12172,ORD-20260925-12172,MCH-112,DEV-112-POS,2026-09-25 07:59:23,2026-09-25 07:59:43,2026-09-25 07:59:53,2026-09-25 08:13:41,2,900
KDS-ORD-20260925-12173,ORD-20260925-12173,MCH-105,DEV-105-POS,2026-09-25 09:07:34,2026-09-25 09:07:54,2026-09-25 09:08:07,2026-09-25 09:28:23,5,900
KDS-ORD-20260925-12174,ORD-20260925-12174,MCH-109,DEV-109-POS,2026-09-25 20:32:54,2026-09-25 20:33:14,2026-09-25 20:33:20,2026-09-25 21:01:12,6,900
KDS-ORD-20260925-12175,ORD-20260925-12175,MCH-106,DEV-106-POS,2026-09-25 10:28:41,2026-09-25 10:29:01,2026-09-25 10:29:25,2026-09-25 10:43:20,2,720
KDS-ORD-20260925-12176,ORD-20260925-12176,MCH-112,DEV-112-POS,2026-09-25 20:55:52,2026-09-25 20:56:12,2026-09-25 20:56:40,2026-09-25 21:23:07,7,900
KDS-ORD-20260925-12177,ORD-20260925-12177,MCH-108,DEV-108-POS,2026-09-25 11:43:48,2026-09-25 11:44:08,2026-09-25 11:44:46,2026-09-25 12:02:58,6,900
KDS-ORD-20260925-12178,ORD-20260925-12178,MCH-106,DEV-106-POS,2026-09-25 18:44:31,2026-09-25 18:44:51,2026-09-25 18:45:14,2026-09-25 19:02:51,4,720
KDS-ORD-20260925-12179,ORD-20260925-12179,MCH-114,DEV-114-POS,2026-09-25 19:06:49,2026-09-25 19:07:09,2026-09-25 19:07:25,2026-09-25 19:42:13,13,720
KDS-ORD-20260925-12180,ORD-20260925-12180,MCH-104,DEV-104-POS,2026-09-25 14:04:05,2026-09-25 14:04:25,2026-09-25 14:04:41,2026-09-25 14:39:38,14,1080
KDS-ORD-20260925-12181,ORD-20260925-12181,MCH-104,DEV-104-POS,2026-09-25 12:31:41,2026-09-25 12:32:01,2026-09-25 12:32:33,2026-09-25 13:10:47,14,1080
KDS-ORD-20260925-12182,ORD-20260925-12182,MCH-109,DEV-109-POS,2026-09-25 10:35:23,2026-09-25 10:35:43,2026-09-25 10:35:43,2026-09-25 10:58:31,6,900
KDS-ORD-20260925-12183,ORD-20260925-12183,MCH-110,DEV-110-POS,2026-09-25 05:16:43,2026-09-25 05:17:03,2026-09-25 05:17:20,2026-09-25 05:29:45,3,720
KDS-ORD-20260925-12184,ORD-20260925-12184,MCH-108,DEV-108-POS,2026-09-25 12:14:33,2026-09-25 12:14:53,2026-09-25 12:14:55,,15,900
KDS-ORD-20260925-12185,ORD-20260925-12185,MCH-104,DEV-104-POS,2026-09-25 18:04:31,2026-09-25 18:04:51,2026-09-25 18:05:28,2026-09-25 18:23:54,3,1080
KDS-ORD-20260925-12186,ORD-20260925-12186,MCH-108,DEV-108-POS,2026-09-25 22:00:18,2026-09-25 22:00:38,2026-09-25 22:00:44,2026-09-25 22:27:00,6,900
KDS-ORD-20260925-12187,ORD-20260925-12187,MCH-101,DEV-101-POS,2026-09-25 20:13:59,2026-09-25 20:14:19,2026-09-25 20:14:38,2026-09-25 20:42:27,14,720
KDS-ORD-20260925-12188,ORD-20260925-12188,MCH-111,DEV-111-POS,2026-09-25 20:35:14,2026-09-25 20:35:34,2026-09-25 20:36:02,2026-09-25 21:10:25,6,1080
KDS-ORD-20260925-12189,ORD-20260925-12189,MCH-107,DEV-107-POS,2026-09-25 20:25:11,2026-09-25 20:25:31,2026-09-25 20:25:35,2026-09-25 21:07:44,16,900
KDS-ORD-20260925-12190,ORD-20260925-12190,MCH-115,DEV-115-POS,2026-09-25 18:50:08,2026-09-25 18:50:28,2026-09-25 18:50:38,2026-09-25 19:13:11,2,1080
KDS-ORD-20260925-12191,ORD-20260925-12191,MCH-113,DEV-113-POS,2026-09-25 11:43:58,2026-09-25 11:44:18,2026-09-25 11:44:48,2026-09-25 11:57:41,3,720
KDS-ORD-20260925-12192,ORD-20260925-12192,MCH-106,DEV-106-POS,2026-09-25 21:33:24,2026-09-25 21:33:44,2026-09-25 21:34:12,2026-09-25 21:58:58,7,720
KDS-ORD-20260925-12193,ORD-20260925-12193,MCH-111,DEV-111-POS,2026-09-25 18:02:01,2026-09-25 18:02:21,2026-09-25 18:02:27,2026-09-25 18:21:30,2,1080
KDS-ORD-20260925-12194,ORD-20260925-12194,MCH-115,DEV-115-POS,2026-09-25 16:11:55,2026-09-25 16:12:15,2026-09-25 16:12:22,2026-09-25 16:34:23,4,1080
KDS-ORD-20260925-12195,ORD-20260925-12195,MCH-110,DEV-110-POS,2026-09-25 08:39:11,2026-09-25 08:39:31,2026-09-25 08:39:38,2026-09-25 08:57:01,5,720
KDS-ORD-20260925-12196,ORD-20260925-12196,MCH-108,DEV-108-POS,2026-09-25 13:47:21,2026-09-25 13:47:41,2026-09-25 13:47:41,2026-09-25 14:15:22,11,900
KDS-ORD-20260925-12197,ORD-20260925-12197,MCH-115,DEV-115-POS,2026-09-25 13:59:57,2026-09-25 14:00:17,2026-09-25 14:00:51,2026-09-25 14:31:14,6,1080
KDS-ORD-20260925-12198,ORD-20260925-12198,MCH-106,DEV-106-POS,2026-09-25 20:15:48,2026-09-25 20:16:08,2026-09-25 20:16:22,2026-09-25 20:52:15,14,720
KDS-ORD-20260925-12199,ORD-20260925-12199,MCH-112,DEV-112-POS,2026-09-25 15:09:02,2026-09-25 15:09:22,2026-09-25 15:09:41,2026-09-25 15:32:42,6,900
KDS-ORD-20260925-12200,ORD-20260925-12200,MCH-107,DEV-107-POS,2026-09-25 12:49:35,2026-09-25 12:49:55,2026-09-25 12:49:56,2026-09-25 13:27:26,13,900
KDS-ORD-20260925-12201,ORD-20260925-12201,MCH-101,DEV-101-POS,2026-09-25 22:04:50,2026-09-25 22:05:10,2026-09-25 22:05:43,2026-09-25 22:20:12,4,720
KDS-ORD-20260925-12202,ORD-20260925-12202,MCH-111,DEV-111-POS,2026-09-25 08:49:09,2026-09-25 08:49:29,2026-09-25 08:49:49,2026-09-25 09:08:48,3,1080
KDS-ORD-20260925-12203,ORD-20260925-12203,MCH-114,DEV-114-POS,2026-09-25 13:53:59,2026-09-25 13:54:19,2026-09-25 13:54:39,2026-09-25 14:22:45,10,720
KDS-ORD-20260925-12204,ORD-20260925-12204,MCH-102,DEV-102-POS,2026-09-25 06:43:29,2026-09-25 06:43:49,2026-09-25 06:44:22,2026-09-25 07:00:16,5,720
KDS-ORD-20260925-12205,ORD-20260925-12205,MCH-101,DEV-101-POS,2026-09-25 19:33:34,2026-09-25 19:33:54,2026-09-25 19:34:05,2026-09-25 19:58:02,7,720
KDS-ORD-20260925-12206,ORD-20260925-12206,MCH-113,DEV-113-POS,2026-09-25 21:05:01,2026-09-25 21:05:21,2026-09-25 21:05:50,2026-09-25 21:27:16,10,720
KDS-ORD-20260925-12207,ORD-20260925-12207,MCH-110,DEV-110-POS,2026-09-25 11:04:41,2026-09-25 11:05:01,2026-09-25 11:05:26,2026-09-25 11:20:42,3,720
KDS-ORD-20260925-12208,ORD-20260925-12208,MCH-115,DEV-115-POS,2026-09-25 20:23:13,2026-09-25 20:23:33,2026-09-25 20:23:28,2026-09-25 21:00:51,7,1080
KDS-ORD-20260925-12209,ORD-20260925-12209,MCH-102,DEV-102-POS,2026-09-25 11:12:46,2026-09-25 11:13:06,2026-09-25 11:13:11,2026-09-25 11:25:14,2,720
KDS-ORD-20260925-12210,ORD-20260925-12210,MCH-104,DEV-104-POS,2026-09-25 21:23:31,2026-09-25 21:23:51,2026-09-25 21:24:30,2026-09-25 21:59:00,8,1080
KDS-ORD-20260925-12211,ORD-20260925-12211,MCH-110,DEV-110-POS,2026-09-25 19:24:25,2026-09-25 19:24:45,2026-09-25 19:25:01,2026-09-25 19:52:23,11,720
KDS-ORD-20260925-12212,ORD-20260925-12212,MCH-104,DEV-104-POS,2026-09-25 20:08:33,2026-09-25 20:08:53,2026-09-25 20:08:53,2026-09-25 20:49:52,16,1080
KDS-ORD-20260925-12213,ORD-20260925-12213,MCH-108,DEV-108-POS,2026-09-25 03:18:33,2026-09-25 03:18:53,2026-09-25 03:19:00,2026-09-25 03:33:29,2,900
KDS-ORD-20260925-12214,ORD-20260925-12214,MCH-112,DEV-112-POS,2026-09-25 22:34:09,2026-09-25 22:34:29,2026-09-25 22:34:55,2026-09-25 22:52:09,3,900
KDS-ORD-20260925-12215,ORD-20260925-12215,MCH-106,DEV-106-POS,2026-09-25 19:02:54,2026-09-25 19:03:14,2026-09-25 19:03:40,2026-09-25 19:29:28,14,720
KDS-ORD-20260925-12216,ORD-20260925-12216,MCH-110,DEV-110-POS,2026-09-25 12:17:47,2026-09-25 12:18:07,2026-09-25 12:18:21,2026-09-25 12:53:08,12,720
KDS-ORD-20260925-12217,ORD-20260925-12217,MCH-111,DEV-111-POS,2026-09-25 20:28:35,2026-09-25 20:28:55,2026-09-25 20:29:21,2026-09-25 21:10:04,16,1080
KDS-ORD-20260925-12218,ORD-20260925-12218,MCH-101,DEV-101-POS,2026-09-25 11:44:07,2026-09-25 11:44:27,2026-09-25 11:44:37,2026-09-25 12:02:15,5,720
KDS-ORD-20260925-12219,ORD-20260925-12219,MCH-108,DEV-108-POS,2026-09-25 21:58:01,2026-09-25 21:58:21,2026-09-25 21:58:36,2026-09-25 22:28:05,6,900
KDS-ORD-20260925-12220,ORD-20260925-12220,MCH-113,DEV-113-POS,2026-09-25 08:22:20,2026-09-25 08:22:40,2026-09-25 08:22:46,2026-09-25 08:36:27,2,720
KDS-ORD-20260925-12221,ORD-20260925-12221,MCH-101,DEV-101-POS,2026-09-25 19:41:08,2026-09-25 19:41:28,2026-09-25 19:42:07,2026-09-25 20:09:55,10,720
KDS-ORD-20260925-12222,ORD-20260925-12222,MCH-102,DEV-102-POS,2026-09-25 15:54:48,2026-09-25 15:55:08,2026-09-25 15:55:33,2026-09-25 16:13:21,6,720
KDS-ORD-20260925-12223,ORD-20260925-12223,MCH-109,DEV-109-POS,2026-09-25 08:58:16,2026-09-25 08:58:36,2026-09-25 08:59:01,2026-09-25 09:22:59,6,900
KDS-ORD-20260925-12224,ORD-20260925-12224,MCH-114,DEV-114-POS,2026-09-25 11:55:55,2026-09-25 11:56:15,2026-09-25 11:56:48,2026-09-25 12:12:49,3,720
KDS-ORD-20260925-12225,ORD-20260925-12225,MCH-115,DEV-115-POS,2026-09-25 02:02:32,2026-09-25 02:02:52,2026-09-25 02:02:49,2026-09-25 02:28:17,4,1080
KDS-ORD-20260925-12226,ORD-20260925-12226,MCH-101,DEV-101-POS,2026-09-25 13:51:14,2026-09-25 13:51:34,2026-09-25 13:52:13,2026-09-25 14:20:37,9,720
KDS-ORD-20260925-12227,ORD-20260925-12227,MCH-106,DEV-106-POS,2026-09-25 12:11:27,2026-09-25 12:11:47,2026-09-25 12:12:12,2026-09-25 12:45:16,12,720
KDS-ORD-20260925-12228,ORD-20260925-12228,MCH-101,DEV-101-POS,2026-09-25 17:59:10,2026-09-25 17:59:30,2026-09-25 17:59:39,2026-09-25 18:17:40,5,720
KDS-ORD-20260925-12229,ORD-20260925-12229,MCH-111,DEV-111-POS,2026-09-25 11:17:27,2026-09-25 11:17:47,2026-09-25 11:18:14,2026-09-25 11:42:13,4,1080
KDS-ORD-20260925-12230,ORD-20260925-12230,MCH-109,DEV-109-POS,2026-09-25 12:26:06,2026-09-25 12:26:26,2026-09-25 12:26:28,2026-09-25 12:59:38,13,900
KDS-ORD-20260925-12231,ORD-20260925-12231,MCH-102,DEV-102-POS,2026-09-25 19:01:17,2026-09-25 19:01:37,2026-09-25 19:01:34,2026-09-25 19:25:55,7,720
KDS-ORD-20260925-12232,ORD-20260925-12232,MCH-104,DEV-104-POS,2026-09-25 06:28:59,2026-09-25 06:29:19,2026-09-25 06:29:37,2026-09-25 06:52:41,5,1080
KDS-ORD-20260925-12233,ORD-20260925-12233,MCH-107,DEV-107-POS,2026-09-25 21:25:13,2026-09-25 21:25:33,2026-09-25 21:26:02,2026-09-25 21:59:10,13,900
KDS-ORD-20260925-12234,ORD-20260925-12234,MCH-114,DEV-114-POS,2026-09-25 20:51:44,2026-09-25 20:52:04,2026-09-25 20:52:15,2026-09-25 21:18:05,7,720
KDS-ORD-20260925-12235,ORD-20260925-12235,MCH-112,DEV-112-POS,2026-09-25 18:14:53,2026-09-25 18:15:13,2026-09-25 18:15:47,2026-09-25 18:33:52,3,900
KDS-ORD-20260925-12236,ORD-20260925-12236,MCH-112,DEV-112-POS,2026-09-25 17:23:51,2026-09-25 17:24:11,2026-09-25 17:24:40,2026-09-25 17:40:38,4,900
KDS-ORD-20260925-12237,ORD-20260925-12237,MCH-115,DEV-115-POS,2026-09-25 21:49:14,2026-09-25 21:49:34,2026-09-25 21:49:50,2026-09-25 22:25:01,14,1080
KDS-ORD-20260925-12238,ORD-20260925-12238,MCH-111,DEV-111-POS,2026-09-25 10:37:59,2026-09-25 10:38:19,2026-09-25 10:38:29,2026-09-25 11:02:45,6,1080
KDS-ORD-20260925-12239,ORD-20260925-12239,MCH-113,DEV-113-POS,2026-09-25 07:53:40,2026-09-25 07:54:00,2026-09-25 07:54:27,2026-09-25 08:06:55,3,720
KDS-ORD-20260925-12240,ORD-20260925-12240,MCH-102,DEV-102-POS,2026-09-25 11:19:51,2026-09-25 11:20:11,2026-09-25 11:20:35,2026-09-25 11:36:09,3,720
KDS-ORD-20260925-12241,ORD-20260925-12241,MCH-114,DEV-114-POS,2026-09-25 20:31:55,2026-09-25 20:32:15,2026-09-25 20:32:24,,8,720
KDS-ORD-20260925-12242,ORD-20260925-12242,MCH-102,DEV-102-POS,2026-09-25 05:56:53,2026-09-25 05:57:13,2026-09-25 05:57:39,2026-09-25 06:13:36,5,720
KDS-ORD-20260925-12243,ORD-20260925-12243,MCH-105,DEV-105-POS,2026-09-25 16:31:57,2026-09-25 16:32:17,2026-09-25 16:32:55,2026-09-25 16:48:12,2,900
KDS-ORD-20260925-12244,ORD-20260925-12244,MCH-111,DEV-111-POS,2026-09-25 23:44:37,2026-09-25 23:44:57,2026-09-25 23:45:09,2026-09-26 00:02:39,4,1080
KDS-ORD-20260925-12245,ORD-20260925-12245,MCH-107,DEV-107-POS,2026-09-25 20:00:53,2026-09-25 20:01:13,2026-09-25 20:01:41,2026-09-25 20:30:12,9,900
KDS-ORD-20260925-12246,ORD-20260925-12246,MCH-108,DEV-108-POS,2026-09-25 14:17:24,2026-09-25 14:17:44,2026-09-25 14:18:14,2026-09-25 14:57:35,16,900
KDS-ORD-20260925-12247,ORD-20260925-12247,MCH-107,DEV-107-POS,2026-09-25 06:35:06,2026-09-25 06:35:26,2026-09-25 06:35:49,2026-09-25 06:53:02,3,900
KDS-ORD-20260925-12248,ORD-20260925-12248,MCH-112,DEV-112-POS,2026-09-25 20:38:53,2026-09-25 20:39:13,2026-09-25 20:39:29,2026-09-25 21:11:06,8,900
KDS-ORD-20260925-12249,ORD-20260925-12249,MCH-113,DEV-113-POS,2026-09-25 17:18:39,2026-09-25 17:18:59,2026-09-25 17:19:22,2026-09-25 17:34:38,3,720
KDS-ORD-20260925-12250,ORD-20260925-12250,MCH-115,DEV-115-POS,2026-09-25 08:25:37,2026-09-25 08:25:57,2026-09-25 08:26:01,2026-09-25 08:48:32,5,1080
KDS-ORD-20260925-12251,ORD-20260925-12251,MCH-107,DEV-107-POS,2026-09-25 07:34:36,2026-09-25 07:34:56,2026-09-25 07:35:26,2026-09-25 07:51:50,5,900
KDS-ORD-20260925-12252,ORD-20260925-12252,MCH-107,DEV-107-POS,2026-09-25 21:55:07,2026-09-25 21:55:27,2026-09-25 21:55:51,2026-09-25 22:35:50,14,900
KDS-ORD-20260925-12253,ORD-20260925-12253,MCH-104,DEV-104-POS,2026-09-25 18:10:16,2026-09-25 18:10:36,2026-09-25 18:10:43,2026-09-25 18:29:42,5,1080
KDS-ORD-20260925-12254,ORD-20260925-12254,MCH-112,DEV-112-POS,2026-09-25 20:46:38,2026-09-25 20:46:58,2026-09-25 20:47:29,2026-09-25 21:20:47,13,900
KDS-ORD-20260925-12255,ORD-20260925-12255,MCH-103,DEV-103-POS,2026-09-25 21:56:51,2026-09-25 21:57:11,2026-09-25 21:57:11,2026-09-25 22:19:43,8,720
KDS-ORD-20260925-12256,ORD-20260925-12256,MCH-108,DEV-108-POS,2026-09-25 16:36:53,2026-09-25 16:37:13,2026-09-25 16:37:45,2026-09-25 16:55:58,4,900
KDS-ORD-20260925-12257,ORD-20260925-12257,MCH-102,DEV-102-POS,2026-09-25 14:50:50,2026-09-25 14:51:10,2026-09-25 14:51:44,2026-09-25 15:14:37,10,720
KDS-ORD-20260925-12258,ORD-20260925-12258,MCH-106,DEV-106-POS,2026-09-25 13:10:25,2026-09-25 13:10:45,2026-09-25 13:11:24,2026-09-25 13:33:05,6,720
KDS-ORD-20260925-12259,ORD-20260925-12259,MCH-106,DEV-106-POS,2026-09-25 12:21:04,2026-09-25 12:21:24,2026-09-25 12:21:44,2026-09-25 12:45:22,6,720
KDS-ORD-20260925-12260,ORD-20260925-12260,MCH-110,DEV-110-POS,2026-09-25 13:43:14,2026-09-25 13:43:34,2026-09-25 13:43:29,2026-09-25 14:08:57,6,720
KDS-ORD-20260925-12261,ORD-20260925-12261,MCH-108,DEV-108-POS,2026-09-25 20:41:21,2026-09-25 20:41:41,2026-09-25 20:41:50,2026-09-25 21:17:20,10,900
KDS-ORD-20260925-12262,ORD-20260925-12262,MCH-104,DEV-104-POS,2026-09-25 17:36:11,2026-09-25 17:36:31,2026-09-25 17:36:37,2026-09-25 17:58:30,4,1080
KDS-ORD-20260925-12263,ORD-20260925-12263,MCH-114,DEV-114-POS,2026-09-25 21:46:24,2026-09-25 21:46:44,2026-09-25 21:46:50,2026-09-25 22:13:32,9,720
KDS-ORD-20260925-12264,ORD-20260925-12264,MCH-106,DEV-106-POS,2026-09-25 13:37:28,2026-09-25 13:37:48,2026-09-25 13:37:45,2026-09-25 14:07:37,12,720
KDS-ORD-20260925-12265,ORD-20260925-12265,MCH-103,DEV-103-POS,2026-09-25 17:40:20,2026-09-25 17:40:40,2026-09-25 17:40:48,2026-09-25 18:01:23,6,720
KDS-ORD-20260925-12266,ORD-20260925-12266,MCH-105,DEV-105-POS,2026-09-25 18:38:52,2026-09-25 18:39:12,2026-09-25 18:39:11,2026-09-25 18:57:33,3,900
KDS-ORD-20260925-12267,ORD-20260925-12267,MCH-109,DEV-109-POS,2026-09-25 17:04:23,2026-09-25 17:04:43,2026-09-25 17:05:08,2026-09-25 17:27:38,6,900
KDS-ORD-20260925-12268,ORD-20260925-12268,MCH-111,DEV-111-POS,2026-09-25 19:13:41,2026-09-25 19:14:01,2026-09-25 19:14:20,2026-09-25 19:59:35,15,1080
KDS-ORD-20260925-12269,ORD-20260925-12269,MCH-107,DEV-107-POS,2026-09-25 11:57:10,2026-09-25 11:57:30,2026-09-25 11:57:45,2026-09-25 12:17:52,3,900
KDS-ORD-20260925-12270,ORD-20260925-12270,MCH-106,DEV-106-POS,2026-09-25 14:44:40,2026-09-25 14:45:00,2026-09-25 14:44:55,2026-09-25 15:16:09,13,720
KDS-ORD-20260925-12271,ORD-20260925-12271,MCH-107,DEV-107-POS,2026-09-25 08:13:47,2026-09-25 08:14:07,2026-09-25 08:14:23,2026-09-25 08:35:14,6,900
KDS-ORD-20260925-12272,ORD-20260925-12272,MCH-109,DEV-109-POS,2026-09-25 12:03:34,2026-09-25 12:03:54,2026-09-25 12:04:04,2026-09-25 12:39:57,14,900
KDS-ORD-20260925-12273,ORD-20260925-12273,MCH-107,DEV-107-POS,2026-09-25 14:46:06,2026-09-25 14:46:26,2026-09-25 14:47:03,2026-09-25 15:15:46,7,900
KDS-ORD-20260925-12274,ORD-20260925-12274,MCH-108,DEV-108-POS,2026-09-25 18:31:55,2026-09-25 18:32:15,2026-09-25 18:32:28,2026-09-25 18:55:13,5,900
KDS-ORD-20260925-12275,ORD-20260925-12275,MCH-101,DEV-101-POS,2026-09-25 22:10:43,2026-09-25 22:11:03,2026-09-25 22:11:38,2026-09-25 22:25:18,3,720
KDS-ORD-20260925-12276,ORD-20260925-12276,MCH-103,DEV-103-POS,2026-09-25 17:53:20,2026-09-25 17:53:40,2026-09-25 17:54:11,2026-09-25 18:10:38,5,720
KDS-ORD-20260925-12277,ORD-20260925-12277,MCH-115,DEV-115-POS,2026-09-25 19:35:51,2026-09-25 19:36:11,2026-09-25 19:36:37,2026-09-25 20:12:22,7,1080
KDS-ORD-20260925-12278,ORD-20260925-12278,MCH-105,DEV-105-POS,2026-09-25 14:24:45,2026-09-25 14:25:05,2026-09-25 14:25:41,2026-09-25 14:59:58,9,900
KDS-ORD-20260925-12279,ORD-20260925-12279,MCH-113,DEV-113-POS,2026-09-25 18:03:31,2026-09-25 18:03:51,2026-09-25 18:04:30,2026-09-25 18:22:36,6,720
KDS-ORD-20260925-12280,ORD-20260925-12280,MCH-106,DEV-106-POS,2026-09-25 07:06:52,2026-09-25 07:07:12,2026-09-25 07:07:44,2026-09-25 07:19:32,2,720
KDS-ORD-20260925-12281,ORD-20260925-12281,MCH-105,DEV-105-POS,2026-09-25 11:59:19,2026-09-25 11:59:39,2026-09-25 11:59:54,2026-09-25 12:19:03,5,900
KDS-ORD-20260925-12282,ORD-20260925-12282,MCH-111,DEV-111-POS,2026-09-25 12:20:19,2026-09-25 12:20:39,2026-09-25 12:20:55,2026-09-25 13:03:07,15,1080
KDS-ORD-20260925-12283,ORD-20260925-12283,MCH-102,DEV-102-POS,2026-09-25 13:15:46,2026-09-25 13:16:06,2026-09-25 13:16:34,,7,720
KDS-ORD-20260925-12284,ORD-20260925-12284,MCH-113,DEV-113-POS,2026-09-25 06:21:35,2026-09-25 06:21:55,2026-09-25 06:22:27,2026-09-25 06:42:28,6,720
KDS-ORD-20260925-12285,ORD-20260925-12285,MCH-107,DEV-107-POS,2026-09-25 09:24:13,2026-09-25 09:24:33,2026-09-25 09:25:05,2026-09-25 09:44:26,3,900
KDS-ORD-20260925-12286,ORD-20260925-12286,MCH-110,DEV-110-POS,2026-09-25 11:57:08,2026-09-25 11:57:28,2026-09-25 11:57:32,2026-09-25 12:08:04,2,720
KDS-ORD-20260925-12287,ORD-20260925-12287,MCH-112,DEV-112-POS,2026-09-25 22:57:44,2026-09-25 22:58:04,2026-09-25 22:58:13,2026-09-25 23:15:15,3,900
KDS-ORD-20260925-12288,ORD-20260925-12288,MCH-112,DEV-112-POS,2026-09-25 12:22:52,2026-09-25 12:23:12,2026-09-25 12:23:20,2026-09-25 12:52:02,9,900
KDS-ORD-20260925-12289,ORD-20260925-12289,MCH-115,DEV-115-POS,2026-09-25 14:33:32,2026-09-25 14:33:52,2026-09-25 14:34:26,2026-09-25 15:19:24,15,1080
KDS-ORD-20260925-12290,ORD-20260925-12290,MCH-102,DEV-102-POS,2026-09-25 10:45:46,2026-09-25 10:46:06,2026-09-25 10:46:07,2026-09-25 11:01:32,3,720
KDS-ORD-20260925-12291,ORD-20260925-12291,MCH-106,DEV-106-POS,2026-09-25 17:45:44,2026-09-25 17:46:04,2026-09-25 17:46:15,2026-09-25 18:00:39,4,720
KDS-ORD-20260925-12292,ORD-20260925-12292,MCH-108,DEV-108-POS,2026-09-25 11:27:51,2026-09-25 11:28:11,2026-09-25 11:28:37,2026-09-25 11:42:04,2,900
KDS-ORD-20260925-12293,ORD-20260925-12293,MCH-115,DEV-115-POS,2026-09-25 10:37:50,2026-09-25 10:38:10,2026-09-25 10:38:40,2026-09-25 10:58:58,5,1080
KDS-ORD-20260925-12294,ORD-20260925-12294,MCH-112,DEV-112-POS,2026-09-25 14:56:27,2026-09-25 14:56:47,2026-09-25 14:56:53,2026-09-25 15:33:28,15,900
KDS-ORD-20260925-12295,ORD-20260925-12295,MCH-112,DEV-112-POS,2026-09-25 00:25:52,2026-09-25 00:26:12,2026-09-25 00:26:29,2026-09-25 00:39:58,2,900
KDS-ORD-20260925-12296,ORD-20260925-12296,MCH-106,DEV-106-POS,2026-09-25 01:29:47,2026-09-25 01:30:07,2026-09-25 01:30:06,2026-09-25 01:48:11,5,720
KDS-ORD-20260925-12297,ORD-20260925-12297,MCH-114,DEV-114-POS,2026-09-25 10:02:49,2026-09-25 10:03:09,2026-09-25 10:03:28,2026-09-25 10:22:35,6,720
KDS-ORD-20260925-12298,ORD-20260925-12298,MCH-102,DEV-102-POS,2026-09-25 05:51:44,2026-09-25 05:52:04,2026-09-25 05:52:21,2026-09-25 06:11:09,6,720
KDS-ORD-20260925-12299,ORD-20260925-12299,MCH-113,DEV-113-POS,2026-09-25 08:12:21,2026-09-25 08:12:41,2026-09-25 08:12:49,2026-09-25 08:29:47,6,720
KDS-ORD-20260925-12300,ORD-20260925-12300,MCH-108,DEV-108-POS,2026-09-25 12:50:52,2026-09-25 12:51:12,2026-09-25 12:51:46,2026-09-25 13:23:56,13,900
KDS-ORD-20260925-12301,ORD-20260925-12301,MCH-108,DEV-108-POS,2026-09-25 20:16:55,2026-09-25 20:17:15,2026-09-25 20:17:29,2026-09-25 20:45:51,11,900
KDS-ORD-20260925-12302,ORD-20260925-12302,MCH-101,DEV-101-POS,2026-09-25 16:09:11,2026-09-25 16:09:31,2026-09-25 16:09:33,2026-09-25 16:27:22,4,720
KDS-ORD-20260925-12303,ORD-20260925-12303,MCH-112,DEV-112-POS,2026-09-25 14:38:37,2026-09-25 14:38:57,2026-09-25 14:39:04,2026-09-25 15:17:36,14,900
KDS-ORD-20260925-12304,ORD-20260925-12304,MCH-105,DEV-105-POS,2026-09-25 11:26:37,2026-09-25 11:26:57,2026-09-25 11:27:37,2026-09-25 11:50:12,6,900
KDS-ORD-20260925-12305,ORD-20260925-12305,MCH-108,DEV-108-POS,2026-09-25 21:36:06,2026-09-25 21:36:26,2026-09-25 21:36:46,2026-09-25 22:07:14,9,900
KDS-ORD-20260925-12306,ORD-20260925-12306,MCH-106,DEV-106-POS,2026-09-25 13:17:26,2026-09-25 13:17:46,2026-09-25 13:18:00,2026-09-25 13:53:29,14,720
KDS-ORD-20260925-12307,ORD-20260925-12307,MCH-114,DEV-114-POS,2026-09-25 07:39:13,2026-09-25 07:39:33,2026-09-25 07:39:35,2026-09-25 07:53:51,2,720
KDS-ORD-20260925-12308,ORD-20260925-12308,MCH-113,DEV-113-POS,2026-09-25 17:29:03,2026-09-25 17:29:23,2026-09-25 17:29:37,2026-09-25 17:43:10,3,720
KDS-ORD-20260925-12309,ORD-20260925-12309,MCH-103,DEV-103-POS,2026-09-25 08:05:02,2026-09-25 08:05:22,2026-09-25 08:05:29,2026-09-25 08:17:13,3,720
KDS-ORD-20260925-12310,ORD-20260925-12310,MCH-102,DEV-102-POS,2026-09-25 12:09:22,2026-09-25 12:09:42,2026-09-25 12:10:02,2026-09-25 12:37:46,15,720
KDS-ORD-20260925-12311,ORD-20260925-12311,MCH-108,DEV-108-POS,2026-09-25 14:53:04,2026-09-25 14:53:24,2026-09-25 14:53:26,2026-09-25 15:28:38,13,900
KDS-ORD-20260925-12312,ORD-20260925-12312,MCH-103,DEV-103-POS,2026-09-25 21:43:18,2026-09-25 21:43:38,2026-09-25 21:43:58,2026-09-25 22:09:51,10,720
KDS-ORD-20260925-12313,ORD-20260925-12313,MCH-110,DEV-110-POS,2026-09-25 14:32:51,2026-09-25 14:33:11,2026-09-25 14:33:29,,13,720
KDS-ORD-20260925-12314,ORD-20260925-12314,MCH-115,DEV-115-POS,2026-09-25 19:41:40,2026-09-25 19:42:00,2026-09-25 19:42:37,2026-09-25 20:12:53,6,1080
KDS-ORD-20260925-12315,ORD-20260925-12315,MCH-107,DEV-107-POS,2026-09-25 23:16:39,2026-09-25 23:16:59,2026-09-25 23:17:16,2026-09-25 23:32:31,5,900
KDS-ORD-20260925-12316,ORD-20260925-12316,MCH-113,DEV-113-POS,2026-09-25 08:36:44,2026-09-25 08:37:04,2026-09-25 08:37:39,2026-09-25 08:49:58,3,720
KDS-ORD-20260925-12317,ORD-20260925-12317,MCH-112,DEV-112-POS,2026-09-25 11:26:22,2026-09-25 11:26:42,2026-09-25 11:26:55,2026-09-25 11:49:54,6,900
KDS-ORD-20260925-12318,ORD-20260925-12318,MCH-107,DEV-107-POS,2026-09-25 12:55:06,2026-09-25 12:55:26,2026-09-25 12:55:51,2026-09-25 13:31:43,12,900
KDS-ORD-20260925-12319,ORD-20260925-12319,MCH-104,DEV-104-POS,2026-09-25 13:51:34,2026-09-25 13:51:54,2026-09-25 13:52:21,2026-09-25 14:37:21,14,1080
KDS-ORD-20260925-12320,ORD-20260925-12320,MCH-112,DEV-112-POS,2026-09-25 13:54:03,2026-09-25 13:54:23,2026-09-25 13:54:57,2026-09-25 14:25:53,8,900
KDS-ORD-20260925-12321,ORD-20260925-12321,MCH-102,DEV-102-POS,2026-09-25 21:44:33,2026-09-25 21:44:53,2026-09-25 21:45:13,2026-09-25 22:12:01,8,720
KDS-ORD-20260925-12322,ORD-20260925-12322,MCH-113,DEV-113-POS,2026-09-25 19:24:53,2026-09-25 19:25:13,2026-09-25 19:25:14,,10,720
KDS-ORD-20260925-12323,ORD-20260925-12323,MCH-102,DEV-102-POS,2026-09-25 17:44:28,2026-09-25 17:44:48,2026-09-25 17:45:13,2026-09-25 17:57:27,2,720
KDS-ORD-20260925-12324,ORD-20260925-12324,MCH-101,DEV-101-POS,2026-09-25 12:07:45,2026-09-25 12:08:05,2026-09-25 12:08:11,2026-09-25 12:41:56,11,720
KDS-ORD-20260925-12325,ORD-20260925-12325,MCH-103,DEV-103-POS,2026-09-25 20:27:48,2026-09-25 20:28:08,2026-09-25 20:28:37,2026-09-25 21:00:51,11,720
KDS-ORD-20260925-12326,ORD-20260925-12326,MCH-110,DEV-110-POS,2026-09-25 22:54:41,2026-09-25 22:55:01,2026-09-25 22:55:08,2026-09-25 23:15:14,6,720
KDS-ORD-20260925-12327,ORD-20260925-12327,MCH-107,DEV-107-POS,2026-09-25 20:09:31,2026-09-25 20:09:51,2026-09-25 20:10:02,2026-09-25 20:40:24,8,900
KDS-ORD-20260925-12328,ORD-20260925-12328,MCH-102,DEV-102-POS,2026-09-25 00:49:21,2026-09-25 00:49:41,2026-09-25 00:50:21,2026-09-25 01:04:55,3,720
KDS-ORD-20260925-12329,ORD-20260925-12329,MCH-110,DEV-110-POS,2026-09-25 18:41:53,2026-09-25 18:42:13,2026-09-25 18:42:08,2026-09-25 19:01:10,5,720
KDS-ORD-20260925-12330,ORD-20260925-12330,MCH-102,DEV-102-POS,2026-09-25 06:39:55,2026-09-25 06:40:15,2026-09-25 06:40:43,2026-09-25 06:53:43,4,720
KDS-ORD-20260925-12331,ORD-20260925-12331,MCH-102,DEV-102-POS,2026-09-25 11:51:57,2026-09-25 11:52:17,2026-09-25 11:52:49,2026-09-25 12:08:12,4,720
KDS-ORD-20260925-12332,ORD-20260925-12332,MCH-103,DEV-103-POS,2026-09-25 06:57:37,2026-09-25 06:57:57,2026-09-25 06:58:18,2026-09-25 07:10:02,2,720
KDS-ORD-20260925-12333,ORD-20260925-12333,MCH-106,DEV-106-POS,2026-09-25 17:26:46,2026-09-25 17:27:06,2026-09-25 17:27:28,2026-09-25 17:44:09,3,720
KDS-ORD-20260925-12334,ORD-20260925-12334,MCH-102,DEV-102-POS,2026-09-25 20:00:30,2026-09-25 20:00:50,2026-09-25 20:00:52,,8,720
KDS-ORD-20260925-12335,ORD-20260925-12335,MCH-115,DEV-115-POS,2026-09-25 08:07:00,2026-09-25 08:07:20,2026-09-25 08:07:45,2026-09-25 08:28:35,3,1080
KDS-ORD-20260925-12336,ORD-20260925-12336,MCH-113,DEV-113-POS,2026-09-25 12:19:09,2026-09-25 12:19:29,2026-09-25 12:20:03,2026-09-25 12:48:58,16,720
KDS-ORD-20260925-12337,ORD-20260925-12337,MCH-112,DEV-112-POS,2026-09-25 13:09:25,2026-09-25 13:09:45,2026-09-25 13:09:51,2026-09-25 13:36:43,7,900
KDS-ORD-20260925-12338,ORD-20260925-12338,MCH-111,DEV-111-POS,2026-09-25 12:25:41,2026-09-25 12:26:01,2026-09-25 12:26:25,2026-09-25 12:59:58,7,1080
KDS-ORD-20260925-12339,ORD-20260925-12339,MCH-102,DEV-102-POS,2026-09-25 08:19:20,2026-09-25 08:19:40,2026-09-25 08:20:01,2026-09-25 08:32:25,2,720
KDS-ORD-20260925-12340,ORD-20260925-12340,MCH-109,DEV-109-POS,2026-09-25 13:57:59,2026-09-25 13:58:19,2026-09-25 13:58:33,2026-09-25 14:34:05,9,900
KDS-ORD-20260925-12341,ORD-20260925-12341,MCH-113,DEV-113-POS,2026-09-25 19:06:16,2026-09-25 19:06:36,2026-09-25 19:06:47,2026-09-25 19:40:32,16,720
KDS-ORD-20260925-12342,ORD-20260925-12342,MCH-105,DEV-105-POS,2026-09-25 07:35:52,2026-09-25 07:36:12,2026-09-25 07:36:25,2026-09-25 07:53:54,2,900
KDS-ORD-20260925-12343,ORD-20260925-12343,MCH-101,DEV-101-POS,2026-09-25 07:50:03,2026-09-25 07:50:23,2026-09-25 07:50:48,2026-09-25 08:04:52,4,720
KDS-ORD-20260925-12344,ORD-20260925-12344,MCH-106,DEV-106-POS,2026-09-25 12:56:48,2026-09-25 12:57:08,2026-09-25 12:57:08,,8,720
KDS-ORD-20260925-12345,ORD-20260925-12345,MCH-111,DEV-111-POS,2026-09-25 21:35:44,2026-09-25 21:36:04,2026-09-25 21:36:38,,10,1080
KDS-ORD-20260925-12346,ORD-20260925-12346,MCH-112,DEV-112-POS,2026-09-25 18:14:34,2026-09-25 18:14:54,2026-09-25 18:15:23,2026-09-25 18:32:58,3,900
KDS-ORD-20260925-12347,ORD-20260925-12347,MCH-114,DEV-114-POS,2026-09-25 19:46:52,2026-09-25 19:47:12,2026-09-25 19:47:47,2026-09-25 20:09:39,7,720
KDS-ORD-20260925-12348,ORD-20260925-12348,MCH-105,DEV-105-POS,2026-09-25 12:55:42,2026-09-25 12:56:02,2026-09-25 12:56:00,2026-09-25 13:29:48,15,900
KDS-ORD-20260925-12349,ORD-20260925-12349,MCH-108,DEV-108-POS,2026-09-25 17:51:07,2026-09-25 17:51:27,2026-09-25 17:51:41,2026-09-25 18:10:23,3,900
KDS-ORD-20260925-12350,ORD-20260925-12350,MCH-112,DEV-112-POS,2026-09-25 01:21:44,2026-09-25 01:22:04,2026-09-25 01:22:12,2026-09-25 01:46:56,6,900
KDS-ORD-20260925-12351,ORD-20260925-12351,MCH-108,DEV-108-POS,2026-09-25 18:11:02,2026-09-25 18:11:22,2026-09-25 18:11:34,2026-09-25 18:32:57,3,900
KDS-ORD-20260925-12352,ORD-20260925-12352,MCH-110,DEV-110-POS,2026-09-25 21:02:41,2026-09-25 21:03:01,2026-09-25 21:03:38,2026-09-25 21:33:55,15,720
KDS-ORD-20260925-12353,ORD-20260925-12353,MCH-104,DEV-104-POS,2026-09-25 17:18:00,2026-09-25 17:18:20,2026-09-25 17:18:15,2026-09-25 17:41:14,4,1080
KDS-ORD-20260925-12354,ORD-20260925-12354,MCH-106,DEV-106-POS,2026-09-25 21:02:07,2026-09-25 21:02:27,2026-09-25 21:03:07,,14,720
KDS-ORD-20260925-12355,ORD-20260925-12355,MCH-107,DEV-107-POS,2026-09-25 19:21:55,2026-09-25 19:22:15,2026-09-25 19:22:28,2026-09-25 19:57:36,12,900
KDS-ORD-20260925-12356,ORD-20260925-12356,MCH-112,DEV-112-POS,2026-09-25 08:57:48,2026-09-25 08:58:08,2026-09-25 08:58:46,2026-09-25 09:14:03,4,900
KDS-ORD-20260925-12357,ORD-20260925-12357,MCH-105,DEV-105-POS,2026-09-25 21:21:09,2026-09-25 21:21:29,2026-09-25 21:21:33,2026-09-25 21:53:37,11,900
KDS-ORD-20260925-12358,ORD-20260925-12358,MCH-111,DEV-111-POS,2026-09-25 07:21:57,2026-09-25 07:22:17,2026-09-25 07:22:40,2026-09-25 07:44:43,5,1080
KDS-ORD-20260925-12359,ORD-20260925-12359,MCH-113,DEV-113-POS,2026-09-25 15:30:25,2026-09-25 15:30:45,2026-09-25 15:31:13,2026-09-25 15:48:05,5,720
KDS-ORD-20260925-12360,ORD-20260925-12360,MCH-113,DEV-113-POS,2026-09-25 09:09:54,2026-09-25 09:10:14,2026-09-25 09:10:43,2026-09-25 09:26:14,4,720
KDS-ORD-20260925-12361,ORD-20260925-12361,MCH-115,DEV-115-POS,2026-09-25 02:19:45,2026-09-25 02:20:05,2026-09-25 02:20:30,2026-09-25 02:37:13,3,1080
KDS-ORD-20260925-12362,ORD-20260925-12362,MCH-106,DEV-106-POS,2026-09-25 13:51:41,2026-09-25 13:52:01,2026-09-25 13:52:29,2026-09-25 14:19:07,10,720
KDS-ORD-20260925-12363,ORD-20260925-12363,MCH-111,DEV-111-POS,2026-09-25 11:30:52,2026-09-25 11:31:12,2026-09-25 11:31:49,2026-09-25 11:54:54,5,1080
KDS-ORD-20260925-12364,ORD-20260925-12364,MCH-108,DEV-108-POS,2026-09-25 14:13:29,2026-09-25 14:13:49,2026-09-25 14:14:21,2026-09-25 14:45:24,10,900
KDS-ORD-20260925-12365,ORD-20260925-12365,MCH-105,DEV-105-POS,2026-09-25 16:07:38,2026-09-25 16:07:58,2026-09-25 16:08:26,2026-09-25 16:30:18,4,900
KDS-ORD-20260925-12366,ORD-20260925-12366,MCH-101,DEV-101-POS,2026-09-25 06:06:54,2026-09-25 06:07:14,2026-09-25 06:07:27,2026-09-25 06:24:47,6,720
KDS-ORD-20260925-12367,ORD-20260925-12367,MCH-115,DEV-115-POS,2026-09-25 08:05:41,2026-09-25 08:06:01,2026-09-25 08:06:28,2026-09-25 08:25:35,2,1080
KDS-ORD-20260925-12368,ORD-20260925-12368,MCH-108,DEV-108-POS,2026-09-25 16:54:07,2026-09-25 16:54:27,2026-09-25 16:54:23,2026-09-25 17:13:32,6,900
KDS-ORD-20260925-12369,ORD-20260925-12369,MCH-106,DEV-106-POS,2026-09-25 12:51:56,2026-09-25 12:52:16,2026-09-25 12:52:55,2026-09-25 13:14:28,6,720
KDS-ORD-20260925-12370,ORD-20260925-12370,MCH-112,DEV-112-POS,2026-09-25 19:52:20,2026-09-25 19:52:40,2026-09-25 19:53:06,2026-09-25 20:24:11,9,900
KDS-ORD-20260925-12371,ORD-20260925-12371,MCH-108,DEV-108-POS,2026-09-25 18:40:30,2026-09-25 18:40:50,2026-09-25 18:41:09,2026-09-25 19:00:06,6,900
KDS-ORD-20260925-12372,ORD-20260925-12372,MCH-104,DEV-104-POS,2026-09-25 20:22:35,2026-09-25 20:22:55,2026-09-25 20:22:58,,6,1080
KDS-ORD-20260925-12373,ORD-20260925-12373,MCH-114,DEV-114-POS,2026-09-25 19:26:17,2026-09-25 19:26:37,2026-09-25 19:26:40,2026-09-25 20:01:45,16,720
KDS-ORD-20260925-12374,ORD-20260925-12374,MCH-112,DEV-112-POS,2026-09-25 13:48:06,2026-09-25 13:48:26,2026-09-25 13:48:25,2026-09-25 14:23:13,10,900
KDS-ORD-20260925-12375,ORD-20260925-12375,MCH-103,DEV-103-POS,2026-09-25 18:49:09,2026-09-25 18:49:29,2026-09-25 18:49:28,2026-09-25 19:00:47,2,720
KDS-ORD-20260925-12376,ORD-20260925-12376,MCH-115,DEV-115-POS,2026-09-25 11:14:18,2026-09-25 11:14:38,2026-09-25 11:14:55,2026-09-25 11:36:46,4,1080
KDS-ORD-20260925-12377,ORD-20260925-12377,MCH-101,DEV-101-POS,2026-09-25 12:12:19,2026-09-25 12:12:39,2026-09-25 12:12:52,2026-09-25 12:34:32,8,720
KDS-ORD-20260925-12378,ORD-20260925-12378,MCH-105,DEV-105-POS,2026-09-25 20:22:12,2026-09-25 20:22:32,2026-09-25 20:23:02,2026-09-25 20:51:23,11,900
KDS-ORD-20260925-12379,ORD-20260925-12379,MCH-109,DEV-109-POS,2026-09-25 13:25:05,2026-09-25 13:25:25,2026-09-25 13:25:30,2026-09-25 13:51:30,7,900
KDS-ORD-20260925-12380,ORD-20260925-12380,MCH-103,DEV-103-POS,2026-09-25 20:09:15,2026-09-25 20:09:35,2026-09-25 20:10:13,2026-09-25 20:37:29,9,720
KDS-ORD-20260925-12381,ORD-20260925-12381,MCH-105,DEV-105-POS,2026-09-25 20:13:01,2026-09-25 20:13:21,2026-09-25 20:14:01,2026-09-25 20:48:18,10,900
KDS-ORD-20260925-12382,ORD-20260925-12382,MCH-112,DEV-112-POS,2026-09-25 20:23:07,2026-09-25 20:23:27,2026-09-25 20:23:36,2026-09-25 20:53:16,10,900
KDS-ORD-20260925-12383,ORD-20260925-12383,MCH-110,DEV-110-POS,2026-09-25 21:26:34,2026-09-25 21:26:54,2026-09-25 21:27:04,2026-09-25 21:52:28,13,720
KDS-ORD-20260925-12384,ORD-20260925-12384,MCH-102,DEV-102-POS,2026-09-25 13:26:46,2026-09-25 13:27:06,2026-09-25 13:27:06,2026-09-25 13:51:05,6,720
KDS-ORD-20260925-12385,ORD-20260925-12385,MCH-114,DEV-114-POS,2026-09-25 13:04:18,2026-09-25 13:04:38,2026-09-25 13:04:42,2026-09-25 13:29:13,8,720
KDS-ORD-20260925-12386,ORD-20260925-12386,MCH-101,DEV-101-POS,2026-09-25 16:40:46,2026-09-25 16:41:06,2026-09-25 16:41:36,2026-09-25 16:56:45,4,720
KDS-ORD-20260925-12387,ORD-20260925-12387,MCH-107,DEV-107-POS,2026-09-25 12:04:12,2026-09-25 12:04:32,2026-09-25 12:05:02,2026-09-25 12:30:55,6,900
KDS-ORD-20260925-12388,ORD-20260925-12388,MCH-102,DEV-102-POS,2026-09-25 17:33:22,2026-09-25 17:33:42,2026-09-25 17:33:39,2026-09-25 17:48:09,3,720
KDS-ORD-20260925-12389,ORD-20260925-12389,MCH-101,DEV-101-POS,2026-09-25 19:47:36,2026-09-25 19:47:56,2026-09-25 19:48:34,,12,720
KDS-ORD-20260925-12390,ORD-20260925-12390,MCH-107,DEV-107-POS,2026-09-25 19:05:11,2026-09-25 19:05:31,2026-09-25 19:05:28,2026-09-25 19:43:17,14,900
KDS-ORD-20260925-12391,ORD-20260925-12391,MCH-109,DEV-109-POS,2026-09-25 12:46:42,2026-09-25 12:47:02,2026-09-25 12:47:11,2026-09-25 13:15:04,9,900
KDS-ORD-20260925-12392,ORD-20260925-12392,MCH-115,DEV-115-POS,2026-09-25 09:57:54,2026-09-25 09:58:14,2026-09-25 09:58:51,2026-09-25 10:25:30,6,1080
KDS-ORD-20260925-12393,ORD-20260925-12393,MCH-112,DEV-112-POS,2026-09-25 13:14:26,2026-09-25 13:14:46,2026-09-25 13:15:08,2026-09-25 13:43:45,7,900
KDS-ORD-20260925-12394,ORD-20260925-12394,MCH-114,DEV-114-POS,2026-09-25 09:10:03,2026-09-25 09:10:23,2026-09-25 09:10:50,2026-09-25 09:28:39,5,720
KDS-ORD-20260925-12395,ORD-20260925-12395,MCH-113,DEV-113-POS,2026-09-25 21:30:20,2026-09-25 21:30:40,2026-09-25 21:30:36,2026-09-25 22:06:27,14,720
KDS-ORD-20260925-12396,ORD-20260925-12396,MCH-111,DEV-111-POS,2026-09-25 12:42:47,2026-09-25 12:43:07,2026-09-25 12:43:15,2026-09-25 13:19:37,8,1080
KDS-ORD-20260925-12397,ORD-20260925-12397,MCH-109,DEV-109-POS,2026-09-25 09:53:50,2026-09-25 09:54:10,2026-09-25 09:54:33,2026-09-25 10:12:13,6,900
KDS-ORD-20260925-12398,ORD-20260925-12398,MCH-106,DEV-106-POS,2026-09-25 04:39:45,2026-09-25 04:40:05,2026-09-25 04:40:30,2026-09-25 04:54:15,2,720
KDS-ORD-20260925-12399,ORD-20260925-12399,MCH-102,DEV-102-POS,2026-09-25 18:15:50,2026-09-25 18:16:10,2026-09-25 18:16:22,2026-09-25 18:31:02,5,720
KDS-ORD-20260925-12400,ORD-20260925-12400,MCH-115,DEV-115-POS,2026-09-25 18:53:00,2026-09-25 18:53:20,2026-09-25 18:53:59,2026-09-25 19:16:25,4,1080
KDS-ORD-20260925-12401,ORD-20260925-12401,MCH-108,DEV-108-POS,2026-09-25 12:11:11,2026-09-25 12:11:31,2026-09-25 12:11:55,2026-09-25 12:38:58,11,900
KDS-ORD-20260925-12402,ORD-20260925-12402,MCH-113,DEV-113-POS,2026-09-25 07:56:42,2026-09-25 07:57:02,2026-09-25 07:57:23,2026-09-25 08:12:49,3,720
KDS-ORD-20260925-12403,ORD-20260925-12403,MCH-110,DEV-110-POS,2026-09-25 13:29:21,2026-09-25 13:29:41,2026-09-25 13:29:40,,12,720
KDS-ORD-20260925-12404,ORD-20260925-12404,MCH-111,DEV-111-POS,2026-09-25 12:58:20,2026-09-25 12:58:40,2026-09-25 12:58:51,2026-09-25 13:34:46,10,1080
KDS-ORD-20260925-12405,ORD-20260925-12405,MCH-113,DEV-113-POS,2026-09-25 19:16:32,2026-09-25 19:16:52,2026-09-25 19:17:17,2026-09-25 19:43:42,7,720
KDS-ORD-20260925-12406,ORD-20260925-12406,MCH-103,DEV-103-POS,2026-09-25 17:53:31,2026-09-25 17:53:51,2026-09-25 17:54:23,2026-09-25 18:07:58,2,720
KDS-ORD-20260925-12407,ORD-20260925-12407,MCH-111,DEV-111-POS,2026-09-25 12:43:10,2026-09-25 12:43:30,2026-09-25 12:43:47,2026-09-25 13:24:47,14,1080
KDS-ORD-20260925-12408,ORD-20260925-12408,MCH-102,DEV-102-POS,2026-09-25 10:45:27,2026-09-25 10:45:47,2026-09-25 10:46:12,2026-09-25 10:59:28,5,720
KDS-ORD-20260925-12409,ORD-20260925-12409,MCH-102,DEV-102-POS,2026-09-25 23:58:17,2026-09-25 23:58:37,2026-09-25 23:59:11,2026-09-26 00:11:12,3,720
KDS-ORD-20260925-12410,ORD-20260925-12410,MCH-108,DEV-108-POS,2026-09-25 13:20:46,2026-09-25 13:21:06,2026-09-25 13:21:18,2026-09-25 13:52:33,15,900
KDS-ORD-20260925-12411,ORD-20260925-12411,MCH-103,DEV-103-POS,2026-09-25 19:52:25,2026-09-25 19:52:45,2026-09-25 19:52:55,2026-09-25 20:27:33,13,720
KDS-ORD-20260925-12412,ORD-20260925-12412,MCH-103,DEV-103-POS,2026-09-25 09:18:59,2026-09-25 09:19:19,2026-09-25 09:19:53,2026-09-25 09:31:56,2,720
KDS-ORD-20260925-12413,ORD-20260925-12413,MCH-113,DEV-113-POS,2026-09-25 14:13:19,2026-09-25 14:13:39,2026-09-25 14:14:01,2026-09-25 14:48:36,16,720
KDS-ORD-20260925-12414,ORD-20260925-12414,MCH-102,DEV-102-POS,2026-09-25 05:38:49,2026-09-25 05:39:09,2026-09-25 05:39:13,2026-09-25 05:56:29,5,720
KDS-ORD-20260925-12415,ORD-20260925-12415,MCH-109,DEV-109-POS,2026-09-25 14:39:09,2026-09-25 14:39:29,2026-09-25 14:39:53,2026-09-25 15:08:40,9,900
KDS-ORD-20260925-12416,ORD-20260925-12416,MCH-104,DEV-104-POS,2026-09-25 22:24:36,2026-09-25 22:24:56,2026-09-25 22:25:35,2026-09-25 22:48:19,5,1080
KDS-ORD-20260925-12417,ORD-20260925-12417,MCH-111,DEV-111-POS,2026-09-25 12:31:50,2026-09-25 12:32:10,2026-09-25 12:32:46,2026-09-25 13:18:21,15,1080
KDS-ORD-20260925-12418,ORD-20260925-12418,MCH-101,DEV-101-POS,2026-09-25 05:47:56,2026-09-25 05:48:16,2026-09-25 05:48:17,2026-09-25 06:03:57,2,720
KDS-ORD-20260925-12419,ORD-20260925-12419,MCH-115,DEV-115-POS,2026-09-25 05:56:40,2026-09-25 05:57:00,2026-09-25 05:56:58,2026-09-25 06:21:46,6,1080
KDS-ORD-20260925-12420,ORD-20260925-12420,MCH-112,DEV-112-POS,2026-09-25 12:15:49,2026-09-25 12:16:09,2026-09-25 12:16:36,2026-09-25 12:47:27,13,900
KDS-ORD-20260925-12421,ORD-20260925-12421,MCH-115,DEV-115-POS,2026-09-25 09:45:34,2026-09-25 09:45:54,2026-09-25 09:46:16,2026-09-25 10:06:04,5,1080
KDS-ORD-20260925-12422,ORD-20260925-12422,MCH-104,DEV-104-POS,2026-09-25 04:02:35,2026-09-25 04:02:55,2026-09-25 04:03:33,2026-09-25 04:21:15,3,1080
KDS-ORD-20260925-12423,ORD-20260925-12423,MCH-105,DEV-105-POS,2026-09-25 19:34:12,2026-09-25 19:34:32,2026-09-25 19:34:52,2026-09-25 20:12:23,15,900
KDS-ORD-20260925-12424,ORD-20260925-12424,MCH-101,DEV-101-POS,2026-09-25 13:56:55,2026-09-25 13:57:15,2026-09-25 13:57:39,2026-09-25 14:26:06,14,720
KDS-ORD-20260925-12425,ORD-20260925-12425,MCH-109,DEV-109-POS,2026-09-25 11:06:00,2026-09-25 11:06:20,2026-09-25 11:06:46,2026-09-25 11:24:32,4,900
KDS-ORD-20260925-12426,ORD-20260925-12426,MCH-111,DEV-111-POS,2026-09-25 21:57:43,2026-09-25 21:58:03,2026-09-25 21:58:33,2026-09-25 22:37:28,12,1080
KDS-ORD-20260925-12427,ORD-20260925-12427,MCH-103,DEV-103-POS,2026-09-25 08:12:29,2026-09-25 08:12:49,2026-09-25 08:13:20,2026-09-25 08:32:36,6,720
KDS-ORD-20260925-12428,ORD-20260925-12428,MCH-101,DEV-101-POS,2026-09-25 22:06:18,2026-09-25 22:06:38,2026-09-25 22:06:50,2026-09-25 22:20:38,3,720
KDS-ORD-20260925-12429,ORD-20260925-12429,MCH-114,DEV-114-POS,2026-09-25 12:48:55,2026-09-25 12:49:15,2026-09-25 12:49:55,2026-09-25 13:22:20,15,720
KDS-ORD-20260925-12430,ORD-20260925-12430,MCH-109,DEV-109-POS,2026-09-25 21:41:13,2026-09-25 21:41:33,2026-09-25 21:42:08,2026-09-25 22:10:09,14,900
KDS-ORD-20260925-12431,ORD-20260925-12431,MCH-106,DEV-106-POS,2026-09-25 17:32:54,2026-09-25 17:33:14,2026-09-25 17:33:41,2026-09-25 17:46:47,3,720
KDS-ORD-20260925-12432,ORD-20260925-12432,MCH-105,DEV-105-POS,2026-09-25 20:25:27,2026-09-25 20:25:47,2026-09-25 20:25:59,2026-09-25 20:57:09,9,900
KDS-ORD-20260925-12433,ORD-20260925-12433,MCH-104,DEV-104-POS,2026-09-25 22:04:41,2026-09-25 22:05:01,2026-09-25 22:05:26,2026-09-25 22:25:15,4,1080
KDS-ORD-20260925-12434,ORD-20260925-12434,MCH-115,DEV-115-POS,2026-09-25 11:49:33,2026-09-25 11:49:53,2026-09-25 11:50:04,2026-09-25 12:11:04,2,1080
KDS-ORD-20260925-12435,ORD-20260925-12435,MCH-113,DEV-113-POS,2026-09-25 22:33:38,2026-09-25 22:33:58,2026-09-25 22:34:26,2026-09-25 22:50:40,3,720
KDS-ORD-20260925-12436,ORD-20260925-12436,MCH-102,DEV-102-POS,2026-09-25 12:38:43,2026-09-25 12:39:03,2026-09-25 12:39:41,2026-09-25 13:09:33,12,720
KDS-ORD-20260925-12437,ORD-20260925-12437,MCH-111,DEV-111-POS,2026-09-25 12:03:35,2026-09-25 12:03:55,2026-09-25 12:04:20,2026-09-25 12:35:06,6,1080
KDS-ORD-20260925-12438,ORD-20260925-12438,MCH-104,DEV-104-POS,2026-09-25 13:03:53,2026-09-25 13:04:13,2026-09-25 13:04:51,2026-09-25 13:40:23,8,1080
KDS-ORD-20260925-12439,ORD-20260925-12439,MCH-104,DEV-104-POS,2026-09-25 15:42:25,2026-09-25 15:42:45,2026-09-25 15:42:58,2026-09-25 16:04:02,2,1080
KDS-ORD-20260925-12440,ORD-20260925-12440,MCH-101,DEV-101-POS,2026-09-25 09:50:48,2026-09-25 09:51:08,2026-09-25 09:51:04,2026-09-25 10:06:48,6,720
KDS-ORD-20260925-12441,ORD-20260925-12441,MCH-104,DEV-104-POS,2026-09-25 15:41:59,2026-09-25 15:42:19,2026-09-25 15:42:39,2026-09-25 16:02:43,5,1080
KDS-ORD-20260925-12442,ORD-20260925-12442,MCH-102,DEV-102-POS,2026-09-25 15:59:56,2026-09-25 16:00:16,2026-09-25 16:00:20,2026-09-25 16:13:38,3,720
KDS-ORD-20260925-12443,ORD-20260925-12443,MCH-111,DEV-111-POS,2026-09-25 19:24:55,2026-09-25 19:25:15,2026-09-25 19:25:53,2026-09-25 20:01:46,7,1080
KDS-ORD-20260925-12444,ORD-20260925-12444,MCH-112,DEV-112-POS,2026-09-25 20:24:34,2026-09-25 20:24:54,2026-09-25 20:25:13,2026-09-25 20:57:56,10,900
KDS-ORD-20260925-12445,ORD-20260925-12445,MCH-111,DEV-111-POS,2026-09-25 13:57:31,2026-09-25 13:57:51,2026-09-25 13:58:11,2026-09-25 14:31:01,10,1080
KDS-ORD-20260925-12446,ORD-20260925-12446,MCH-104,DEV-104-POS,2026-09-25 12:55:48,2026-09-25 12:56:08,2026-09-25 12:56:34,2026-09-25 13:31:39,7,1080
KDS-ORD-20260925-12447,ORD-20260925-12447,MCH-107,DEV-107-POS,2026-09-25 11:14:34,2026-09-25 11:14:54,2026-09-25 11:14:58,2026-09-25 11:33:31,4,900
KDS-ORD-20260925-12448,ORD-20260925-12448,MCH-112,DEV-112-POS,2026-09-25 10:50:46,2026-09-25 10:51:06,2026-09-25 10:51:27,2026-09-25 11:11:21,5,900
KDS-ORD-20260925-12449,ORD-20260925-12449,MCH-105,DEV-105-POS,2026-09-25 06:15:03,2026-09-25 06:15:23,2026-09-25 06:15:45,2026-09-25 06:32:36,3,900
KDS-ORD-20260925-12450,ORD-20260925-12450,MCH-103,DEV-103-POS,2026-09-25 12:26:57,2026-09-25 12:27:17,2026-09-25 12:27:22,2026-09-25 12:48:05,6,720
KDS-ORD-20260925-12451,ORD-20260925-12451,MCH-104,DEV-104-POS,2026-09-25 11:03:45,2026-09-25 11:04:05,2026-09-25 11:04:20,2026-09-25 11:25:47,4,1080
KDS-ORD-20260925-12452,ORD-20260925-12452,MCH-106,DEV-106-POS,2026-09-25 22:43:15,2026-09-25 22:43:35,2026-09-25 22:43:47,2026-09-25 22:56:33,3,720
KDS-ORD-20260925-12453,ORD-20260925-12453,MCH-108,DEV-108-POS,2026-09-25 16:31:59,2026-09-25 16:32:19,2026-09-25 16:32:25,2026-09-25 16:52:41,3,900
KDS-ORD-20260925-12454,ORD-20260925-12454,MCH-115,DEV-115-POS,2026-09-25 12:53:14,2026-09-25 12:53:34,2026-09-25 12:54:02,2026-09-25 13:41:01,15,1080
KDS-ORD-20260925-12455,ORD-20260925-12455,MCH-111,DEV-111-POS,2026-09-25 16:42:08,2026-09-25 16:42:28,2026-09-25 16:43:00,2026-09-25 17:00:42,2,1080
KDS-ORD-20260925-12456,ORD-20260925-12456,MCH-106,DEV-106-POS,2026-09-25 10:00:02,2026-09-25 10:00:22,2026-09-25 10:00:57,2026-09-25 10:17:07,6,720
KDS-ORD-20260925-12457,ORD-20260925-12457,MCH-108,DEV-108-POS,2026-09-25 13:48:25,2026-09-25 13:48:45,2026-09-25 13:49:12,2026-09-25 14:15:34,7,900
KDS-ORD-20260925-12458,ORD-20260925-12458,MCH-111,DEV-111-POS,2026-09-25 18:05:12,2026-09-25 18:05:32,2026-09-25 18:05:29,2026-09-25 18:25:42,3,1080
KDS-ORD-20260925-12459,ORD-20260925-12459,MCH-110,DEV-110-POS,2026-09-25 14:58:44,2026-09-25 14:59:04,2026-09-25 14:59:30,,6,720
KDS-ORD-20260925-12460,ORD-20260925-12460,MCH-114,DEV-114-POS,2026-09-25 13:31:46,2026-09-25 13:32:06,2026-09-25 13:32:24,2026-09-25 13:53:08,6,720
KDS-ORD-20260925-12461,ORD-20260925-12461,MCH-103,DEV-103-POS,2026-09-25 23:34:56,2026-09-25 23:35:16,2026-09-25 23:35:15,2026-09-25 23:52:26,5,720
KDS-ORD-20260925-12462,ORD-20260925-12462,MCH-111,DEV-111-POS,2026-09-25 21:35:21,2026-09-25 21:35:41,2026-09-25 21:36:19,2026-09-25 22:15:01,12,1080
KDS-ORD-20260925-12463,ORD-20260925-12463,MCH-107,DEV-107-POS,2026-09-25 18:36:08,2026-09-25 18:36:28,2026-09-25 18:36:58,2026-09-25 18:53:23,4,900
KDS-ORD-20260925-12464,ORD-20260925-12464,MCH-115,DEV-115-POS,2026-09-25 16:37:05,2026-09-25 16:37:25,2026-09-25 16:37:49,2026-09-25 16:56:54,3,1080
KDS-ORD-20260925-12465,ORD-20260925-12465,MCH-115,DEV-115-POS,2026-09-25 17:42:20,2026-09-25 17:42:40,2026-09-25 17:42:41,2026-09-25 18:05:34,6,1080
KDS-ORD-20260925-12466,ORD-20260925-12466,MCH-107,DEV-107-POS,2026-09-25 10:39:12,2026-09-25 10:39:32,2026-09-25 10:39:42,2026-09-25 10:55:30,3,900
KDS-ORD-20260925-12467,ORD-20260925-12467,MCH-107,DEV-107-POS,2026-09-25 12:44:10,2026-09-25 12:44:30,2026-09-25 12:44:25,2026-09-25 13:16:58,10,900
KDS-ORD-20260925-12468,ORD-20260925-12468,MCH-107,DEV-107-POS,2026-09-25 05:47:04,2026-09-25 05:47:24,2026-09-25 05:47:39,2026-09-25 06:05:30,5,900
KDS-ORD-20260925-12469,ORD-20260925-12469,MCH-104,DEV-104-POS,2026-09-25 13:53:13,2026-09-25 13:53:33,2026-09-25 13:54:13,2026-09-25 14:28:17,8,1080
KDS-ORD-20260925-12470,ORD-20260925-12470,MCH-105,DEV-105-POS,2026-09-25 15:37:28,2026-09-25 15:37:48,2026-09-25 15:37:49,2026-09-25 15:52:36,2,900
KDS-ORD-20260925-12471,ORD-20260925-12471,MCH-103,DEV-103-POS,2026-09-25 10:13:15,2026-09-25 10:13:35,2026-09-25 10:14:01,2026-09-25 10:29:51,3,720
KDS-ORD-20260925-12472,ORD-20260925-12472,MCH-111,DEV-111-POS,2026-09-25 22:24:46,2026-09-25 22:25:06,2026-09-25 22:25:46,2026-09-25 22:46:13,3,1080
KDS-ORD-20260925-12473,ORD-20260925-12473,MCH-109,DEV-109-POS,2026-09-25 21:08:34,2026-09-25 21:08:54,2026-09-25 21:09:28,2026-09-25 21:48:40,13,900
KDS-ORD-20260925-12474,ORD-20260925-12474,MCH-107,DEV-107-POS,2026-09-25 19:51:37,2026-09-25 19:51:57,2026-09-25 19:51:53,,15,900
KDS-ORD-20260925-12475,ORD-20260925-12475,MCH-104,DEV-104-POS,2026-09-25 15:46:43,2026-09-25 15:47:03,2026-09-25 15:47:06,2026-09-25 16:03:31,2,1080
KDS-ORD-20260925-12476,ORD-20260925-12476,MCH-103,DEV-103-POS,2026-09-25 20:25:52,2026-09-25 20:26:12,2026-09-25 20:26:19,2026-09-25 20:51:50,9,720
KDS-ORD-20260925-12477,ORD-20260925-12477,MCH-112,DEV-112-POS,2026-09-25 08:37:53,2026-09-25 08:38:13,2026-09-25 08:38:37,2026-09-25 08:58:12,3,900
KDS-ORD-20260925-12478,ORD-20260925-12478,MCH-115,DEV-115-POS,2026-09-25 20:58:45,2026-09-25 20:59:05,2026-09-25 20:59:13,2026-09-25 21:36:39,9,1080
KDS-ORD-20260925-12479,ORD-20260925-12479,MCH-110,DEV-110-POS,2026-09-25 08:12:46,2026-09-25 08:13:06,2026-09-25 08:13:09,2026-09-25 08:25:00,3,720
KDS-ORD-20260925-12480,ORD-20260925-12480,MCH-102,DEV-102-POS,2026-09-25 20:20:37,2026-09-25 20:20:57,2026-09-25 20:21:13,2026-09-25 20:48:33,7,720
KDS-ORD-20260925-12481,ORD-20260925-12481,MCH-105,DEV-105-POS,2026-09-25 11:54:37,2026-09-25 11:54:57,2026-09-25 11:55:23,2026-09-25 12:17:06,6,900
KDS-ORD-20260925-12482,ORD-20260925-12482,MCH-111,DEV-111-POS,2026-09-25 21:26:44,2026-09-25 21:27:04,2026-09-25 21:27:17,2026-09-25 22:08:30,11,1080
KDS-ORD-20260925-12483,ORD-20260925-12483,MCH-101,DEV-101-POS,2026-09-25 21:23:29,2026-09-25 21:23:49,2026-09-25 21:23:49,2026-09-25 21:49:39,8,720
KDS-ORD-20260925-12484,ORD-20260925-12484,MCH-111,DEV-111-POS,2026-09-25 09:00:10,2026-09-25 09:00:30,2026-09-25 09:00:31,2026-09-25 09:22:00,6,1080
KDS-ORD-20260925-12485,ORD-20260925-12485,MCH-115,DEV-115-POS,2026-09-25 13:34:56,2026-09-25 13:35:16,2026-09-25 13:35:35,2026-09-25 14:14:18,15,1080
KDS-ORD-20260925-12486,ORD-20260925-12486,MCH-115,DEV-115-POS,2026-09-25 22:13:47,2026-09-25 22:14:07,2026-09-25 22:14:16,2026-09-25 22:37:01,5,1080
KDS-ORD-20260925-12487,ORD-20260925-12487,MCH-105,DEV-105-POS,2026-09-25 14:48:06,2026-09-25 14:48:26,2026-09-25 14:48:51,2026-09-25 15:31:30,15,900
KDS-ORD-20260925-12488,ORD-20260925-12488,MCH-107,DEV-107-POS,2026-09-25 20:26:57,2026-09-25 20:27:17,2026-09-25 20:27:24,2026-09-25 21:01:59,16,900
KDS-ORD-20260925-12489,ORD-20260925-12489,MCH-110,DEV-110-POS,2026-09-25 17:31:24,2026-09-25 17:31:44,2026-09-25 17:32:05,2026-09-25 17:47:29,6,720
KDS-ORD-20260925-12490,ORD-20260925-12490,MCH-104,DEV-104-POS,2026-09-25 12:47:32,2026-09-25 12:47:52,2026-09-25 12:48:04,2026-09-25 13:23:22,11,1080
KDS-ORD-20260925-12491,ORD-20260925-12491,MCH-113,DEV-113-POS,2026-09-25 11:32:25,2026-09-25 11:32:45,2026-09-25 11:32:59,2026-09-25 11:48:01,6,720
KDS-ORD-20260925-12492,ORD-20260925-12492,MCH-103,DEV-103-POS,2026-09-25 10:17:15,2026-09-25 10:17:35,2026-09-25 10:17:34,2026-09-25 10:35:59,6,720
KDS-ORD-20260925-12493,ORD-20260925-12493,MCH-102,DEV-102-POS,2026-09-25 19:33:45,2026-09-25 19:34:05,2026-09-25 19:34:08,2026-09-25 20:02:32,12,720
KDS-ORD-20260925-12494,ORD-20260925-12494,MCH-109,DEV-109-POS,2026-09-25 12:28:25,2026-09-25 12:28:45,2026-09-25 12:29:03,2026-09-25 12:56:33,13,900
KDS-ORD-20260925-12495,ORD-20260925-12495,MCH-103,DEV-103-POS,2026-09-25 14:45:55,2026-09-25 14:46:15,2026-09-25 14:46:55,2026-09-25 15:12:51,10,720
KDS-ORD-20260925-12496,ORD-20260925-12496,MCH-107,DEV-107-POS,2026-09-25 14:08:39,2026-09-25 14:08:59,2026-09-25 14:09:03,2026-09-25 14:49:39,16,900
KDS-ORD-20260925-12497,ORD-20260925-12497,MCH-101,DEV-101-POS,2026-09-25 16:12:52,2026-09-25 16:13:12,2026-09-25 16:13:29,2026-09-25 16:27:25,3,720
KDS-ORD-20260925-12498,ORD-20260925-12498,MCH-108,DEV-108-POS,2026-09-25 20:06:48,2026-09-25 20:07:08,2026-09-25 20:07:07,2026-09-25 20:39:28,9,900
KDS-ORD-20260925-12499,ORD-20260925-12499,MCH-102,DEV-102-POS,2026-09-25 22:14:21,2026-09-25 22:14:41,2026-09-25 22:14:53,2026-09-25 22:35:30,6,720
KDS-ORD-20260925-12500,ORD-20260925-12500,MCH-112,DEV-112-POS,2026-09-25 13:51:34,2026-09-25 13:51:54,2026-09-25 13:52:13,,15,900
KDS-ORD-20260925-12501,ORD-20260925-12501,MCH-114,DEV-114-POS,2026-09-25 20:04:50,2026-09-25 20:05:10,2026-09-25 20:05:36,2026-09-25 20:40:41,13,720
KDS-ORD-20260925-12502,ORD-20260925-12502,MCH-104,DEV-104-POS,2026-09-25 19:37:40,2026-09-25 19:38:00,2026-09-25 19:38:06,2026-09-25 20:21:56,13,1080
KDS-ORD-20260925-12503,ORD-20260925-12503,MCH-107,DEV-107-POS,2026-09-25 16:32:11,2026-09-25 16:32:31,2026-09-25 16:33:06,2026-09-25 16:51:06,4,900
KDS-ORD-20260925-12504,ORD-20260925-12504,MCH-106,DEV-106-POS,2026-09-25 22:03:28,2026-09-25 22:03:48,2026-09-25 22:04:02,2026-09-25 22:18:44,2,720
KDS-ORD-20260925-12505,ORD-20260925-12505,MCH-111,DEV-111-POS,2026-09-25 10:51:42,2026-09-25 10:52:02,2026-09-25 10:52:07,2026-09-25 11:12:04,2,1080
KDS-ORD-20260925-12506,ORD-20260925-12506,MCH-103,DEV-103-POS,2026-09-25 08:35:37,2026-09-25 08:35:57,2026-09-25 08:36:13,2026-09-25 08:48:08,3,720
KDS-ORD-20260925-12507,ORD-20260925-12507,MCH-101,DEV-101-POS,2026-09-25 20:42:11,2026-09-25 20:42:31,2026-09-25 20:42:55,2026-09-25 21:05:30,10,720
KDS-ORD-20260925-12508,ORD-20260925-12508,MCH-113,DEV-113-POS,2026-09-25 13:00:56,2026-09-25 13:01:16,2026-09-25 13:01:14,2026-09-25 13:26:59,11,720
KDS-ORD-20260925-12509,ORD-20260925-12509,MCH-104,DEV-104-POS,2026-09-25 20:15:23,2026-09-25 20:15:43,2026-09-25 20:15:54,2026-09-25 20:49:16,9,1080
KDS-ORD-20260925-12510,ORD-20260925-12510,MCH-102,DEV-102-POS,2026-09-25 21:00:51,2026-09-25 21:01:11,2026-09-25 21:01:40,2026-09-25 21:29:13,7,720
KDS-ORD-20260925-12511,ORD-20260925-12511,MCH-111,DEV-111-POS,2026-09-25 06:15:46,2026-09-25 06:16:06,2026-09-25 06:16:15,2026-09-25 06:39:53,6,1080
KDS-ORD-20260925-12512,ORD-20260925-12512,MCH-111,DEV-111-POS,2026-09-25 21:45:26,2026-09-25 21:45:46,2026-09-25 21:45:46,2026-09-25 22:22:33,8,1080
KDS-ORD-20260925-12513,ORD-20260925-12513,MCH-104,DEV-104-POS,2026-09-25 13:34:39,2026-09-25 13:34:59,2026-09-25 13:35:16,2026-09-25 14:11:57,9,1080
KDS-ORD-20260925-12514,ORD-20260925-12514,MCH-114,DEV-114-POS,2026-09-25 14:33:05,2026-09-25 14:33:25,2026-09-25 14:33:49,2026-09-25 15:02:13,8,720
KDS-ORD-20260925-12515,ORD-20260925-12515,MCH-111,DEV-111-POS,2026-09-25 18:49:43,2026-09-25 18:50:03,2026-09-25 18:50:20,2026-09-25 19:11:26,3,1080
KDS-ORD-20260925-12516,ORD-20260925-12516,MCH-110,DEV-110-POS,2026-09-25 21:33:23,2026-09-25 21:33:43,2026-09-25 21:33:53,2026-09-25 22:06:12,11,720
KDS-ORD-20260925-12517,ORD-20260925-12517,MCH-114,DEV-114-POS,2026-09-25 04:29:51,2026-09-25 04:30:11,2026-09-25 04:30:07,2026-09-25 04:48:37,5,720
KDS-ORD-20260925-12518,ORD-20260925-12518,MCH-103,DEV-103-POS,2026-09-25 13:04:18,2026-09-25 13:04:38,2026-09-25 13:04:45,2026-09-25 13:36:00,10,720
KDS-ORD-20260925-12519,ORD-20260925-12519,MCH-111,DEV-111-POS,2026-09-25 19:16:50,2026-09-25 19:17:10,2026-09-25 19:17:26,2026-09-25 19:52:01,7,1080
KDS-ORD-20260925-12520,ORD-20260925-12520,MCH-111,DEV-111-POS,2026-09-25 19:25:01,2026-09-25 19:25:21,2026-09-25 19:25:26,2026-09-25 20:00:02,8,1080
KDS-ORD-20260925-12521,ORD-20260925-12521,MCH-102,DEV-102-POS,2026-09-25 19:01:50,2026-09-25 19:02:10,2026-09-25 19:02:39,2026-09-25 19:28:10,9,720
KDS-ORD-20260925-12522,ORD-20260925-12522,MCH-111,DEV-111-POS,2026-09-25 09:23:39,2026-09-25 09:23:59,2026-09-25 09:24:01,2026-09-25 09:42:36,3,1080
KDS-ORD-20260925-12523,ORD-20260925-12523,MCH-106,DEV-106-POS,2026-09-25 12:20:31,2026-09-25 12:20:51,2026-09-25 12:21:01,2026-09-25 12:43:43,6,720
KDS-ORD-20260925-12524,ORD-20260925-12524,MCH-111,DEV-111-POS,2026-09-25 12:46:43,2026-09-25 12:47:03,2026-09-25 12:47:39,2026-09-25 13:29:13,14,1080
KDS-ORD-20260925-12525,ORD-20260925-12525,MCH-104,DEV-104-POS,2026-09-25 20:04:11,2026-09-25 20:04:31,2026-09-25 20:04:58,2026-09-25 20:47:53,14,1080
KDS-ORD-20260925-12526,ORD-20260925-12526,MCH-104,DEV-104-POS,2026-09-25 11:18:39,2026-09-25 11:18:59,2026-09-25 11:19:22,2026-09-25 11:36:39,2,1080
KDS-ORD-20260925-12527,ORD-20260925-12527,MCH-106,DEV-106-POS,2026-09-25 10:20:59,2026-09-25 10:21:19,2026-09-25 10:21:57,2026-09-25 10:39:49,6,720
KDS-ORD-20260925-12528,ORD-20260925-12528,MCH-113,DEV-113-POS,2026-09-25 22:59:55,2026-09-25 23:00:15,2026-09-25 23:00:21,2026-09-25 23:19:11,5,720
KDS-ORD-20260925-12529,ORD-20260925-12529,MCH-108,DEV-108-POS,2026-09-25 01:59:42,2026-09-25 02:00:02,2026-09-25 02:00:35,2026-09-25 02:16:32,3,900
KDS-ORD-20260925-12530,ORD-20260925-12530,MCH-101,DEV-101-POS,2026-09-25 23:56:29,2026-09-25 23:56:49,2026-09-25 23:57:02,2026-09-26 00:11:26,4,720
KDS-ORD-20260925-12531,ORD-20260925-12531,MCH-102,DEV-102-POS,2026-09-25 19:42:18,2026-09-25 19:42:38,2026-09-25 19:42:47,2026-09-25 20:16:24,13,720
KDS-ORD-20260925-12532,ORD-20260925-12532,MCH-109,DEV-109-POS,2026-09-25 20:20:19,2026-09-25 20:20:39,2026-09-25 20:21:03,2026-09-25 20:48:16,12,900
KDS-ORD-20260925-12533,ORD-20260925-12533,MCH-112,DEV-112-POS,2026-09-25 11:32:46,2026-09-25 11:33:06,2026-09-25 11:33:10,2026-09-25 11:52:51,4,900
KDS-ORD-20260925-12534,ORD-20260925-12534,MCH-106,DEV-106-POS,2026-09-25 02:15:49,2026-09-25 02:16:09,2026-09-25 02:16:26,2026-09-25 02:32:32,6,720
KDS-ORD-20260925-12535,ORD-20260925-12535,MCH-103,DEV-103-POS,2026-09-25 19:55:42,2026-09-25 19:56:02,2026-09-25 19:56:35,2026-09-25 20:28:02,10,720
KDS-ORD-20260925-12536,ORD-20260925-12536,MCH-101,DEV-101-POS,2026-09-25 20:53:00,2026-09-25 20:53:20,2026-09-25 20:53:29,2026-09-25 21:17:49,7,720
KDS-ORD-20260925-12537,ORD-20260925-12537,MCH-101,DEV-101-POS,2026-09-25 19:19:19,2026-09-25 19:19:39,2026-09-25 19:19:39,2026-09-25 19:42:52,6,720
KDS-ORD-20260925-12538,ORD-20260925-12538,MCH-106,DEV-106-POS,2026-09-25 09:19:35,2026-09-25 09:19:55,2026-09-25 09:20:35,2026-09-25 09:34:28,4,720
KDS-ORD-20260925-12539,ORD-20260925-12539,MCH-102,DEV-102-POS,2026-09-25 19:22:53,2026-09-25 19:23:13,2026-09-25 19:23:10,2026-09-25 19:49:14,7,720
KDS-ORD-20260925-12540,ORD-20260925-12540,MCH-108,DEV-108-POS,2026-09-25 20:57:44,2026-09-25 20:58:04,2026-09-25 20:58:22,2026-09-25 21:26:33,7,900
KDS-ORD-20260925-12541,ORD-20260925-12541,MCH-112,DEV-112-POS,2026-09-25 18:42:24,2026-09-25 18:42:44,2026-09-25 18:42:59,2026-09-25 19:03:18,4,900
KDS-ORD-20260925-12542,ORD-20260925-12542,MCH-109,DEV-109-POS,2026-09-25 20:42:23,2026-09-25 20:42:43,2026-09-25 20:43:07,2026-09-25 21:12:06,8,900
KDS-ORD-20260925-12543,ORD-20260925-12543,MCH-106,DEV-106-POS,2026-09-25 20:11:58,2026-09-25 20:12:18,2026-09-25 20:12:34,2026-09-25 20:49:29,13,720
KDS-ORD-20260925-12544,ORD-20260925-12544,MCH-113,DEV-113-POS,2026-09-25 17:24:18,2026-09-25 17:24:38,2026-09-25 17:24:37,2026-09-25 17:37:44,2,720
KDS-ORD-20260925-12545,ORD-20260925-12545,MCH-114,DEV-114-POS,2026-09-25 07:02:25,2026-09-25 07:02:45,2026-09-25 07:02:46,2026-09-25 07:20:30,6,720
KDS-ORD-20260925-12546,ORD-20260925-12546,MCH-114,DEV-114-POS,2026-09-25 14:18:37,2026-09-25 14:18:57,2026-09-25 14:19:06,2026-09-25 14:49:27,10,720
KDS-ORD-20260925-12547,ORD-20260925-12547,MCH-104,DEV-104-POS,2026-09-25 07:08:31,2026-09-25 07:08:51,2026-09-25 07:08:58,2026-09-25 07:30:45,6,1080
KDS-ORD-20260925-12548,ORD-20260925-12548,MCH-102,DEV-102-POS,2026-09-25 13:40:08,2026-09-25 13:40:28,2026-09-25 13:40:56,2026-09-25 14:12:08,16,720
KDS-ORD-20260925-12549,ORD-20260925-12549,MCH-104,DEV-104-POS,2026-09-25 13:49:27,2026-09-25 13:49:47,2026-09-25 13:50:19,2026-09-25 14:25:16,12,1080
KDS-ORD-20260925-12550,ORD-20260925-12550,MCH-111,DEV-111-POS,2026-09-25 07:18:42,2026-09-25 07:19:02,2026-09-25 07:19:14,2026-09-25 07:40:35,3,1080
KDS-ORD-20260925-12551,ORD-20260925-12551,MCH-113,DEV-113-POS,2026-09-25 12:11:29,2026-09-25 12:11:49,2026-09-25 12:11:56,2026-09-25 12:39:32,15,720
KDS-ORD-20260925-12552,ORD-20260925-12552,MCH-106,DEV-106-POS,2026-09-25 08:37:35,2026-09-25 08:37:55,2026-09-25 08:38:14,2026-09-25 08:56:54,6,720
KDS-ORD-20260925-12553,ORD-20260925-12553,MCH-115,DEV-115-POS,2026-09-25 20:39:53,2026-09-25 20:40:13,2026-09-25 20:40:17,2026-09-25 21:20:33,11,1080
KDS-ORD-20260925-12554,ORD-20260925-12554,MCH-104,DEV-104-POS,2026-09-25 22:34:04,2026-09-25 22:34:24,2026-09-25 22:34:58,2026-09-25 22:52:44,2,1080
KDS-ORD-20260925-12555,ORD-20260925-12555,MCH-105,DEV-105-POS,2026-09-25 07:38:33,2026-09-25 07:38:53,2026-09-25 07:39:10,2026-09-25 07:56:52,4,900
KDS-ORD-20260925-12556,ORD-20260925-12556,MCH-114,DEV-114-POS,2026-09-25 22:34:04,2026-09-25 22:34:24,2026-09-25 22:34:40,2026-09-25 22:47:56,3,720
KDS-ORD-20260925-12557,ORD-20260925-12557,MCH-113,DEV-113-POS,2026-09-25 14:39:01,2026-09-25 14:39:21,2026-09-25 14:39:18,2026-09-25 15:11:52,14,720
KDS-ORD-20260925-12558,ORD-20260925-12558,MCH-101,DEV-101-POS,2026-09-25 12:10:04,2026-09-25 12:10:24,2026-09-25 12:10:56,2026-09-25 12:42:30,15,720
KDS-ORD-20260925-12559,ORD-20260925-12559,MCH-104,DEV-104-POS,2026-09-25 07:39:34,2026-09-25 07:39:54,2026-09-25 07:40:12,2026-09-25 08:00:22,3,1080
KDS-ORD-20260925-12560,ORD-20260925-12560,MCH-113,DEV-113-POS,2026-09-25 14:47:29,2026-09-25 14:47:49,2026-09-25 14:48:25,2026-09-25 15:13:57,9,720
KDS-ORD-20260925-12561,ORD-20260925-12561,MCH-106,DEV-106-POS,2026-09-25 20:31:23,2026-09-25 20:31:43,2026-09-25 20:31:50,2026-09-25 20:55:16,8,720
KDS-ORD-20260925-12562,ORD-20260925-12562,MCH-110,DEV-110-POS,2026-09-25 19:19:22,2026-09-25 19:19:42,2026-09-25 19:20:03,2026-09-25 19:42:16,6,720
KDS-ORD-20260925-12563,ORD-20260925-12563,MCH-104,DEV-104-POS,2026-09-25 06:31:42,2026-09-25 06:32:02,2026-09-25 06:32:30,2026-09-25 06:55:18,5,1080
KDS-ORD-20260925-12564,ORD-20260925-12564,MCH-111,DEV-111-POS,2026-09-25 07:22:25,2026-09-25 07:22:45,2026-09-25 07:23:25,2026-09-25 07:47:04,5,1080
KDS-ORD-20260925-12565,ORD-20260925-12565,MCH-115,DEV-115-POS,2026-09-25 13:12:24,2026-09-25 13:12:44,2026-09-25 13:12:59,2026-09-25 13:57:34,14,1080
KDS-ORD-20260925-12566,ORD-20260925-12566,MCH-104,DEV-104-POS,2026-09-25 11:46:44,2026-09-25 11:47:04,2026-09-25 11:47:26,2026-09-25 12:07:10,2,1080
KDS-ORD-20260925-12567,ORD-20260925-12567,MCH-102,DEV-102-POS,2026-09-25 11:26:02,2026-09-25 11:26:22,2026-09-25 11:26:46,2026-09-25 11:43:02,5,720
KDS-ORD-20260925-12568,ORD-20260925-12568,MCH-105,DEV-105-POS,2026-09-25 11:03:03,2026-09-25 11:03:23,2026-09-25 11:04:02,2026-09-25 11:20:28,2,900
KDS-ORD-20260925-12569,ORD-20260925-12569,MCH-113,DEV-113-POS,2026-09-25 20:29:03,2026-09-25 20:29:23,2026-09-25 20:29:50,2026-09-25 21:05:04,14,720
KDS-ORD-20260925-12570,ORD-20260925-12570,MCH-103,DEV-103-POS,2026-09-25 21:49:33,2026-09-25 21:49:53,2026-09-25 21:50:13,,11,720
KDS-ORD-20260925-12571,ORD-20260925-12571,MCH-103,DEV-103-POS,2026-09-25 13:29:00,2026-09-25 13:29:20,2026-09-25 13:29:25,2026-09-25 13:55:40,8,720
KDS-ORD-20260925-12572,ORD-20260925-12572,MCH-110,DEV-110-POS,2026-09-25 21:08:47,2026-09-25 21:09:07,2026-09-25 21:09:12,2026-09-25 21:37:00,9,720
KDS-ORD-20260925-12573,ORD-20260925-12573,MCH-112,DEV-112-POS,2026-09-25 12:38:45,2026-09-25 12:39:05,2026-09-25 12:39:39,2026-09-25 13:14:14,8,900
KDS-ORD-20260925-12574,ORD-20260925-12574,MCH-104,DEV-104-POS,2026-09-25 13:42:11,2026-09-25 13:42:31,2026-09-25 13:42:35,2026-09-25 14:18:39,12,1080
KDS-ORD-20260925-12575,ORD-20260925-12575,MCH-101,DEV-101-POS,2026-09-25 10:06:49,2026-09-25 10:07:09,2026-09-25 10:07:34,2026-09-25 10:23:18,2,720
KDS-ORD-20260925-12576,ORD-20260925-12576,MCH-107,DEV-107-POS,2026-09-25 18:25:48,2026-09-25 18:26:08,2026-09-25 18:26:37,2026-09-25 18:45:51,4,900
KDS-ORD-20260925-12577,ORD-20260925-12577,MCH-101,DEV-101-POS,2026-09-25 22:08:00,2026-09-25 22:08:20,2026-09-25 22:08:29,2026-09-25 22:26:01,6,720
KDS-ORD-20260925-12578,ORD-20260925-12578,MCH-112,DEV-112-POS,2026-09-25 17:34:23,2026-09-25 17:34:43,2026-09-25 17:34:38,2026-09-25 17:51:47,2,900
KDS-ORD-20260925-12579,ORD-20260925-12579,MCH-111,DEV-111-POS,2026-09-25 12:46:40,2026-09-25 12:47:00,2026-09-25 12:47:26,2026-09-25 13:22:51,16,1080
KDS-ORD-20260925-12580,ORD-20260925-12580,MCH-113,DEV-113-POS,2026-09-25 18:45:10,2026-09-25 18:45:30,2026-09-25 18:46:03,2026-09-25 19:02:17,2,720
KDS-ORD-20260925-12581,ORD-20260925-12581,MCH-111,DEV-111-POS,2026-09-25 08:08:20,2026-09-25 08:08:40,2026-09-25 08:08:38,2026-09-25 08:32:19,4,1080
KDS-ORD-20260925-12582,ORD-20260925-12582,MCH-101,DEV-101-POS,2026-09-25 21:46:57,2026-09-25 21:47:17,2026-09-25 21:47:43,2026-09-25 22:09:52,11,720
KDS-ORD-20260925-12583,ORD-20260925-12583,MCH-113,DEV-113-POS,2026-09-25 14:12:05,2026-09-25 14:12:25,2026-09-25 14:13:00,,7,720
KDS-ORD-20260925-12584,ORD-20260925-12584,MCH-102,DEV-102-POS,2026-09-25 13:54:19,2026-09-25 13:54:39,2026-09-25 13:55:10,2026-09-25 14:23:06,7,720
KDS-ORD-20260925-12585,ORD-20260925-12585,MCH-106,DEV-106-POS,2026-09-25 17:56:09,2026-09-25 17:56:29,2026-09-25 17:56:42,2026-09-25 18:12:02,4,720
KDS-ORD-20260925-12586,ORD-20260925-12586,MCH-106,DEV-106-POS,2026-09-25 18:30:03,2026-09-25 18:30:23,2026-09-25 18:30:31,2026-09-25 18:46:41,5,720
KDS-ORD-20260925-12587,ORD-20260925-12587,MCH-102,DEV-102-POS,2026-09-25 07:10:00,2026-09-25 07:10:20,2026-09-25 07:10:42,2026-09-25 07:22:23,3,720
KDS-ORD-20260925-12588,ORD-20260925-12588,MCH-113,DEV-113-POS,2026-09-25 19:02:47,2026-09-25 19:03:07,2026-09-25 19:03:42,2026-09-25 19:27:22,7,720
KDS-ORD-20260925-12589,ORD-20260925-12589,MCH-103,DEV-103-POS,2026-09-25 11:35:20,2026-09-25 11:35:40,2026-09-25 11:35:44,2026-09-25 11:51:47,4,720
KDS-ORD-20260925-12590,ORD-20260925-12590,MCH-106,DEV-106-POS,2026-09-25 19:48:55,2026-09-25 19:49:15,2026-09-25 19:49:23,2026-09-25 20:16:51,13,720
KDS-ORD-20260925-12591,ORD-20260925-12591,MCH-111,DEV-111-POS,2026-09-25 20:58:54,2026-09-25 20:59:14,2026-09-25 20:59:54,2026-09-25 21:34:09,7,1080
KDS-ORD-20260925-12592,ORD-20260925-12592,MCH-105,DEV-105-POS,2026-09-25 21:02:01,2026-09-25 21:02:21,2026-09-25 21:02:19,2026-09-25 21:39:41,11,900
KDS-ORD-20260925-12593,ORD-20260925-12593,MCH-113,DEV-113-POS,2026-09-25 15:58:40,2026-09-25 15:59:00,2026-09-25 15:59:01,2026-09-25 16:14:12,3,720
KDS-ORD-20260925-12594,ORD-20260925-12594,MCH-110,DEV-110-POS,2026-09-25 14:35:34,2026-09-25 14:35:54,2026-09-25 14:36:12,2026-09-25 14:58:49,6,720
KDS-ORD-20260925-12595,ORD-20260925-12595,MCH-101,DEV-101-POS,2026-09-25 09:39:55,2026-09-25 09:40:15,2026-09-25 09:40:39,2026-09-25 09:53:11,3,720
KDS-ORD-20260925-12596,ORD-20260925-12596,MCH-107,DEV-107-POS,2026-09-25 20:50:18,2026-09-25 20:50:38,2026-09-25 20:50:40,2026-09-25 21:21:14,12,900
KDS-ORD-20260925-12597,ORD-20260925-12597,MCH-112,DEV-112-POS,2026-09-25 11:37:27,2026-09-25 11:37:47,2026-09-25 11:38:23,2026-09-25 11:56:56,3,900
KDS-ORD-20260925-12598,ORD-20260925-12598,MCH-107,DEV-107-POS,2026-09-25 14:57:58,2026-09-25 14:58:18,2026-09-25 14:58:16,2026-09-25 15:21:10,6,900
KDS-ORD-20260925-12599,ORD-20260925-12599,MCH-104,DEV-104-POS,2026-09-25 11:38:22,2026-09-25 11:38:42,2026-09-25 11:39:09,2026-09-25 12:02:08,4,1080
KDS-ORD-20260925-12600,ORD-20260925-12600,MCH-114,DEV-114-POS,2026-09-25 09:24:53,2026-09-25 09:25:13,2026-09-25 09:25:15,2026-09-25 09:40:48,3,720
KDS-ORD-20260925-12601,ORD-20260925-12601,MCH-111,DEV-111-POS,2026-09-25 18:16:02,2026-09-25 18:16:22,2026-09-25 18:16:29,2026-09-25 18:41:46,4,1080
KDS-ORD-20260925-12602,ORD-20260925-12602,MCH-105,DEV-105-POS,2026-09-25 06:41:26,2026-09-25 06:41:46,2026-09-25 06:42:24,2026-09-25 07:01:26,4,900
KDS-ORD-20260925-12603,ORD-20260925-12603,MCH-114,DEV-114-POS,2026-09-25 19:08:55,2026-09-25 19:09:15,2026-09-25 19:09:28,2026-09-25 19:45:08,12,720
KDS-ORD-20260925-12604,ORD-20260925-12604,MCH-107,DEV-107-POS,2026-09-25 12:12:47,2026-09-25 12:13:07,2026-09-25 12:13:02,2026-09-25 12:57:39,16,900
KDS-ORD-20260925-12605,ORD-20260925-12605,MCH-113,DEV-113-POS,2026-09-25 00:27:44,2026-09-25 00:28:04,2026-09-25 00:28:16,2026-09-25 00:48:43,6,720
KDS-ORD-20260925-12606,ORD-20260925-12606,MCH-105,DEV-105-POS,2026-09-25 14:47:19,2026-09-25 14:47:39,2026-09-25 14:47:59,2026-09-25 15:17:00,8,900
KDS-ORD-20260925-12607,ORD-20260925-12607,MCH-114,DEV-114-POS,2026-09-25 06:42:49,2026-09-25 06:43:09,2026-09-25 06:43:07,2026-09-25 06:59:47,4,720
KDS-ORD-20260925-12608,ORD-20260925-12608,MCH-101,DEV-101-POS,2026-09-25 11:19:51,2026-09-25 11:20:11,2026-09-25 11:20:10,2026-09-25 11:34:18,3,720
KDS-ORD-20260925-12609,ORD-20260925-12609,MCH-113,DEV-113-POS,2026-09-25 19:53:23,2026-09-25 19:53:43,2026-09-25 19:53:55,2026-09-25 20:21:45,7,720
KDS-ORD-20260925-12610,ORD-20260925-12610,MCH-106,DEV-106-POS,2026-09-25 06:01:45,2026-09-25 06:02:05,2026-09-25 06:02:41,2026-09-25 06:18:19,5,720
KDS-ORD-20260925-12611,ORD-20260925-12611,MCH-101,DEV-101-POS,2026-09-25 20:57:17,2026-09-25 20:57:37,2026-09-25 20:57:57,2026-09-25 21:36:39,16,720
KDS-ORD-20260925-12612,ORD-20260925-12612,MCH-111,DEV-111-POS,2026-09-25 00:17:52,2026-09-25 00:18:12,2026-09-25 00:18:07,2026-09-25 00:39:14,3,1080
KDS-ORD-20260925-12613,ORD-20260925-12613,MCH-105,DEV-105-POS,2026-09-25 11:35:13,2026-09-25 11:35:33,2026-09-25 11:35:38,2026-09-25 11:52:16,4,900
KDS-ORD-20260925-12614,ORD-20260925-12614,MCH-115,DEV-115-POS,2026-09-25 19:38:37,2026-09-25 19:38:57,2026-09-25 19:39:22,2026-09-25 20:20:28,15,1080
KDS-ORD-20260925-12615,ORD-20260925-12615,MCH-104,DEV-104-POS,2026-09-25 12:37:09,2026-09-25 12:37:29,2026-09-25 12:37:32,2026-09-25 13:18:52,13,1080
KDS-ORD-20260925-12616,ORD-20260925-12616,MCH-102,DEV-102-POS,2026-09-25 08:56:50,2026-09-25 08:57:10,2026-09-25 08:57:13,2026-09-25 09:12:08,4,720
KDS-ORD-20260925-12617,ORD-20260925-12617,MCH-111,DEV-111-POS,2026-09-25 12:54:04,2026-09-25 12:54:24,2026-09-25 12:54:44,2026-09-25 13:31:30,12,1080
KDS-ORD-20260925-12618,ORD-20260925-12618,MCH-104,DEV-104-POS,2026-09-25 11:15:05,2026-09-25 11:15:25,2026-09-25 11:16:04,2026-09-25 11:34:39,2,1080
KDS-ORD-20260925-12619,ORD-20260925-12619,MCH-111,DEV-111-POS,2026-09-25 20:50:25,2026-09-25 20:50:45,2026-09-25 20:51:01,2026-09-25 21:30:14,12,1080
KDS-ORD-20260925-12620,ORD-20260925-12620,MCH-111,DEV-111-POS,2026-09-25 12:56:58,2026-09-25 12:57:18,2026-09-25 12:57:54,2026-09-25 13:31:12,7,1080
KDS-ORD-20260925-12621,ORD-20260925-12621,MCH-111,DEV-111-POS,2026-09-25 20:52:38,2026-09-25 20:52:58,2026-09-25 20:53:07,2026-09-25 21:28:20,12,1080
KDS-ORD-20260925-12622,ORD-20260925-12622,MCH-111,DEV-111-POS,2026-09-25 21:03:22,2026-09-25 21:03:42,2026-09-25 21:03:47,2026-09-25 21:37:24,6,1080
KDS-ORD-20260925-12623,ORD-20260925-12623,MCH-102,DEV-102-POS,2026-09-25 13:11:03,2026-09-25 13:11:23,2026-09-25 13:11:53,2026-09-25 13:40:19,12,720
KDS-ORD-20260925-12624,ORD-20260925-12624,MCH-109,DEV-109-POS,2026-09-25 21:05:21,2026-09-25 21:05:41,2026-09-25 21:05:38,,7,900
KDS-ORD-20260925-12625,ORD-20260925-12625,MCH-104,DEV-104-POS,2026-09-25 12:08:41,2026-09-25 12:09:01,2026-09-25 12:09:39,2026-09-25 12:41:26,12,1080
KDS-ORD-20260925-12626,ORD-20260925-12626,MCH-114,DEV-114-POS,2026-09-25 22:03:24,2026-09-25 22:03:44,2026-09-25 22:04:19,2026-09-25 22:16:23,3,720
KDS-ORD-20260925-12627,ORD-20260925-12627,MCH-114,DEV-114-POS,2026-09-25 07:27:10,2026-09-25 07:27:30,2026-09-25 07:27:53,2026-09-25 07:44:03,6,720
KDS-ORD-20260925-12628,ORD-20260925-12628,MCH-101,DEV-101-POS,2026-09-25 19:43:12,2026-09-25 19:43:32,2026-09-25 19:43:33,2026-09-25 20:09:34,12,720
KDS-ORD-20260925-12629,ORD-20260925-12629,MCH-111,DEV-111-POS,2026-09-25 14:47:25,2026-09-25 14:47:45,2026-09-25 14:48:14,2026-09-25 15:24:59,13,1080
KDS-ORD-20260925-12630,ORD-20260925-12630,MCH-109,DEV-109-POS,2026-09-25 12:09:18,2026-09-25 12:09:38,2026-09-25 12:09:40,2026-09-25 12:37:47,6,900
KDS-ORD-20260925-12631,ORD-20260925-12631,MCH-112,DEV-112-POS,2026-09-25 18:08:03,2026-09-25 18:08:23,2026-09-25 18:08:45,2026-09-25 18:32:54,6,900
KDS-ORD-20260925-12632,ORD-20260925-12632,MCH-106,DEV-106-POS,2026-09-25 19:58:16,2026-09-25 19:58:36,2026-09-25 19:58:51,2026-09-25 20:26:30,10,720
KDS-ORD-20260925-12633,ORD-20260925-12633,MCH-105,DEV-105-POS,2026-09-25 00:53:02,2026-09-25 00:53:22,2026-09-25 00:53:21,2026-09-25 01:09:33,4,900
KDS-ORD-20260925-12634,ORD-20260925-12634,MCH-114,DEV-114-POS,2026-09-25 09:21:56,2026-09-25 09:22:16,2026-09-25 09:22:47,2026-09-25 09:36:06,3,720
KDS-ORD-20260925-12635,ORD-20260925-12635,MCH-103,DEV-103-POS,2026-09-25 19:16:56,2026-09-25 19:17:16,2026-09-25 19:17:32,2026-09-25 19:44:58,10,720
KDS-ORD-20260925-12636,ORD-20260925-12636,MCH-108,DEV-108-POS,2026-09-25 19:00:02,2026-09-25 19:00:22,2026-09-25 19:00:57,2026-09-25 19:19:29,5,900
KDS-ORD-20260925-12637,ORD-20260925-12637,MCH-101,DEV-101-POS,2026-09-25 22:03:02,2026-09-25 22:03:22,2026-09-25 22:03:52,2026-09-25 22:22:03,6,720
KDS-ORD-20260925-12638,ORD-20260925-12638,MCH-112,DEV-112-POS,2026-09-25 19:08:13,2026-09-25 19:08:33,2026-09-25 19:09:12,2026-09-25 19:41:30,13,900
KDS-ORD-20260925-12639,ORD-20260925-12639,MCH-110,DEV-110-POS,2026-09-25 22:40:52,2026-09-25 22:41:12,2026-09-25 22:41:34,2026-09-25 22:56:35,2,720
KDS-ORD-20260925-12640,ORD-20260925-12640,MCH-107,DEV-107-POS,2026-09-25 19:04:27,2026-09-25 19:04:47,2026-09-25 19:05:14,2026-09-25 19:36:54,11,900
KDS-ORD-20260925-12641,ORD-20260925-12641,MCH-108,DEV-108-POS,2026-09-25 11:30:02,2026-09-25 11:30:22,2026-09-25 11:30:45,2026-09-25 11:49:39,5,900
KDS-ORD-20260925-12642,ORD-20260925-12642,MCH-111,DEV-111-POS,2026-09-25 08:01:53,2026-09-25 08:02:13,2026-09-25 08:02:33,2026-09-25 08:29:29,6,1080
KDS-ORD-20260925-12643,ORD-20260925-12643,MCH-103,DEV-103-POS,2026-09-25 20:14:58,2026-09-25 20:15:18,2026-09-25 20:15:36,2026-09-25 20:44:58,14,720
KDS-ORD-20260925-12644,ORD-20260925-12644,MCH-114,DEV-114-POS,2026-09-25 18:54:41,2026-09-25 18:55:01,2026-09-25 18:55:28,2026-09-25 19:11:56,6,720
KDS-ORD-20260925-12645,ORD-20260925-12645,MCH-103,DEV-103-POS,2026-09-25 06:16:06,2026-09-25 06:16:26,2026-09-25 06:17:02,2026-09-25 06:36:10,4,720
KDS-ORD-20260925-12646,ORD-20260925-12646,MCH-113,DEV-113-POS,2026-09-25 12:17:45,2026-09-25 12:18:05,2026-09-25 12:18:11,2026-09-25 12:46:33,10,720
KDS-ORD-20260925-12647,ORD-20260925-12647,MCH-113,DEV-113-POS,2026-09-25 22:07:54,2026-09-25 22:08:14,2026-09-25 22:08:32,2026-09-25 22:23:40,5,720
KDS-ORD-20260925-12648,ORD-20260925-12648,MCH-107,DEV-107-POS,2026-09-25 14:55:40,2026-09-25 14:56:00,2026-09-25 14:56:14,2026-09-25 15:25:27,9,900
KDS-ORD-20260925-12649,ORD-20260925-12649,MCH-109,DEV-109-POS,2026-09-25 13:26:22,2026-09-25 13:26:42,2026-09-25 13:26:57,2026-09-25 13:57:56,7,900
KDS-ORD-20260925-12650,ORD-20260925-12650,MCH-110,DEV-110-POS,2026-09-25 13:18:27,2026-09-25 13:18:47,2026-09-25 13:19:04,2026-09-25 13:54:48,14,720
KDS-ORD-20260925-12651,ORD-20260925-12651,MCH-105,DEV-105-POS,2026-09-25 10:42:36,2026-09-25 10:42:56,2026-09-25 10:43:16,2026-09-25 11:00:17,2,900
KDS-ORD-20260925-12652,ORD-20260925-12652,MCH-101,DEV-101-POS,2026-09-25 12:36:09,2026-09-25 12:36:29,2026-09-25 12:36:50,2026-09-25 13:02:44,10,720
KDS-ORD-20260925-12653,ORD-20260925-12653,MCH-104,DEV-104-POS,2026-09-25 12:30:10,2026-09-25 12:30:30,2026-09-25 12:30:56,2026-09-25 13:12:42,15,1080
KDS-ORD-20260925-12654,ORD-20260925-12654,MCH-112,DEV-112-POS,2026-09-25 06:51:17,2026-09-25 06:51:37,2026-09-25 06:51:57,2026-09-25 07:09:41,3,900
KDS-ORD-20260925-12655,ORD-20260925-12655,MCH-106,DEV-106-POS,2026-09-25 20:31:19,2026-09-25 20:31:39,2026-09-25 20:31:49,2026-09-25 21:07:00,13,720
KDS-ORD-20260925-12656,ORD-20260925-12656,MCH-106,DEV-106-POS,2026-09-25 13:28:31,2026-09-25 13:28:51,2026-09-25 13:29:07,2026-09-25 13:55:15,8,720
KDS-ORD-20260925-12657,ORD-20260925-12657,MCH-107,DEV-107-POS,2026-09-25 20:06:01,2026-09-25 20:06:21,2026-09-25 20:07:00,2026-09-25 20:37:36,10,900
KDS-ORD-20260925-12658,ORD-20260925-12658,MCH-108,DEV-108-POS,2026-09-25 20:42:09,2026-09-25 20:42:29,2026-09-25 20:43:06,2026-09-25 21:16:16,14,900
KDS-ORD-20260925-12659,ORD-20260925-12659,MCH-106,DEV-106-POS,2026-09-25 10:40:33,2026-09-25 10:40:53,2026-09-25 10:41:14,2026-09-25 10:56:00,3,720
KDS-ORD-20260925-12660,ORD-20260925-12660,MCH-111,DEV-111-POS,2026-09-25 18:15:22,2026-09-25 18:15:42,2026-09-25 18:15:41,2026-09-25 18:36:32,2,1080
KDS-ORD-20260925-12661,ORD-20260925-12661,MCH-110,DEV-110-POS,2026-09-25 13:54:33,2026-09-25 13:54:53,2026-09-25 13:55:02,2026-09-25 14:15:25,7,720
KDS-ORD-20260925-12662,ORD-20260925-12662,MCH-109,DEV-109-POS,2026-09-25 21:50:05,2026-09-25 21:50:25,2026-09-25 21:51:00,2026-09-25 22:24:23,14,900
KDS-ORD-20260925-12663,ORD-20260925-12663,MCH-112,DEV-112-POS,2026-09-25 10:40:23,2026-09-25 10:40:43,2026-09-25 10:40:57,2026-09-25 11:01:17,5,900
KDS-ORD-20260925-12664,ORD-20260925-12664,MCH-108,DEV-108-POS,2026-09-25 19:12:47,2026-09-25 19:13:07,2026-09-25 19:13:03,,9,900
KDS-ORD-20260925-12665,ORD-20260925-12665,MCH-115,DEV-115-POS,2026-09-25 17:07:51,2026-09-25 17:08:11,2026-09-25 17:08:22,2026-09-25 17:30:59,6,1080
KDS-ORD-20260925-12666,ORD-20260925-12666,MCH-112,DEV-112-POS,2026-09-25 11:54:33,2026-09-25 11:54:53,2026-09-25 11:55:25,2026-09-25 12:13:03,3,900
KDS-ORD-20260925-12667,ORD-20260925-12667,MCH-113,DEV-113-POS,2026-09-25 09:14:13,2026-09-25 09:14:33,2026-09-25 09:14:50,2026-09-25 09:31:30,6,720
KDS-ORD-20260925-12668,ORD-20260925-12668,MCH-110,DEV-110-POS,2026-09-25 18:53:58,2026-09-25 18:54:18,2026-09-25 18:54:27,2026-09-25 19:06:18,2,720
KDS-ORD-20260925-12669,ORD-20260925-12669,MCH-115,DEV-115-POS,2026-09-25 19:39:16,2026-09-25 19:39:36,2026-09-25 19:40:13,2026-09-25 20:08:26,7,1080
KDS-ORD-20260925-12670,ORD-20260925-12670,MCH-115,DEV-115-POS,2026-09-25 13:01:27,2026-09-25 13:01:47,2026-09-25 13:02:17,2026-09-25 13:38:40,9,1080
KDS-ORD-20260925-12671,ORD-20260925-12671,MCH-108,DEV-108-POS,2026-09-25 18:12:32,2026-09-25 18:12:52,2026-09-25 18:12:59,2026-09-25 18:30:58,2,900
KDS-ORD-20260925-12672,ORD-20260925-12672,MCH-111,DEV-111-POS,2026-09-25 12:46:05,2026-09-25 12:46:25,2026-09-25 12:46:48,2026-09-25 13:19:53,7,1080
KDS-ORD-20260925-12673,ORD-20260925-12673,MCH-101,DEV-101-POS,2026-09-25 19:57:29,2026-09-25 19:57:49,2026-09-25 19:57:47,2026-09-25 20:21:42,6,720
KDS-ORD-20260925-12674,ORD-20260925-12674,MCH-112,DEV-112-POS,2026-09-25 11:00:28,2026-09-25 11:00:48,2026-09-25 11:01:05,2026-09-25 11:19:22,5,900
KDS-ORD-20260925-12675,ORD-20260925-12675,MCH-108,DEV-108-POS,2026-09-25 21:35:21,2026-09-25 21:35:41,2026-09-25 21:35:36,2026-09-25 22:01:03,8,900
KDS-ORD-20260925-12676,ORD-20260925-12676,MCH-106,DEV-106-POS,2026-09-25 11:17:03,2026-09-25 11:17:23,2026-09-25 11:17:31,2026-09-25 11:29:04,2,720
KDS-ORD-20260925-12677,ORD-20260925-12677,MCH-112,DEV-112-POS,2026-09-25 12:08:31,2026-09-25 12:08:51,2026-09-25 12:09:01,2026-09-25 12:35:21,7,900
KDS-ORD-20260925-12678,ORD-20260925-12678,MCH-103,DEV-103-POS,2026-09-25 06:52:23,2026-09-25 06:52:43,2026-09-25 06:53:14,2026-09-25 07:09:54,3,720
KDS-ORD-20260925-12679,ORD-20260925-12679,MCH-107,DEV-107-POS,2026-09-25 08:13:40,2026-09-25 08:14:00,2026-09-25 08:14:09,2026-09-25 08:35:16,5,900
KDS-ORD-20260925-12680,ORD-20260925-12680,MCH-107,DEV-107-POS,2026-09-25 14:43:04,2026-09-25 14:43:24,2026-09-25 14:43:43,2026-09-25 15:23:45,12,900
KDS-ORD-20260925-12681,ORD-20260925-12681,MCH-111,DEV-111-POS,2026-09-25 11:41:33,2026-09-25 11:41:53,2026-09-25 11:42:01,2026-09-25 12:02:39,3,1080
KDS-ORD-20260925-12682,ORD-20260925-12682,MCH-113,DEV-113-POS,2026-09-25 20:49:32,2026-09-25 20:49:52,2026-09-25 20:50:21,2026-09-25 21:20:23,8,720
KDS-ORD-20260925-12683,ORD-20260925-12683,MCH-110,DEV-110-POS,2026-09-25 02:59:41,2026-09-25 03:00:01,2026-09-25 02:59:58,2026-09-25 03:13:53,4,720
KDS-ORD-20260925-12684,ORD-20260925-12684,MCH-114,DEV-114-POS,2026-09-25 12:34:07,2026-09-25 12:34:27,2026-09-25 12:34:50,2026-09-25 12:57:08,10,720
KDS-ORD-20260925-12685,ORD-20260925-12685,MCH-103,DEV-103-POS,2026-09-25 12:38:59,2026-09-25 12:39:19,2026-09-25 12:39:21,2026-09-25 13:09:18,10,720
KDS-ORD-20260925-12686,ORD-20260925-12686,MCH-102,DEV-102-POS,2026-09-25 04:19:20,2026-09-25 04:19:40,2026-09-25 04:19:48,2026-09-25 04:37:55,4,720
KDS-ORD-20260925-12687,ORD-20260925-12687,MCH-110,DEV-110-POS,2026-09-25 08:05:49,2026-09-25 08:06:09,2026-09-25 08:06:09,2026-09-25 08:21:33,4,720
KDS-ORD-20260925-12688,ORD-20260925-12688,MCH-103,DEV-103-POS,2026-09-25 13:18:20,2026-09-25 13:18:40,2026-09-25 13:19:03,2026-09-25 13:48:58,15,720
KDS-ORD-20260925-12689,ORD-20260925-12689,MCH-114,DEV-114-POS,2026-09-25 15:00:09,2026-09-25 15:00:29,2026-09-25 15:00:58,2026-09-25 15:25:12,8,720
KDS-ORD-20260925-12690,ORD-20260925-12690,MCH-115,DEV-115-POS,2026-09-25 13:09:09,2026-09-25 13:09:29,2026-09-25 13:09:51,2026-09-25 13:42:51,10,1080
KDS-ORD-20260925-12691,ORD-20260925-12691,MCH-110,DEV-110-POS,2026-09-25 15:05:10,2026-09-25 15:05:30,2026-09-25 15:06:00,2026-09-25 15:26:06,5,720
KDS-ORD-20260925-12692,ORD-20260925-12692,MCH-103,DEV-103-POS,2026-09-25 17:49:43,2026-09-25 17:50:03,2026-09-25 17:50:24,2026-09-25 18:04:07,5,720
KDS-ORD-20260925-12693,ORD-20260925-12693,MCH-110,DEV-110-POS,2026-09-25 01:50:58,2026-09-25 01:51:18,2026-09-25 01:51:26,2026-09-25 02:03:10,2,720
KDS-ORD-20260925-12694,ORD-20260925-12694,MCH-109,DEV-109-POS,2026-09-25 13:12:59,2026-09-25 13:13:19,2026-09-25 13:13:54,2026-09-25 13:42:16,7,900
KDS-ORD-20260925-12695,ORD-20260925-12695,MCH-107,DEV-107-POS,2026-09-25 22:53:03,2026-09-25 22:53:23,2026-09-25 22:53:22,2026-09-25 23:12:12,5,900
KDS-ORD-20260925-12696,ORD-20260925-12696,MCH-105,DEV-105-POS,2026-09-25 14:18:01,2026-09-25 14:18:21,2026-09-25 14:18:21,2026-09-25 14:49:24,7,900
KDS-ORD-20260925-12697,ORD-20260925-12697,MCH-107,DEV-107-POS,2026-09-25 19:42:00,2026-09-25 19:42:20,2026-09-25 19:42:21,2026-09-25 20:09:59,7,900
KDS-ORD-20260925-12698,ORD-20260925-12698,MCH-112,DEV-112-POS,2026-09-25 12:06:50,2026-09-25 12:07:10,2026-09-25 12:07:05,2026-09-25 12:42:55,14,900
KDS-ORD-20260925-12699,ORD-20260925-12699,MCH-115,DEV-115-POS,2026-09-25 20:23:47,2026-09-25 20:24:07,2026-09-25 20:24:13,2026-09-25 21:11:42,16,1080
KDS-ORD-20260925-12700,ORD-20260925-12700,MCH-102,DEV-102-POS,2026-09-25 20:22:39,2026-09-25 20:22:59,2026-09-25 20:23:31,2026-09-25 21:04:31,16,720
KDS-ORD-20260925-12701,ORD-20260925-12701,MCH-101,DEV-101-POS,2026-09-25 14:22:29,2026-09-25 14:22:49,2026-09-25 14:22:47,2026-09-25 14:46:58,7,720
KDS-ORD-20260925-12702,ORD-20260925-12702,MCH-109,DEV-109-POS,2026-09-25 22:38:28,2026-09-25 22:38:48,2026-09-25 22:39:09,2026-09-25 22:59:22,6,900
KDS-ORD-20260925-12703,ORD-20260925-12703,MCH-108,DEV-108-POS,2026-09-25 08:09:26,2026-09-25 08:09:46,2026-09-25 08:09:53,2026-09-25 08:23:35,3,900
KDS-ORD-20260925-12704,ORD-20260925-12704,MCH-108,DEV-108-POS,2026-09-25 04:00:30,2026-09-25 04:00:50,2026-09-25 04:01:07,2026-09-25 04:17:59,4,900
KDS-ORD-20260925-12705,ORD-20260925-12705,MCH-103,DEV-103-POS,2026-09-25 20:47:47,2026-09-25 20:48:07,2026-09-25 20:48:03,2026-09-25 21:14:58,7,720
KDS-ORD-20260925-12706,ORD-20260925-12706,MCH-111,DEV-111-POS,2026-09-25 20:24:30,2026-09-25 20:24:50,2026-09-25 20:25:26,2026-09-25 21:02:53,11,1080
KDS-ORD-20260925-12707,ORD-20260925-12707,MCH-104,DEV-104-POS,2026-09-25 08:37:01,2026-09-25 08:37:21,2026-09-25 08:37:29,2026-09-25 08:59:21,6,1080
KDS-ORD-20260925-12708,ORD-20260925-12708,MCH-103,DEV-103-POS,2026-09-25 11:55:16,2026-09-25 11:55:36,2026-09-25 11:55:51,2026-09-25 12:08:47,2,720
KDS-ORD-20260925-12709,ORD-20260925-12709,MCH-109,DEV-109-POS,2026-09-25 03:35:35,2026-09-25 03:35:55,2026-09-25 03:35:50,2026-09-25 03:55:17,5,900
KDS-ORD-20260925-12710,ORD-20260925-12710,MCH-102,DEV-102-POS,2026-09-25 11:20:14,2026-09-25 11:20:34,2026-09-25 11:20:45,2026-09-25 11:40:13,6,720
KDS-ORD-20260925-12711,ORD-20260925-12711,MCH-101,DEV-101-POS,2026-09-25 20:31:52,2026-09-25 20:32:12,2026-09-25 20:32:36,2026-09-25 21:03:33,12,720
KDS-ORD-20260925-12712,ORD-20260925-12712,MCH-105,DEV-105-POS,2026-09-25 14:08:40,2026-09-25 14:09:00,2026-09-25 14:09:02,2026-09-25 14:40:49,7,900
KDS-ORD-20260925-12713,ORD-20260925-12713,MCH-104,DEV-104-POS,2026-09-25 12:39:10,2026-09-25 12:39:30,2026-09-25 12:40:00,2026-09-25 13:17:26,9,1080
KDS-ORD-20260925-12714,ORD-20260925-12714,MCH-107,DEV-107-POS,2026-09-25 12:59:55,2026-09-25 13:00:15,2026-09-25 13:00:55,2026-09-25 13:33:05,10,900
KDS-ORD-20260925-12715,ORD-20260925-12715,MCH-102,DEV-102-POS,2026-09-25 00:20:02,2026-09-25 00:20:22,2026-09-25 00:20:31,2026-09-25 00:36:42,5,720
KDS-ORD-20260925-12716,ORD-20260925-12716,MCH-104,DEV-104-POS,2026-09-25 12:47:29,2026-09-25 12:47:49,2026-09-25 12:48:10,2026-09-25 13:22:46,9,1080
KDS-ORD-20260925-12717,ORD-20260925-12717,MCH-102,DEV-102-POS,2026-09-25 18:24:24,2026-09-25 18:24:44,2026-09-25 18:24:57,2026-09-25 18:41:45,5,720
KDS-ORD-20260925-12718,ORD-20260925-12718,MCH-108,DEV-108-POS,2026-09-25 22:22:34,2026-09-25 22:22:54,2026-09-25 22:23:33,2026-09-25 22:43:10,6,900
KDS-ORD-20260925-12719,ORD-20260925-12719,MCH-101,DEV-101-POS,2026-09-25 20:59:13,2026-09-25 20:59:33,2026-09-25 21:00:01,2026-09-25 21:28:19,8,720
KDS-ORD-20260925-12720,ORD-20260925-12720,MCH-114,DEV-114-POS,2026-09-25 04:36:27,2026-09-25 04:36:47,2026-09-25 04:37:07,2026-09-25 04:51:14,3,720
KDS-ORD-20260925-12721,ORD-20260925-12721,MCH-110,DEV-110-POS,2026-09-25 21:16:25,2026-09-25 21:16:45,2026-09-25 21:17:17,2026-09-25 21:51:57,12,720
KDS-ORD-20260925-12722,ORD-20260925-12722,MCH-102,DEV-102-POS,2026-09-25 20:52:19,2026-09-25 20:52:39,2026-09-25 20:52:37,2026-09-25 21:17:09,13,720
KDS-ORD-20260925-12723,ORD-20260925-12723,MCH-108,DEV-108-POS,2026-09-25 20:09:48,2026-09-25 20:10:08,2026-09-25 20:10:36,2026-09-25 20:52:26,16,900
KDS-ORD-20260925-12724,ORD-20260925-12724,MCH-106,DEV-106-POS,2026-09-25 13:20:11,2026-09-25 13:20:31,2026-09-25 13:20:50,2026-09-25 13:49:30,12,720
KDS-ORD-20260925-12725,ORD-20260925-12725,MCH-106,DEV-106-POS,2026-09-25 13:33:29,2026-09-25 13:33:49,2026-09-25 13:34:06,2026-09-25 13:59:10,7,720
KDS-ORD-20260925-12726,ORD-20260925-12726,MCH-105,DEV-105-POS,2026-09-25 12:12:42,2026-09-25 12:13:02,2026-09-25 12:13:40,2026-09-25 12:48:55,12,900
KDS-ORD-20260925-12727,ORD-20260925-12727,MCH-110,DEV-110-POS,2026-09-25 07:03:46,2026-09-25 07:04:06,2026-09-25 07:04:26,2026-09-25 07:17:47,5,720
KDS-ORD-20260925-12728,ORD-20260925-12728,MCH-108,DEV-108-POS,2026-09-25 10:45:53,2026-09-25 10:46:13,2026-09-25 10:46:21,2026-09-25 11:01:41,3,900
KDS-ORD-20260925-12729,ORD-20260925-12729,MCH-102,DEV-102-POS,2026-09-25 11:00:43,2026-09-25 11:01:03,2026-09-25 11:01:11,2026-09-25 11:17:54,5,720
KDS-ORD-20260925-12730,ORD-20260925-12730,MCH-112,DEV-112-POS,2026-09-25 14:36:09,2026-09-25 14:36:29,2026-09-25 14:36:35,2026-09-25 15:06:31,11,900
KDS-ORD-20260925-12731,ORD-20260925-12731,MCH-103,DEV-103-POS,2026-09-25 19:18:59,2026-09-25 19:19:19,2026-09-25 19:19:17,2026-09-25 19:53:10,12,720
KDS-ORD-20260925-12732,ORD-20260925-12732,MCH-112,DEV-112-POS,2026-09-25 13:18:05,2026-09-25 13:18:25,2026-09-25 13:18:23,2026-09-25 14:03:41,16,900
KDS-ORD-20260925-12733,ORD-20260925-12733,MCH-114,DEV-114-POS,2026-09-25 06:23:01,2026-09-25 06:23:21,2026-09-25 06:23:44,2026-09-25 06:39:49,2,720
KDS-ORD-20260925-12734,ORD-20260925-12734,MCH-104,DEV-104-POS,2026-09-25 22:10:36,2026-09-25 22:10:56,2026-09-25 22:11:29,2026-09-25 22:32:58,6,1080
KDS-ORD-20260925-12735,ORD-20260925-12735,MCH-115,DEV-115-POS,2026-09-25 21:41:03,2026-09-25 21:41:23,2026-09-25 21:41:47,2026-09-25 22:28:07,13,1080
KDS-ORD-20260925-12736,ORD-20260925-12736,MCH-104,DEV-104-POS,2026-09-25 20:42:05,2026-09-25 20:42:25,2026-09-25 20:42:56,,6,1080
KDS-ORD-20260925-12737,ORD-20260925-12737,MCH-108,DEV-108-POS,2026-09-25 23:23:36,2026-09-25 23:23:56,2026-09-25 23:23:56,2026-09-25 23:41:10,6,900
KDS-ORD-20260925-12738,ORD-20260925-12738,MCH-102,DEV-102-POS,2026-09-25 15:03:38,2026-09-25 15:03:58,2026-09-25 15:04:16,2026-09-25 15:15:06,3,720
KDS-ORD-20260925-12739,ORD-20260925-12739,MCH-110,DEV-110-POS,2026-09-25 22:59:08,2026-09-25 22:59:28,2026-09-25 23:00:08,2026-09-25 23:16:39,5,720
KDS-ORD-20260925-12740,ORD-20260925-12740,MCH-110,DEV-110-POS,2026-09-25 07:26:08,2026-09-25 07:26:28,2026-09-25 07:26:39,2026-09-25 07:41:19,6,720
KDS-ORD-20260925-12741,ORD-20260925-12741,MCH-114,DEV-114-POS,2026-09-25 12:10:38,2026-09-25 12:10:58,2026-09-25 12:11:26,2026-09-25 12:40:10,14,720
KDS-ORD-20260925-12742,ORD-20260925-12742,MCH-104,DEV-104-POS,2026-09-25 10:23:46,2026-09-25 10:24:06,2026-09-25 10:24:36,2026-09-25 10:44:43,4,1080
KDS-ORD-20260925-12743,ORD-20260925-12743,MCH-103,DEV-103-POS,2026-09-25 10:05:07,2026-09-25 10:05:27,2026-09-25 10:05:26,2026-09-25 10:16:24,2,720
KDS-ORD-20260925-12744,ORD-20260925-12744,MCH-101,DEV-101-POS,2026-09-25 09:42:45,2026-09-25 09:43:05,2026-09-25 09:43:09,2026-09-25 10:01:03,4,720
KDS-ORD-20260925-12745,ORD-20260925-12745,MCH-104,DEV-104-POS,2026-09-25 17:37:03,2026-09-25 17:37:23,2026-09-25 17:37:41,2026-09-25 17:57:13,3,1080
KDS-ORD-20260925-12746,ORD-20260925-12746,MCH-110,DEV-110-POS,2026-09-25 20:56:47,2026-09-25 20:57:07,2026-09-25 20:57:40,,10,720
KDS-ORD-20260925-12747,ORD-20260925-12747,MCH-112,DEV-112-POS,2026-09-25 16:06:58,2026-09-25 16:07:18,2026-09-25 16:07:57,2026-09-25 16:24:47,2,900
KDS-ORD-20260925-12748,ORD-20260925-12748,MCH-102,DEV-102-POS,2026-09-25 09:59:14,2026-09-25 09:59:34,2026-09-25 09:59:29,2026-09-25 10:14:29,5,720
KDS-ORD-20260925-12749,ORD-20260925-12749,MCH-108,DEV-108-POS,2026-09-25 20:15:37,2026-09-25 20:15:57,2026-09-25 20:16:30,2026-09-25 20:46:11,9,900
KDS-ORD-20260925-12750,ORD-20260925-12750,MCH-108,DEV-108-POS,2026-09-25 18:17:02,2026-09-25 18:17:22,2026-09-25 18:17:49,2026-09-25 18:37:18,6,900
KDS-ORD-20260925-12751,ORD-20260925-12751,MCH-106,DEV-106-POS,2026-09-25 12:02:44,2026-09-25 12:03:04,2026-09-25 12:03:16,,8,720
KDS-ORD-20260925-12752,ORD-20260925-12752,MCH-112,DEV-112-POS,2026-09-25 18:21:59,2026-09-25 18:22:19,2026-09-25 18:22:36,2026-09-25 18:38:31,3,900
KDS-ORD-20260925-12753,ORD-20260925-12753,MCH-103,DEV-103-POS,2026-09-25 11:43:50,2026-09-25 11:44:10,2026-09-25 11:44:23,2026-09-25 12:03:04,3,720
KDS-ORD-20260925-12754,ORD-20260925-12754,MCH-110,DEV-110-POS,2026-09-25 12:27:00,2026-09-25 12:27:20,2026-09-25 12:28:00,2026-09-25 12:56:14,10,720
KDS-ORD-20260925-12755,ORD-20260925-12755,MCH-107,DEV-107-POS,2026-09-25 21:37:34,2026-09-25 21:37:54,2026-09-25 21:38:18,2026-09-25 22:09:45,8,900
KDS-ORD-20260925-12756,ORD-20260925-12756,MCH-102,DEV-102-POS,2026-09-25 11:16:40,2026-09-25 11:17:00,2026-09-25 11:17:38,2026-09-25 11:31:41,3,720
KDS-ORD-20260925-12757,ORD-20260925-12757,MCH-115,DEV-115-POS,2026-09-25 13:57:40,2026-09-25 13:58:00,2026-09-25 13:58:19,2026-09-25 14:40:45,13,1080
KDS-ORD-20260925-12758,ORD-20260925-12758,MCH-106,DEV-106-POS,2026-09-25 21:38:13,2026-09-25 21:38:33,2026-09-25 21:39:08,2026-09-25 22:19:33,16,720
KDS-ORD-20260925-12759,ORD-20260925-12759,MCH-111,DEV-111-POS,2026-09-25 19:24:10,2026-09-25 19:24:30,2026-09-25 19:25:00,2026-09-25 20:07:26,11,1080
KDS-ORD-20260925-12760,ORD-20260925-12760,MCH-102,DEV-102-POS,2026-09-25 06:36:10,2026-09-25 06:36:30,2026-09-25 06:36:52,2026-09-25 06:57:09,5,720
KDS-ORD-20260925-12761,ORD-20260925-12761,MCH-105,DEV-105-POS,2026-09-25 09:01:29,2026-09-25 09:01:49,2026-09-25 09:02:01,2026-09-25 09:20:27,4,900
KDS-ORD-20260925-12762,ORD-20260925-12762,MCH-114,DEV-114-POS,2026-09-25 01:12:23,2026-09-25 01:12:43,2026-09-25 01:12:51,2026-09-25 01:29:09,6,720
KDS-ORD-20260925-12763,ORD-20260925-12763,MCH-110,DEV-110-POS,2026-09-25 18:35:36,2026-09-25 18:35:56,2026-09-25 18:36:00,2026-09-25 18:50:52,2,720
KDS-ORD-20260925-12764,ORD-20260925-12764,MCH-105,DEV-105-POS,2026-09-25 13:37:51,2026-09-25 13:38:11,2026-09-25 13:38:11,2026-09-25 14:03:24,7,900
KDS-ORD-20260925-12765,ORD-20260925-12765,MCH-110,DEV-110-POS,2026-09-25 09:38:30,2026-09-25 09:38:50,2026-09-25 09:38:52,2026-09-25 09:56:57,6,720
KDS-ORD-20260925-12766,ORD-20260925-12766,MCH-107,DEV-107-POS,2026-09-25 22:06:29,2026-09-25 22:06:49,2026-09-25 22:07:08,2026-09-25 22:27:54,5,900
KDS-ORD-20260925-12767,ORD-20260925-12767,MCH-107,DEV-107-POS,2026-09-25 15:11:09,2026-09-25 15:11:29,2026-09-25 15:11:53,2026-09-25 15:36:19,6,900
KDS-ORD-20260925-12768,ORD-20260925-12768,MCH-110,DEV-110-POS,2026-09-25 11:07:07,2026-09-25 11:07:27,2026-09-25 11:07:46,2026-09-25 11:20:05,3,720
KDS-ORD-20260925-12769,ORD-20260925-12769,MCH-102,DEV-102-POS,2026-09-25 14:36:10,2026-09-25 14:36:30,2026-09-25 14:36:31,2026-09-25 14:59:28,7,720
KDS-ORD-20260925-12770,ORD-20260925-12770,MCH-108,DEV-108-POS,2026-09-25 19:07:58,2026-09-25 19:08:18,2026-09-25 19:08:38,2026-09-25 19:39:38,9,900
KDS-ORD-20260925-12771,ORD-20260925-12771,MCH-112,DEV-112-POS,2026-09-25 07:02:32,2026-09-25 07:02:52,2026-09-25 07:02:48,2026-09-25 07:19:04,3,900
KDS-ORD-20260925-12772,ORD-20260925-12772,MCH-111,DEV-111-POS,2026-09-25 11:51:08,2026-09-25 11:51:28,2026-09-25 11:51:54,2026-09-25 12:14:53,6,1080
KDS-ORD-20260925-12773,ORD-20260925-12773,MCH-114,DEV-114-POS,2026-09-25 20:22:11,2026-09-25 20:22:31,2026-09-25 20:22:59,2026-09-25 20:50:36,12,720
KDS-ORD-20260925-12774,ORD-20260925-12774,MCH-103,DEV-103-POS,2026-09-25 13:22:05,2026-09-25 13:22:25,2026-09-25 13:22:47,2026-09-25 13:44:58,7,720
KDS-ORD-20260925-12775,ORD-20260925-12775,MCH-114,DEV-114-POS,2026-09-25 15:49:55,2026-09-25 15:50:15,2026-09-25 15:50:41,2026-09-25 16:08:32,5,720
KDS-ORD-20260925-12776,ORD-20260925-12776,MCH-102,DEV-102-POS,2026-09-25 13:02:45,2026-09-25 13:03:05,2026-09-25 13:03:44,,13,720
KDS-ORD-20260925-12777,ORD-20260925-12777,MCH-104,DEV-104-POS,2026-09-25 06:34:12,2026-09-25 06:34:32,2026-09-25 06:34:39,2026-09-25 06:56:00,4,1080
KDS-ORD-20260925-12778,ORD-20260925-12778,MCH-101,DEV-101-POS,2026-09-25 09:15:09,2026-09-25 09:15:29,2026-09-25 09:15:41,2026-09-25 09:28:06,3,720
KDS-ORD-20260925-12779,ORD-20260925-12779,MCH-103,DEV-103-POS,2026-09-25 13:03:19,2026-09-25 13:03:39,2026-09-25 13:04:06,2026-09-25 13:34:07,9,720
KDS-ORD-20260925-12780,ORD-20260925-12780,MCH-108,DEV-108-POS,2026-09-25 10:03:54,2026-09-25 10:04:14,2026-09-25 10:04:35,2026-09-25 10:25:52,5,900
KDS-ORD-20260925-12781,ORD-20260925-12781,MCH-108,DEV-108-POS,2026-09-25 06:44:55,2026-09-25 06:45:15,2026-09-25 06:45:23,2026-09-25 07:06:10,6,900
KDS-ORD-20260925-12782,ORD-20260925-12782,MCH-112,DEV-112-POS,2026-09-25 20:21:58,2026-09-25 20:22:18,2026-09-25 20:22:36,2026-09-25 20:49:52,7,900
KDS-ORD-20260925-12783,ORD-20260925-12783,MCH-110,DEV-110-POS,2026-09-25 22:05:53,2026-09-25 22:06:13,2026-09-25 22:06:25,2026-09-25 22:19:57,3,720
KDS-ORD-20260925-12784,ORD-20260925-12784,MCH-102,DEV-102-POS,2026-09-25 20:05:26,2026-09-25 20:05:46,2026-09-25 20:06:09,2026-09-25 20:28:46,7,720
KDS-ORD-20260925-12785,ORD-20260925-12785,MCH-110,DEV-110-POS,2026-09-25 20:48:11,2026-09-25 20:48:31,2026-09-25 20:49:04,2026-09-25 21:15:19,15,720
KDS-ORD-20260925-12786,ORD-20260925-12786,MCH-101,DEV-101-POS,2026-09-25 11:21:33,2026-09-25 11:21:53,2026-09-25 11:22:10,2026-09-25 11:42:28,6,720
KDS-ORD-20260925-12787,ORD-20260925-12787,MCH-104,DEV-104-POS,2026-09-25 22:11:49,2026-09-25 22:12:09,2026-09-25 22:12:18,2026-09-25 22:30:15,3,1080
KDS-ORD-20260925-12788,ORD-20260925-12788,MCH-114,DEV-114-POS,2026-09-25 10:35:22,2026-09-25 10:35:42,2026-09-25 10:35:46,2026-09-25 10:54:08,3,720
KDS-ORD-20260925-12789,ORD-20260925-12789,MCH-112,DEV-112-POS,2026-09-25 22:47:09,2026-09-25 22:47:29,2026-09-25 22:48:06,2026-09-25 23:08:44,6,900
KDS-ORD-20260925-12790,ORD-20260925-12790,MCH-108,DEV-108-POS,2026-09-25 23:51:21,2026-09-25 23:51:41,2026-09-25 23:51:42,2026-09-26 00:09:47,3,900
KDS-ORD-20260925-12791,ORD-20260925-12791,MCH-107,DEV-107-POS,2026-09-25 19:30:07,2026-09-25 19:30:27,2026-09-25 19:30:56,,7,900
KDS-ORD-20260925-12792,ORD-20260925-12792,MCH-103,DEV-103-POS,2026-09-25 22:22:31,2026-09-25 22:22:51,2026-09-25 22:23:00,2026-09-25 22:38:51,4,720
KDS-ORD-20260925-12793,ORD-20260925-12793,MCH-110,DEV-110-POS,2026-09-25 16:07:21,2026-09-25 16:07:41,2026-09-25 16:07:36,2026-09-25 16:25:28,4,720
KDS-ORD-20260925-12794,ORD-20260925-12794,MCH-112,DEV-112-POS,2026-09-25 11:19:39,2026-09-25 11:19:59,2026-09-25 11:20:07,2026-09-25 11:35:51,2,900
KDS-ORD-20260925-12795,ORD-20260925-12795,MCH-107,DEV-107-POS,2026-09-25 13:33:27,2026-09-25 13:33:47,2026-09-25 13:33:43,2026-09-25 14:13:11,15,900
KDS-ORD-20260925-12796,ORD-20260925-12796,MCH-105,DEV-105-POS,2026-09-25 17:47:04,2026-09-25 17:47:24,2026-09-25 17:47:36,2026-09-25 18:08:36,6,900
KDS-ORD-20260925-12797,ORD-20260925-12797,MCH-115,DEV-115-POS,2026-09-25 07:58:34,2026-09-25 07:58:54,2026-09-25 07:59:07,2026-09-25 08:25:32,4,1080
KDS-ORD-20260925-12798,ORD-20260925-12798,MCH-107,DEV-107-POS,2026-09-25 17:02:42,2026-09-25 17:03:02,2026-09-25 17:03:00,2026-09-25 17:20:22,3,900
KDS-ORD-20260925-12799,ORD-20260925-12799,MCH-113,DEV-113-POS,2026-09-25 22:04:39,2026-09-25 22:04:59,2026-09-25 22:05:22,2026-09-25 22:21:36,3,720
KDS-ORD-20260925-12800,ORD-20260925-12800,MCH-101,DEV-101-POS,2026-09-25 10:03:40,2026-09-25 10:04:00,2026-09-25 10:04:24,2026-09-25 10:22:49,4,720
KDS-ORD-20260925-12801,ORD-20260925-12801,MCH-104,DEV-104-POS,2026-09-25 20:10:35,2026-09-25 20:10:55,2026-09-25 20:11:01,2026-09-25 20:45:10,9,1080
KDS-ORD-20260925-12802,ORD-20260925-12802,MCH-102,DEV-102-POS,2026-09-25 21:42:57,2026-09-25 21:43:17,2026-09-25 21:43:18,2026-09-25 22:18:18,14,720
KDS-ORD-20260925-12803,ORD-20260925-12803,MCH-108,DEV-108-POS,2026-09-25 21:05:57,2026-09-25 21:06:17,2026-09-25 21:06:15,2026-09-25 21:37:33,8,900
KDS-ORD-20260925-12804,ORD-20260925-12804,MCH-109,DEV-109-POS,2026-09-25 22:31:56,2026-09-25 22:32:16,2026-09-25 22:32:25,2026-09-25 22:51:47,5,900
KDS-ORD-20260925-12805,ORD-20260925-12805,MCH-114,DEV-114-POS,2026-09-25 14:27:16,2026-09-25 14:27:36,2026-09-25 14:28:10,2026-09-25 14:54:46,9,720
KDS-ORD-20260925-12806,ORD-20260925-12806,MCH-110,DEV-110-POS,2026-09-25 22:05:10,2026-09-25 22:05:30,2026-09-25 22:05:27,2026-09-25 22:22:05,3,720
KDS-ORD-20260925-12807,ORD-20260925-12807,MCH-114,DEV-114-POS,2026-09-25 19:07:46,2026-09-25 19:08:06,2026-09-25 19:08:14,2026-09-25 19:43:56,16,720
KDS-ORD-20260925-12808,ORD-20260925-12808,MCH-115,DEV-115-POS,2026-09-25 09:34:44,2026-09-25 09:35:04,2026-09-25 09:35:15,2026-09-25 10:05:00,6,1080
KDS-ORD-20260925-12809,ORD-20260925-12809,MCH-108,DEV-108-POS,2026-09-25 13:36:17,2026-09-25 13:36:37,2026-09-25 13:36:55,2026-09-25 14:16:40,16,900
KDS-ORD-20260925-12810,ORD-20260925-12810,MCH-103,DEV-103-POS,2026-09-25 19:52:11,2026-09-25 19:52:31,2026-09-25 19:52:52,2026-09-25 20:16:56,8,720
KDS-ORD-20260925-12811,ORD-20260925-12811,MCH-110,DEV-110-POS,2026-09-25 11:37:14,2026-09-25 11:37:34,2026-09-25 11:37:41,2026-09-25 11:52:36,6,720
KDS-ORD-20260925-12812,ORD-20260925-12812,MCH-109,DEV-109-POS,2026-09-25 18:26:38,2026-09-25 18:26:58,2026-09-25 18:27:35,2026-09-25 18:47:11,3,900
KDS-ORD-20260925-12813,ORD-20260925-12813,MCH-110,DEV-110-POS,2026-09-25 18:53:14,2026-09-25 18:53:34,2026-09-25 18:53:49,2026-09-25 19:15:04,6,720
KDS-ORD-20260925-12814,ORD-20260925-12814,MCH-114,DEV-114-POS,2026-09-25 09:46:54,2026-09-25 09:47:14,2026-09-25 09:47:16,2026-09-25 10:02:25,3,720
KDS-ORD-20260925-12815,ORD-20260925-12815,MCH-111,DEV-111-POS,2026-09-25 16:23:52,2026-09-25 16:24:12,2026-09-25 16:24:51,2026-09-25 16:40:52,2,1080
KDS-ORD-20260925-12816,ORD-20260925-12816,MCH-102,DEV-102-POS,2026-09-25 20:43:53,2026-09-25 20:44:13,2026-09-25 20:44:35,2026-09-25 21:15:18,13,720
KDS-ORD-20260925-12817,ORD-20260925-12817,MCH-107,DEV-107-POS,2026-09-25 14:30:26,2026-09-25 14:30:46,2026-09-25 14:30:53,2026-09-25 15:07:40,13,900
KDS-ORD-20260925-12818,ORD-20260925-12818,MCH-108,DEV-108-POS,2026-09-25 02:55:55,2026-09-25 02:56:15,2026-09-25 02:56:39,2026-09-25 03:19:25,5,900
KDS-ORD-20260925-12819,ORD-20260925-12819,MCH-112,DEV-112-POS,2026-09-25 01:08:18,2026-09-25 01:08:38,2026-09-25 01:08:36,2026-09-25 01:29:55,6,900
KDS-ORD-20260925-12820,ORD-20260925-12820,MCH-112,DEV-112-POS,2026-09-25 12:35:00,2026-09-25 12:35:20,2026-09-25 12:35:16,2026-09-25 13:07:13,10,900
KDS-ORD-20260925-12821,ORD-20260925-12821,MCH-114,DEV-114-POS,2026-09-25 22:02:23,2026-09-25 22:02:43,2026-09-25 22:03:11,2026-09-25 22:39:14,15,720
KDS-ORD-20260925-12822,ORD-20260925-12822,MCH-108,DEV-108-POS,2026-09-25 10:03:48,2026-09-25 10:04:08,2026-09-25 10:04:08,2026-09-25 10:25:34,6,900
KDS-ORD-20260925-12823,ORD-20260925-12823,MCH-110,DEV-110-POS,2026-09-25 18:56:51,2026-09-25 18:57:11,2026-09-25 18:57:48,2026-09-25 19:12:50,3,720
KDS-ORD-20260925-12824,ORD-20260925-12824,MCH-113,DEV-113-POS,2026-09-25 10:44:18,2026-09-25 10:44:38,2026-09-25 10:44:40,2026-09-25 11:03:05,6,720
KDS-ORD-20260925-12825,ORD-20260925-12825,MCH-103,DEV-103-POS,2026-09-25 12:16:29,2026-09-25 12:16:49,2026-09-25 12:16:47,2026-09-25 12:44:42,10,720
KDS-ORD-20260925-12826,ORD-20260925-12826,MCH-111,DEV-111-POS,2026-09-25 20:06:09,2026-09-25 20:06:29,2026-09-25 20:06:47,2026-09-25 20:47:30,12,1080
KDS-ORD-20260925-12827,ORD-20260925-12827,MCH-103,DEV-103-POS,2026-09-25 19:35:49,2026-09-25 19:36:09,2026-09-25 19:36:40,,7,720
KDS-ORD-20260925-12828,ORD-20260925-12828,MCH-113,DEV-113-POS,2026-09-25 08:26:39,2026-09-25 08:26:59,2026-09-25 08:27:16,2026-09-25 08:41:21,3,720
KDS-ORD-20260925-12829,ORD-20260925-12829,MCH-101,DEV-101-POS,2026-09-25 13:06:30,2026-09-25 13:06:50,2026-09-25 13:07:03,2026-09-25 13:33:18,13,720
KDS-ORD-20260925-12830,ORD-20260925-12830,MCH-111,DEV-111-POS,2026-09-25 05:32:22,2026-09-25 05:32:42,2026-09-25 05:33:22,2026-09-25 05:54:40,4,1080
KDS-ORD-20260925-12831,ORD-20260925-12831,MCH-110,DEV-110-POS,2026-09-25 14:28:27,2026-09-25 14:28:47,2026-09-25 14:29:07,2026-09-25 15:01:03,12,720
KDS-ORD-20260925-12832,ORD-20260925-12832,MCH-110,DEV-110-POS,2026-09-25 18:36:43,2026-09-25 18:37:03,2026-09-25 18:37:04,2026-09-25 18:51:14,3,720
KDS-ORD-20260925-12833,ORD-20260925-12833,MCH-107,DEV-107-POS,2026-09-25 08:38:29,2026-09-25 08:38:49,2026-09-25 08:38:55,2026-09-25 08:57:35,4,900
KDS-ORD-20260925-12834,ORD-20260925-12834,MCH-107,DEV-107-POS,2026-09-25 11:07:44,2026-09-25 11:08:04,2026-09-25 11:08:03,2026-09-25 11:31:40,6,900
KDS-ORD-20260925-12835,ORD-20260925-12835,MCH-103,DEV-103-POS,2026-09-25 13:28:19,2026-09-25 13:28:39,2026-09-25 13:28:59,2026-09-25 13:57:34,12,720
KDS-ORD-20260925-12836,ORD-20260925-12836,MCH-114,DEV-114-POS,2026-09-25 21:49:09,2026-09-25 21:49:29,2026-09-25 21:49:43,2026-09-25 22:21:22,14,720
KDS-ORD-20260925-12837,ORD-20260925-12837,MCH-113,DEV-113-POS,2026-09-25 23:21:16,2026-09-25 23:21:36,2026-09-25 23:21:40,2026-09-25 23:37:49,6,720
KDS-ORD-20260925-12838,ORD-20260925-12838,MCH-108,DEV-108-POS,2026-09-25 06:31:12,2026-09-25 06:31:32,2026-09-25 06:32:02,2026-09-25 06:52:26,5,900
KDS-ORD-20260925-12839,ORD-20260925-12839,MCH-104,DEV-104-POS,2026-09-25 19:29:23,2026-09-25 19:29:43,2026-09-25 19:30:01,2026-09-25 20:04:34,11,1080
KDS-ORD-20260925-12840,ORD-20260925-12840,MCH-104,DEV-104-POS,2026-09-25 12:02:03,2026-09-25 12:02:23,2026-09-25 12:02:31,2026-09-25 12:38:35,8,1080
KDS-ORD-20260925-12841,ORD-20260925-12841,MCH-101,DEV-101-POS,2026-09-25 12:20:10,2026-09-25 12:20:30,2026-09-25 12:21:01,,12,720
KDS-ORD-20260925-12842,ORD-20260925-12842,MCH-105,DEV-105-POS,2026-09-25 19:52:09,2026-09-25 19:52:29,2026-09-25 19:52:31,2026-09-25 20:22:06,6,900
KDS-ORD-20260925-12843,ORD-20260925-12843,MCH-104,DEV-104-POS,2026-09-25 21:00:42,2026-09-25 21:01:02,2026-09-25 21:01:05,2026-09-25 21:49:01,16,1080
KDS-ORD-20260925-12844,ORD-20260925-12844,MCH-111,DEV-111-POS,2026-09-25 22:14:12,2026-09-25 22:14:32,2026-09-25 22:14:29,2026-09-25 22:38:04,5,1080
KDS-ORD-20260925-12845,ORD-20260925-12845,MCH-112,DEV-112-POS,2026-09-25 16:05:05,2026-09-25 16:05:25,2026-09-25 16:05:23,2026-09-25 16:29:06,6,900
KDS-ORD-20260925-12846,ORD-20260925-12846,MCH-112,DEV-112-POS,2026-09-25 12:32:01,2026-09-25 12:32:21,2026-09-25 12:32:38,2026-09-25 13:06:27,9,900
KDS-ORD-20260925-12847,ORD-20260925-12847,MCH-103,DEV-103-POS,2026-09-25 20:12:33,2026-09-25 20:12:53,2026-09-25 20:13:12,2026-09-25 20:46:30,11,720
KDS-ORD-20260925-12848,ORD-20260925-12848,MCH-103,DEV-103-POS,2026-09-25 11:56:30,2026-09-25 11:56:50,2026-09-25 11:56:54,2026-09-25 12:12:38,3,720
KDS-ORD-20260925-12849,ORD-20260925-12849,MCH-108,DEV-108-POS,2026-09-25 16:38:36,2026-09-25 16:38:56,2026-09-25 16:38:56,2026-09-25 17:02:33,6,900
KDS-ORD-20260925-12850,ORD-20260925-12850,MCH-106,DEV-106-POS,2026-09-25 12:56:46,2026-09-25 12:57:06,2026-09-25 12:57:01,,8,720
KDS-ORD-20260925-12851,ORD-20260925-12851,MCH-113,DEV-113-POS,2026-09-25 18:25:59,2026-09-25 18:26:19,2026-09-25 18:26:36,2026-09-25 18:40:01,5,720
KDS-ORD-20260925-12852,ORD-20260925-12852,MCH-110,DEV-110-POS,2026-09-25 11:55:28,2026-09-25 11:55:48,2026-09-25 11:55:44,2026-09-25 12:08:45,3,720
KDS-ORD-20260925-12853,ORD-20260925-12853,MCH-103,DEV-103-POS,2026-09-25 10:54:55,2026-09-25 10:55:15,2026-09-25 10:55:40,2026-09-25 11:16:13,6,720
KDS-ORD-20260925-12854,ORD-20260925-12854,MCH-104,DEV-104-POS,2026-09-25 21:16:34,2026-09-25 21:16:54,2026-09-25 21:16:52,2026-09-25 21:53:31,13,1080
KDS-ORD-20260925-12855,ORD-20260925-12855,MCH-109,DEV-109-POS,2026-09-25 08:42:25,2026-09-25 08:42:45,2026-09-25 08:43:05,2026-09-25 09:02:33,5,900
KDS-ORD-20260925-12856,ORD-20260925-12856,MCH-103,DEV-103-POS,2026-09-25 14:42:20,2026-09-25 14:42:40,2026-09-25 14:42:48,2026-09-25 15:12:10,12,720
KDS-ORD-20260925-12857,ORD-20260925-12857,MCH-101,DEV-101-POS,2026-09-25 10:54:20,2026-09-25 10:54:40,2026-09-25 10:54:59,2026-09-25 11:08:06,4,720
KDS-ORD-20260925-12858,ORD-20260925-12858,MCH-113,DEV-113-POS,2026-09-25 05:12:12,2026-09-25 05:12:32,2026-09-25 05:13:05,2026-09-25 05:32:23,6,720
KDS-ORD-20260925-12859,ORD-20260925-12859,MCH-105,DEV-105-POS,2026-09-25 05:26:50,2026-09-25 05:27:10,2026-09-25 05:27:08,2026-09-25 05:48:08,6,900
KDS-ORD-20260925-12860,ORD-20260925-12860,MCH-107,DEV-107-POS,2026-09-25 09:58:41,2026-09-25 09:59:01,2026-09-25 09:59:37,2026-09-25 10:19:06,5,900
KDS-ORD-20260925-12861,ORD-20260925-12861,MCH-111,DEV-111-POS,2026-09-25 20:33:16,2026-09-25 20:33:36,2026-09-25 20:34:07,2026-09-25 21:07:29,9,1080
KDS-ORD-20260925-12862,ORD-20260925-12862,MCH-109,DEV-109-POS,2026-09-25 11:05:51,2026-09-25 11:06:11,2026-09-25 11:06:37,2026-09-25 11:23:10,2,900
KDS-ORD-20260925-12863,ORD-20260925-12863,MCH-102,DEV-102-POS,2026-09-25 22:33:38,2026-09-25 22:33:58,2026-09-25 22:34:14,2026-09-25 22:45:02,2,720
KDS-ORD-20260925-12864,ORD-20260925-12864,MCH-104,DEV-104-POS,2026-09-25 16:59:32,2026-09-25 16:59:52,2026-09-25 17:00:32,2026-09-25 17:24:29,4,1080
KDS-ORD-20260925-12865,ORD-20260925-12865,MCH-104,DEV-104-POS,2026-09-25 13:39:59,2026-09-25 13:40:19,2026-09-25 13:40:24,2026-09-25 14:13:14,6,1080
KDS-ORD-20260925-12866,ORD-20260925-12866,MCH-108,DEV-108-POS,2026-09-25 16:35:51,2026-09-25 16:36:11,2026-09-25 16:36:44,2026-09-25 16:54:21,3,900
KDS-ORD-20260925-12867,ORD-20260925-12867,MCH-110,DEV-110-POS,2026-09-25 14:57:23,2026-09-25 14:57:43,2026-09-25 14:58:09,2026-09-25 15:23:10,7,720
KDS-ORD-20260925-12868,ORD-20260925-12868,MCH-109,DEV-109-POS,2026-09-25 19:35:21,2026-09-25 19:35:41,2026-09-25 19:36:07,2026-09-25 20:14:41,12,900
KDS-ORD-20260925-12869,ORD-20260925-12869,MCH-114,DEV-114-POS,2026-09-25 11:25:32,2026-09-25 11:25:52,2026-09-25 11:25:47,2026-09-25 11:41:06,3,720
KDS-ORD-20260925-12870,ORD-20260925-12870,MCH-108,DEV-108-POS,2026-09-25 12:41:19,2026-09-25 12:41:39,2026-09-25 12:42:12,2026-09-25 13:16:49,13,900
KDS-ORD-20260925-12871,ORD-20260925-12871,MCH-108,DEV-108-POS,2026-09-25 21:46:15,2026-09-25 21:46:35,2026-09-25 21:47:02,2026-09-25 22:19:43,13,900
KDS-ORD-20260925-12872,ORD-20260925-12872,MCH-106,DEV-106-POS,2026-09-25 21:21:41,2026-09-25 21:22:01,2026-09-25 21:22:16,2026-09-25 21:51:30,11,720
KDS-ORD-20260925-12873,ORD-20260925-12873,MCH-103,DEV-103-POS,2026-09-25 21:42:21,2026-09-25 21:42:41,2026-09-25 21:43:16,2026-09-25 22:06:18,11,720
KDS-ORD-20260925-12874,ORD-20260925-12874,MCH-103,DEV-103-POS,2026-09-25 13:56:06,2026-09-25 13:56:26,2026-09-25 13:57:06,2026-09-25 14:17:52,6,720
KDS-ORD-20260925-12875,ORD-20260925-12875,MCH-108,DEV-108-POS,2026-09-25 20:31:33,2026-09-25 20:31:53,2026-09-25 20:32:12,2026-09-25 21:03:12,8,900
KDS-ORD-20260925-12876,ORD-20260925-12876,MCH-109,DEV-109-POS,2026-09-25 13:53:24,2026-09-25 13:53:44,2026-09-25 13:54:19,2026-09-25 14:25:03,8,900
KDS-ORD-20260925-12877,ORD-20260925-12877,MCH-114,DEV-114-POS,2026-09-25 14:05:04,2026-09-25 14:05:24,2026-09-25 14:05:59,2026-09-25 14:31:05,6,720
KDS-ORD-20260925-12878,ORD-20260925-12878,MCH-114,DEV-114-POS,2026-09-25 10:51:16,2026-09-25 10:51:36,2026-09-25 10:52:16,2026-09-25 11:04:41,2,720
KDS-ORD-20260925-12879,ORD-20260925-12879,MCH-106,DEV-106-POS,2026-09-25 17:38:54,2026-09-25 17:39:14,2026-09-25 17:39:27,2026-09-25 17:53:49,4,720
KDS-ORD-20260925-12880,ORD-20260925-12880,MCH-105,DEV-105-POS,2026-09-25 10:37:23,2026-09-25 10:37:43,2026-09-25 10:38:14,2026-09-25 10:58:57,5,900
KDS-ORD-20260925-12881,ORD-20260925-12881,MCH-114,DEV-114-POS,2026-09-25 12:25:04,2026-09-25 12:25:24,2026-09-25 12:25:21,2026-09-25 12:49:37,8,720
KDS-ORD-20260925-12882,ORD-20260925-12882,MCH-111,DEV-111-POS,2026-09-25 20:01:50,2026-09-25 20:02:10,2026-09-25 20:02:26,2026-09-25 20:32:48,8,1080
KDS-ORD-20260925-12883,ORD-20260925-12883,MCH-103,DEV-103-POS,2026-09-25 10:15:52,2026-09-25 10:16:12,2026-09-25 10:16:50,2026-09-25 10:31:31,4,720
KDS-ORD-20260925-12884,ORD-20260925-12884,MCH-108,DEV-108-POS,2026-09-25 07:28:57,2026-09-25 07:29:17,2026-09-25 07:29:14,2026-09-25 07:46:47,5,900
KDS-ORD-20260925-12885,ORD-20260925-12885,MCH-104,DEV-104-POS,2026-09-25 07:47:19,2026-09-25 07:47:39,2026-09-25 07:48:10,2026-09-25 08:07:05,3,1080
KDS-ORD-20260925-12886,ORD-20260925-12886,MCH-112,DEV-112-POS,2026-09-25 21:42:17,2026-09-25 21:42:37,2026-09-25 21:42:53,2026-09-25 22:19:21,12,900
KDS-ORD-20260925-12887,ORD-20260925-12887,MCH-112,DEV-112-POS,2026-09-25 14:14:45,2026-09-25 14:15:05,2026-09-25 14:15:40,2026-09-25 14:56:56,15,900
KDS-ORD-20260925-12888,ORD-20260925-12888,MCH-110,DEV-110-POS,2026-09-25 13:44:28,2026-09-25 13:44:48,2026-09-25 13:45:02,2026-09-25 14:12:58,12,720
KDS-ORD-20260925-12889,ORD-20260925-12889,MCH-112,DEV-112-POS,2026-09-25 21:00:53,2026-09-25 21:01:13,2026-09-25 21:01:08,2026-09-25 21:37:33,16,900
KDS-ORD-20260925-12890,ORD-20260925-12890,MCH-110,DEV-110-POS,2026-09-25 20:19:56,2026-09-25 20:20:16,2026-09-25 20:20:41,2026-09-25 21:01:48,15,720
KDS-ORD-20260925-12891,ORD-20260925-12891,MCH-107,DEV-107-POS,2026-09-25 12:40:40,2026-09-25 12:41:00,2026-09-25 12:41:30,2026-09-25 13:18:52,16,900
KDS-ORD-20260925-12892,ORD-20260925-12892,MCH-104,DEV-104-POS,2026-09-25 19:49:52,2026-09-25 19:50:12,2026-09-25 19:50:35,2026-09-25 20:24:40,6,1080
KDS-ORD-20260925-12893,ORD-20260925-12893,MCH-107,DEV-107-POS,2026-09-25 20:11:22,2026-09-25 20:11:42,2026-09-25 20:12:20,2026-09-25 20:49:00,15,900
KDS-ORD-20260925-12894,ORD-20260925-12894,MCH-110,DEV-110-POS,2026-09-25 18:19:19,2026-09-25 18:19:39,2026-09-25 18:19:35,2026-09-25 18:33:09,2,720
KDS-ORD-20260925-12895,ORD-20260925-12895,MCH-101,DEV-101-POS,2026-09-25 09:52:36,2026-09-25 09:52:56,2026-09-25 09:53:35,2026-09-25 10:10:44,5,720
KDS-ORD-20260925-12896,ORD-20260925-12896,MCH-101,DEV-101-POS,2026-09-25 21:21:09,2026-09-25 21:21:29,2026-09-25 21:21:56,,14,720
KDS-ORD-20260925-12897,ORD-20260925-12897,MCH-106,DEV-106-POS,2026-09-25 15:22:09,2026-09-25 15:22:29,2026-09-25 15:22:39,2026-09-25 15:38:15,2,720
KDS-ORD-20260925-12898,ORD-20260925-12898,MCH-107,DEV-107-POS,2026-09-25 11:39:13,2026-09-25 11:39:33,2026-09-25 11:40:00,2026-09-25 11:55:01,3,900
KDS-ORD-20260925-12899,ORD-20260925-12899,MCH-106,DEV-106-POS,2026-09-25 14:02:02,2026-09-25 14:02:22,2026-09-25 14:03:02,2026-09-25 14:37:54,15,720
KDS-ORD-20260925-12900,ORD-20260925-12900,MCH-108,DEV-108-POS,2026-09-25 05:11:15,2026-09-25 05:11:35,2026-09-25 05:11:43,2026-09-25 05:30:32,6,900
KDS-ORD-20260925-12901,ORD-20260925-12901,MCH-105,DEV-105-POS,2026-09-25 08:00:46,2026-09-25 08:01:06,2026-09-25 08:01:39,2026-09-25 08:20:10,4,900
KDS-ORD-20260925-12902,ORD-20260925-12902,MCH-112,DEV-112-POS,2026-09-25 19:11:29,2026-09-25 19:11:49,2026-09-25 19:12:08,,10,900
KDS-ORD-20260925-12903,ORD-20260925-12903,MCH-101,DEV-101-POS,2026-09-25 00:42:13,2026-09-25 00:42:33,2026-09-25 00:43:01,2026-09-25 00:56:11,3,720
KDS-ORD-20260925-12904,ORD-20260925-12904,MCH-112,DEV-112-POS,2026-09-25 13:59:02,2026-09-25 13:59:22,2026-09-25 13:59:37,2026-09-25 14:23:59,6,900
KDS-ORD-20260925-12905,ORD-20260925-12905,MCH-115,DEV-115-POS,2026-09-25 14:43:58,2026-09-25 14:44:18,2026-09-25 14:44:40,2026-09-25 15:21:45,11,1080
KDS-ORD-20260925-12906,ORD-20260925-12906,MCH-107,DEV-107-POS,2026-09-25 06:09:43,2026-09-25 06:10:03,2026-09-25 06:10:13,2026-09-25 06:28:20,2,900
KDS-ORD-20260925-12907,ORD-20260925-12907,MCH-101,DEV-101-POS,2026-09-25 22:40:56,2026-09-25 22:41:16,2026-09-25 22:41:23,2026-09-25 22:55:22,5,720
KDS-ORD-20260925-12908,ORD-20260925-12908,MCH-107,DEV-107-POS,2026-09-25 10:08:14,2026-09-25 10:08:34,2026-09-25 10:08:39,2026-09-25 10:33:20,6,900
KDS-ORD-20260925-12909,ORD-20260925-12909,MCH-103,DEV-103-POS,2026-09-25 12:34:41,2026-09-25 12:35:01,2026-09-25 12:35:00,2026-09-25 12:59:21,7,720
KDS-ORD-20260925-12910,ORD-20260925-12910,MCH-115,DEV-115-POS,2026-09-25 12:54:44,2026-09-25 12:55:04,2026-09-25 12:55:18,2026-09-25 13:41:33,16,1080
KDS-ORD-20260925-12911,ORD-20260925-12911,MCH-104,DEV-104-POS,2026-09-25 11:58:17,2026-09-25 11:58:37,2026-09-25 11:58:49,2026-09-25 12:20:17,2,1080
KDS-ORD-20260925-12912,ORD-20260925-12912,MCH-115,DEV-115-POS,2026-09-25 00:02:50,2026-09-25 00:03:10,2026-09-25 00:03:07,2026-09-25 00:30:24,6,1080
KDS-ORD-20260925-12913,ORD-20260925-12913,MCH-108,DEV-108-POS,2026-09-25 19:26:04,2026-09-25 19:26:24,2026-09-25 19:26:47,2026-09-25 19:55:38,12,900
KDS-ORD-20260925-12914,ORD-20260925-12914,MCH-101,DEV-101-POS,2026-09-25 22:01:31,2026-09-25 22:01:51,2026-09-25 22:02:00,2026-09-25 22:17:38,2,720
KDS-ORD-20260925-12915,ORD-20260925-12915,MCH-106,DEV-106-POS,2026-09-25 10:58:40,2026-09-25 10:59:00,2026-09-25 10:59:00,2026-09-25 11:17:44,5,720
KDS-ORD-20260925-12916,ORD-20260925-12916,MCH-109,DEV-109-POS,2026-09-25 18:08:28,2026-09-25 18:08:48,2026-09-25 18:08:52,2026-09-25 18:29:17,5,900
KDS-ORD-20260925-12917,ORD-20260925-12917,MCH-108,DEV-108-POS,2026-09-25 19:52:52,2026-09-25 19:53:12,2026-09-25 19:53:50,2026-09-25 20:30:17,16,900
KDS-ORD-20260925-12918,ORD-20260925-12918,MCH-111,DEV-111-POS,2026-09-25 20:03:48,2026-09-25 20:04:08,2026-09-25 20:04:34,2026-09-25 20:51:59,15,1080
KDS-ORD-20260925-12919,ORD-20260925-12919,MCH-110,DEV-110-POS,2026-09-25 13:23:00,2026-09-25 13:23:20,2026-09-25 13:23:34,2026-09-25 13:48:57,9,720
KDS-ORD-20260925-12920,ORD-20260925-12920,MCH-110,DEV-110-POS,2026-09-25 12:35:58,2026-09-25 12:36:18,2026-09-25 12:36:19,2026-09-25 13:09:38,11,720
KDS-ORD-20260925-12921,ORD-20260925-12921,MCH-115,DEV-115-POS,2026-09-25 12:54:21,2026-09-25 12:54:41,2026-09-25 12:54:47,2026-09-25 13:37:54,14,1080
KDS-ORD-20260925-12922,ORD-20260925-12922,MCH-103,DEV-103-POS,2026-09-25 19:26:57,2026-09-25 19:27:17,2026-09-25 19:27:51,2026-09-25 19:52:23,10,720
KDS-ORD-20260925-12923,ORD-20260925-12923,MCH-113,DEV-113-POS,2026-09-25 20:44:31,2026-09-25 20:44:51,2026-09-25 20:44:59,2026-09-25 21:14:13,16,720
KDS-ORD-20260925-12924,ORD-20260925-12924,MCH-111,DEV-111-POS,2026-09-25 10:50:19,2026-09-25 10:50:39,2026-09-25 10:50:45,2026-09-25 11:09:40,2,1080
KDS-ORD-20260925-12925,ORD-20260925-12925,MCH-112,DEV-112-POS,2026-09-25 12:30:19,2026-09-25 12:30:39,2026-09-25 12:31:07,2026-09-25 13:13:04,16,900
KDS-ORD-20260925-12926,ORD-20260925-12926,MCH-106,DEV-106-POS,2026-09-25 21:14:03,2026-09-25 21:14:23,2026-09-25 21:14:39,2026-09-25 21:42:09,10,720
KDS-ORD-20260925-12927,ORD-20260925-12927,MCH-115,DEV-115-POS,2026-09-25 20:34:24,2026-09-25 20:34:44,2026-09-25 20:35:18,2026-09-25 21:10:17,7,1080
KDS-ORD-20260925-12928,ORD-20260925-12928,MCH-102,DEV-102-POS,2026-09-25 22:44:12,2026-09-25 22:44:32,2026-09-25 22:44:49,2026-09-25 22:58:51,2,720
KDS-ORD-20260925-12929,ORD-20260925-12929,MCH-105,DEV-105-POS,2026-09-25 19:58:35,2026-09-25 19:58:55,2026-09-25 19:59:09,2026-09-25 20:41:14,16,900
KDS-ORD-20260925-12930,ORD-20260925-12930,MCH-103,DEV-103-POS,2026-09-25 12:29:02,2026-09-25 12:29:22,2026-09-25 12:29:36,2026-09-25 12:48:44,6,720
KDS-ORD-20260925-12931,ORD-20260925-12931,MCH-102,DEV-102-POS,2026-09-25 17:39:45,2026-09-25 17:40:05,2026-09-25 17:40:16,2026-09-25 17:52:03,2,720
KDS-ORD-20260925-12932,ORD-20260925-12932,MCH-102,DEV-102-POS,2026-09-25 18:06:56,2026-09-25 18:07:16,2026-09-25 18:07:53,2026-09-25 18:23:57,4,720
KDS-ORD-20260925-12933,ORD-20260925-12933,MCH-103,DEV-103-POS,2026-09-25 07:21:31,2026-09-25 07:21:51,2026-09-25 07:22:01,2026-09-25 07:37:10,4,720
KDS-ORD-20260925-12934,ORD-20260925-12934,MCH-102,DEV-102-POS,2026-09-25 15:50:14,2026-09-25 15:50:34,2026-09-25 15:51:01,2026-09-25 16:04:43,4,720
KDS-ORD-20260925-12935,ORD-20260925-12935,MCH-102,DEV-102-POS,2026-09-25 19:37:43,2026-09-25 19:38:03,2026-09-25 19:38:36,2026-09-25 20:03:40,7,720
KDS-ORD-20260925-12936,ORD-20260925-12936,MCH-104,DEV-104-POS,2026-09-25 09:28:44,2026-09-25 09:29:04,2026-09-25 09:29:18,2026-09-25 09:49:33,3,1080
KDS-ORD-20260925-12937,ORD-20260925-12937,MCH-108,DEV-108-POS,2026-09-25 20:14:27,2026-09-25 20:14:47,2026-09-25 20:14:43,2026-09-25 20:42:47,6,900
KDS-ORD-20260925-12938,ORD-20260925-12938,MCH-107,DEV-107-POS,2026-09-25 16:18:27,2026-09-25 16:18:47,2026-09-25 16:18:47,2026-09-25 16:34:37,2,900
KDS-ORD-20260925-12939,ORD-20260925-12939,MCH-102,DEV-102-POS,2026-09-25 22:03:45,2026-09-25 22:04:05,2026-09-25 22:04:40,2026-09-25 22:22:06,4,720
KDS-ORD-20260925-12940,ORD-20260925-12940,MCH-114,DEV-114-POS,2026-09-25 06:58:37,2026-09-25 06:58:57,2026-09-25 06:59:28,2026-09-25 07:12:07,4,720
KDS-ORD-20260925-12941,ORD-20260925-12941,MCH-108,DEV-108-POS,2026-09-25 11:31:17,2026-09-25 11:31:37,2026-09-25 11:32:03,2026-09-25 11:50:58,2,900
KDS-ORD-20260925-12942,ORD-20260925-12942,MCH-112,DEV-112-POS,2026-09-25 17:58:55,2026-09-25 17:59:15,2026-09-25 17:59:13,2026-09-25 18:16:46,2,900
KDS-ORD-20260925-12943,ORD-20260925-12943,MCH-107,DEV-107-POS,2026-09-25 11:23:13,2026-09-25 11:23:33,2026-09-25 11:23:30,2026-09-25 11:44:05,5,900
KDS-ORD-20260925-12944,ORD-20260925-12944,MCH-108,DEV-108-POS,2026-09-25 19:47:38,2026-09-25 19:47:58,2026-09-25 19:47:57,2026-09-25 20:18:02,9,900
KDS-ORD-20260925-12945,ORD-20260925-12945,MCH-101,DEV-101-POS,2026-09-25 19:51:20,2026-09-25 19:51:40,2026-09-25 19:52:11,2026-09-25 20:14:24,7,720
KDS-ORD-20260925-12946,ORD-20260925-12946,MCH-109,DEV-109-POS,2026-09-25 08:22:52,2026-09-25 08:23:12,2026-09-25 08:23:20,2026-09-25 08:40:34,2,900
KDS-ORD-20260925-12947,ORD-20260925-12947,MCH-111,DEV-111-POS,2026-09-25 14:20:08,2026-09-25 14:20:28,2026-09-25 14:20:29,,8,1080
KDS-ORD-20260925-12948,ORD-20260925-12948,MCH-106,DEV-106-POS,2026-09-25 14:12:02,2026-09-25 14:12:22,2026-09-25 14:13:01,2026-09-25 14:40:10,7,720
KDS-ORD-20260925-12949,ORD-20260925-12949,MCH-103,DEV-103-POS,2026-09-25 12:07:30,2026-09-25 12:07:50,2026-09-25 12:08:24,,6,720
KDS-ORD-20260925-12950,ORD-20260925-12950,MCH-103,DEV-103-POS,2026-09-25 21:25:45,2026-09-25 21:26:05,2026-09-25 21:26:05,2026-09-25 21:57:02,16,720
KDS-ORD-20260925-12951,ORD-20260925-12951,MCH-105,DEV-105-POS,2026-09-25 20:16:01,2026-09-25 20:16:21,2026-09-25 20:16:47,2026-09-25 20:52:02,13,900
KDS-ORD-20260925-12952,ORD-20260925-12952,MCH-109,DEV-109-POS,2026-09-25 19:09:33,2026-09-25 19:09:53,2026-09-25 19:09:51,2026-09-25 19:43:40,16,900
KDS-ORD-20260925-12953,ORD-20260925-12953,MCH-105,DEV-105-POS,2026-09-25 19:21:12,2026-09-25 19:21:32,2026-09-25 19:22:11,2026-09-25 19:52:10,8,900
KDS-ORD-20260925-12954,ORD-20260925-12954,MCH-115,DEV-115-POS,2026-09-25 13:10:24,2026-09-25 13:10:44,2026-09-25 13:11:05,2026-09-25 13:42:12,8,1080
KDS-ORD-20260925-12955,ORD-20260925-12955,MCH-103,DEV-103-POS,2026-09-25 21:45:41,2026-09-25 21:46:01,2026-09-25 21:46:29,2026-09-25 22:13:14,10,720
KDS-ORD-20260925-12956,ORD-20260925-12956,MCH-106,DEV-106-POS,2026-09-25 19:53:05,2026-09-25 19:53:25,2026-09-25 19:53:50,2026-09-25 20:19:22,8,720
KDS-ORD-20260925-12957,ORD-20260925-12957,MCH-102,DEV-102-POS,2026-09-25 19:17:33,2026-09-25 19:17:53,2026-09-25 19:17:59,2026-09-25 19:42:03,7,720
KDS-ORD-20260925-12958,ORD-20260925-12958,MCH-107,DEV-107-POS,2026-09-25 20:11:51,2026-09-25 20:12:11,2026-09-25 20:12:12,2026-09-25 20:46:09,10,900
KDS-ORD-20260925-12959,ORD-20260925-12959,MCH-114,DEV-114-POS,2026-09-25 11:28:51,2026-09-25 11:29:11,2026-09-25 11:29:18,2026-09-25 11:50:16,5,720
KDS-ORD-20260925-12960,ORD-20260925-12960,MCH-111,DEV-111-POS,2026-09-25 20:05:47,2026-09-25 20:06:07,2026-09-25 20:06:39,2026-09-25 20:50:34,15,1080
KDS-ORD-20260925-12961,ORD-20260925-12961,MCH-104,DEV-104-POS,2026-09-25 10:16:40,2026-09-25 10:17:00,2026-09-25 10:17:15,2026-09-25 10:40:01,3,1080
KDS-ORD-20260925-12962,ORD-20260925-12962,MCH-105,DEV-105-POS,2026-09-25 12:19:06,2026-09-25 12:19:26,2026-09-25 12:19:55,2026-09-25 12:53:55,16,900
KDS-ORD-20260925-12963,ORD-20260925-12963,MCH-106,DEV-106-POS,2026-09-25 12:54:32,2026-09-25 12:54:52,2026-09-25 12:54:49,2026-09-25 13:20:55,6,720
KDS-ORD-20260925-12964,ORD-20260925-12964,MCH-113,DEV-113-POS,2026-09-25 22:02:06,2026-09-25 22:02:26,2026-09-25 22:02:32,2026-09-25 22:16:27,2,720
KDS-ORD-20260925-12965,ORD-20260925-12965,MCH-101,DEV-101-POS,2026-09-25 20:57:45,2026-09-25 20:58:05,2026-09-25 20:58:45,2026-09-25 21:22:08,9,720
KDS-ORD-20260925-12966,ORD-20260925-12966,MCH-110,DEV-110-POS,2026-09-25 19:57:41,2026-09-25 19:58:01,2026-09-25 19:58:05,2026-09-25 20:22:10,9,720
KDS-ORD-20260925-12967,ORD-20260925-12967,MCH-108,DEV-108-POS,2026-09-25 19:33:14,2026-09-25 19:33:34,2026-09-25 19:34:09,2026-09-25 19:59:41,6,900
KDS-ORD-20260925-12968,ORD-20260925-12968,MCH-105,DEV-105-POS,2026-09-25 16:25:23,2026-09-25 16:25:43,2026-09-25 16:25:50,2026-09-25 16:47:23,6,900
KDS-ORD-20260925-12969,ORD-20260925-12969,MCH-101,DEV-101-POS,2026-09-25 21:31:13,2026-09-25 21:31:33,2026-09-25 21:32:13,2026-09-25 22:00:24,10,720
KDS-ORD-20260925-12970,ORD-20260925-12970,MCH-110,DEV-110-POS,2026-09-25 14:29:07,2026-09-25 14:29:27,2026-09-25 14:29:32,2026-09-25 14:58:07,7,720
KDS-ORD-20260925-12971,ORD-20260925-12971,MCH-108,DEV-108-POS,2026-09-25 12:39:13,2026-09-25 12:39:33,2026-09-25 12:39:46,2026-09-25 13:14:57,9,900
KDS-ORD-20260925-12972,ORD-20260925-12972,MCH-106,DEV-106-POS,2026-09-25 09:10:54,2026-09-25 09:11:14,2026-09-25 09:11:52,2026-09-25 09:22:38,2,720
KDS-ORD-20260925-12973,ORD-20260925-12973,MCH-110,DEV-110-POS,2026-09-25 20:39:15,2026-09-25 20:39:35,2026-09-25 20:39:54,,16,720
KDS-ORD-20260925-12974,ORD-20260925-12974,MCH-102,DEV-102-POS,2026-09-25 19:08:20,2026-09-25 19:08:40,2026-09-25 19:08:36,2026-09-25 19:49:35,15,720
KDS-ORD-20260925-12975,ORD-20260925-12975,MCH-102,DEV-102-POS,2026-09-25 12:51:21,2026-09-25 12:51:41,2026-09-25 12:51:52,2026-09-25 13:17:05,7,720
KDS-ORD-20260925-12976,ORD-20260925-12976,MCH-104,DEV-104-POS,2026-09-25 04:47:17,2026-09-25 04:47:37,2026-09-25 04:48:00,2026-09-25 05:10:00,5,1080
KDS-ORD-20260925-12977,ORD-20260925-12977,MCH-105,DEV-105-POS,2026-09-25 20:42:19,2026-09-25 20:42:39,2026-09-25 20:42:47,2026-09-25 21:14:41,10,900
KDS-ORD-20260925-12978,ORD-20260925-12978,MCH-108,DEV-108-POS,2026-09-25 02:26:27,2026-09-25 02:26:47,2026-09-25 02:27:24,2026-09-25 02:46:32,5,900
KDS-ORD-20260925-12979,ORD-20260925-12979,MCH-111,DEV-111-POS,2026-09-25 19:43:41,2026-09-25 19:44:01,2026-09-25 19:44:02,2026-09-25 20:19:38,14,1080
KDS-ORD-20260925-12980,ORD-20260925-12980,MCH-106,DEV-106-POS,2026-09-25 22:44:39,2026-09-25 22:44:59,2026-09-25 22:45:38,2026-09-25 22:59:58,4,720
KDS-ORD-20260925-12981,ORD-20260925-12981,MCH-111,DEV-111-POS,2026-09-25 13:29:20,2026-09-25 13:29:40,2026-09-25 13:29:52,2026-09-25 14:01:31,7,1080
KDS-ORD-20260925-12982,ORD-20260925-12982,MCH-111,DEV-111-POS,2026-09-25 11:12:01,2026-09-25 11:12:21,2026-09-25 11:12:16,2026-09-25 11:30:52,2,1080
KDS-ORD-20260925-12983,ORD-20260925-12983,MCH-109,DEV-109-POS,2026-09-25 19:17:03,2026-09-25 19:17:23,2026-09-25 19:17:25,2026-09-25 20:02:32,15,900
KDS-ORD-20260925-12984,ORD-20260925-12984,MCH-115,DEV-115-POS,2026-09-25 20:26:56,2026-09-25 20:27:16,2026-09-25 20:27:55,2026-09-25 21:01:02,7,1080
KDS-ORD-20260925-12985,ORD-20260925-12985,MCH-110,DEV-110-POS,2026-09-25 16:01:03,2026-09-25 16:01:23,2026-09-25 16:01:30,2026-09-25 16:15:46,2,720
KDS-ORD-20260925-12986,ORD-20260925-12986,MCH-110,DEV-110-POS,2026-09-25 22:45:52,2026-09-25 22:46:12,2026-09-25 22:46:28,2026-09-25 23:00:31,4,720
KDS-ORD-20260925-12987,ORD-20260925-12987,MCH-105,DEV-105-POS,2026-09-25 06:05:12,2026-09-25 06:05:32,2026-09-25 06:06:02,2026-09-25 06:25:29,5,900
KDS-ORD-20260925-12988,ORD-20260925-12988,MCH-107,DEV-107-POS,2026-09-25 15:02:38,2026-09-25 15:02:58,2026-09-25 15:03:04,2026-09-25 15:40:20,11,900
KDS-ORD-20260925-12989,ORD-20260925-12989,MCH-114,DEV-114-POS,2026-09-25 19:58:04,2026-09-25 19:58:24,2026-09-25 19:58:31,2026-09-25 20:27:31,11,720
KDS-ORD-20260925-12990,ORD-20260925-12990,MCH-110,DEV-110-POS,2026-09-25 20:11:21,2026-09-25 20:11:41,2026-09-25 20:11:43,2026-09-25 20:44:25,12,720
KDS-ORD-20260925-12991,ORD-20260925-12991,MCH-101,DEV-101-POS,2026-09-25 10:21:05,2026-09-25 10:21:25,2026-09-25 10:21:49,2026-09-25 10:36:29,5,720
KDS-ORD-20260925-12992,ORD-20260925-12992,MCH-107,DEV-107-POS,2026-09-25 20:17:23,2026-09-25 20:17:43,2026-09-25 20:17:48,2026-09-25 20:53:34,11,900
KDS-ORD-20260925-12993,ORD-20260925-12993,MCH-106,DEV-106-POS,2026-09-25 15:16:24,2026-09-25 15:16:44,2026-09-25 15:16:51,2026-09-25 15:32:50,5,720
KDS-ORD-20260925-12994,ORD-20260925-12994,MCH-102,DEV-102-POS,2026-09-25 13:14:07,2026-09-25 13:14:27,2026-09-25 13:14:24,2026-09-25 13:50:39,14,720
KDS-ORD-20260925-12995,ORD-20260925-12995,MCH-103,DEV-103-POS,2026-09-25 08:15:37,2026-09-25 08:15:57,2026-09-25 08:16:35,2026-09-25 08:33:54,4,720
KDS-ORD-20260925-12996,ORD-20260925-12996,MCH-102,DEV-102-POS,2026-09-25 21:03:28,2026-09-25 21:03:48,2026-09-25 21:04:01,2026-09-25 21:29:29,6,720
KDS-ORD-20260925-12997,ORD-20260925-12997,MCH-111,DEV-111-POS,2026-09-25 09:23:30,2026-09-25 09:23:50,2026-09-25 09:24:09,2026-09-25 09:47:17,5,1080
KDS-ORD-20260925-12998,ORD-20260925-12998,MCH-103,DEV-103-POS,2026-09-25 12:27:08,2026-09-25 12:27:28,2026-09-25 12:27:44,2026-09-25 12:51:43,8,720
KDS-ORD-20260925-12999,ORD-20260925-12999,MCH-109,DEV-109-POS,2026-09-25 11:45:11,2026-09-25 11:45:31,2026-09-25 11:46:10,2026-09-25 12:06:54,4,900
KDS-ORD-20260925-13000,ORD-20260925-13000,MCH-110,DEV-110-POS,2026-09-25 20:31:15,2026-09-25 20:31:35,2026-09-25 20:31:59,2026-09-25 20:56:45,8,720
KDS-ORD-20260925-13001,ORD-20260925-13001,MCH-115,DEV-115-POS,2026-09-25 18:36:54,2026-09-25 18:37:14,2026-09-25 18:37:42,2026-09-25 18:55:18,2,1080
KDS-ORD-20260925-13002,ORD-20260925-13002,MCH-103,DEV-103-POS,2026-09-25 20:28:50,2026-09-25 20:29:10,2026-09-25 20:29:20,2026-09-25 21:00:59,13,720
KDS-ORD-20260925-13003,ORD-20260925-13003,MCH-108,DEV-108-POS,2026-09-25 11:46:32,2026-09-25 11:46:52,2026-09-25 11:47:18,2026-09-25 12:02:40,2,900
KDS-ORD-20260925-13004,ORD-20260925-13004,MCH-111,DEV-111-POS,2026-09-25 18:57:29,2026-09-25 18:57:49,2026-09-25 18:58:21,2026-09-25 19:19:41,4,1080
KDS-ORD-20260925-13005,ORD-20260925-13005,MCH-104,DEV-104-POS,2026-09-25 16:48:21,2026-09-25 16:48:41,2026-09-25 16:48:44,2026-09-25 17:09:43,5,1080
KDS-ORD-20260925-13006,ORD-20260925-13006,MCH-106,DEV-106-POS,2026-09-25 20:45:04,2026-09-25 20:45:24,2026-09-25 20:45:49,2026-09-25 21:18:29,10,720
KDS-ORD-20260925-13007,ORD-20260925-13007,MCH-108,DEV-108-POS,2026-09-25 21:18:18,2026-09-25 21:18:38,2026-09-25 21:18:59,2026-09-25 21:51:43,10,900
KDS-ORD-20260925-13008,ORD-20260925-13008,MCH-102,DEV-102-POS,2026-09-25 02:06:22,2026-09-25 02:06:42,2026-09-25 02:06:47,2026-09-25 02:25:37,6,720
KDS-ORD-20260925-13009,ORD-20260925-13009,MCH-101,DEV-101-POS,2026-09-25 18:08:33,2026-09-25 18:08:53,2026-09-25 18:09:04,2026-09-25 18:24:02,6,720
KDS-ORD-20260925-13010,ORD-20260925-13010,MCH-113,DEV-113-POS,2026-09-25 06:31:18,2026-09-25 06:31:38,2026-09-25 06:32:12,2026-09-25 06:46:22,2,720
KDS-ORD-20260925-13011,ORD-20260925-13011,MCH-108,DEV-108-POS,2026-09-25 15:08:17,2026-09-25 15:08:37,2026-09-25 15:09:02,2026-09-25 15:25:45,4,900
KDS-ORD-20260925-13012,ORD-20260925-13012,MCH-101,DEV-101-POS,2026-09-25 11:08:31,2026-09-25 11:08:51,2026-09-25 11:09:20,2026-09-25 11:26:42,6,720
KDS-ORD-20260925-13013,ORD-20260925-13013,MCH-109,DEV-109-POS,2026-09-25 12:06:35,2026-09-25 12:06:55,2026-09-25 12:07:01,2026-09-25 12:38:46,12,900
KDS-ORD-20260925-13014,ORD-20260925-13014,MCH-109,DEV-109-POS,2026-09-25 12:33:16,2026-09-25 12:33:36,2026-09-25 12:33:38,2026-09-25 13:07:22,8,900
KDS-ORD-20260925-13015,ORD-20260925-13015,MCH-115,DEV-115-POS,2026-09-25 17:42:50,2026-09-25 17:43:10,2026-09-25 17:43:21,2026-09-25 18:02:09,2,1080
KDS-ORD-20260925-13016,ORD-20260925-13016,MCH-109,DEV-109-POS,2026-09-25 12:02:55,2026-09-25 12:03:15,2026-09-25 12:03:19,2026-09-25 12:45:37,16,900
KDS-ORD-20260925-13017,ORD-20260925-13017,MCH-107,DEV-107-POS,2026-09-25 19:54:23,2026-09-25 19:54:43,2026-09-25 19:54:46,2026-09-25 20:29:41,9,900
KDS-ORD-20260925-13018,ORD-20260925-13018,MCH-105,DEV-105-POS,2026-09-25 13:23:06,2026-09-25 13:23:26,2026-09-25 13:23:43,2026-09-25 13:50:08,6,900
KDS-ORD-20260925-13019,ORD-20260925-13019,MCH-103,DEV-103-POS,2026-09-25 07:37:03,2026-09-25 07:37:23,2026-09-25 07:37:25,2026-09-25 07:55:23,4,720
KDS-ORD-20260925-13020,ORD-20260925-13020,MCH-104,DEV-104-POS,2026-09-25 20:58:06,2026-09-25 20:58:26,2026-09-25 20:59:04,2026-09-25 21:35:51,10,1080
KDS-ORD-20260925-13021,ORD-20260925-13021,MCH-112,DEV-112-POS,2026-09-25 11:59:54,2026-09-25 12:00:14,2026-09-25 12:00:25,2026-09-25 12:20:59,5,900
KDS-ORD-20260925-13022,ORD-20260925-13022,MCH-113,DEV-113-POS,2026-09-25 13:34:18,2026-09-25 13:34:38,2026-09-25 13:34:50,2026-09-25 14:03:50,13,720
KDS-ORD-20260925-13023,ORD-20260925-13023,MCH-106,DEV-106-POS,2026-09-25 19:15:51,2026-09-25 19:16:11,2026-09-25 19:16:25,,16,720
KDS-ORD-20260925-13024,ORD-20260925-13024,MCH-113,DEV-113-POS,2026-09-25 12:44:46,2026-09-25 12:45:06,2026-09-25 12:45:05,2026-09-25 13:11:58,7,720
KDS-ORD-20260925-13025,ORD-20260925-13025,MCH-108,DEV-108-POS,2026-09-25 06:08:31,2026-09-25 06:08:51,2026-09-25 06:09:30,2026-09-25 06:25:20,3,900
KDS-ORD-20260925-13026,ORD-20260925-13026,MCH-114,DEV-114-POS,2026-09-25 12:49:05,2026-09-25 12:49:25,2026-09-25 12:49:42,2026-09-25 13:17:21,8,720
KDS-ORD-20260925-13027,ORD-20260925-13027,MCH-108,DEV-108-POS,2026-09-25 21:12:28,2026-09-25 21:12:48,2026-09-25 21:13:10,2026-09-25 21:37:48,6,900
KDS-ORD-20260925-13028,ORD-20260925-13028,MCH-105,DEV-105-POS,2026-09-25 18:03:01,2026-09-25 18:03:21,2026-09-25 18:03:54,2026-09-25 18:19:14,3,900
KDS-ORD-20260925-13029,ORD-20260925-13029,MCH-101,DEV-101-POS,2026-09-25 18:18:01,2026-09-25 18:18:21,2026-09-25 18:18:30,2026-09-25 18:32:14,2,720
KDS-ORD-20260925-13030,ORD-20260925-13030,MCH-105,DEV-105-POS,2026-09-25 18:19:30,2026-09-25 18:19:50,2026-09-25 18:20:02,2026-09-25 18:37:07,5,900
KDS-ORD-20260925-13031,ORD-20260925-13031,MCH-110,DEV-110-POS,2026-09-25 10:55:35,2026-09-25 10:55:55,2026-09-25 10:56:06,2026-09-25 11:13:45,4,720
KDS-ORD-20260925-13032,ORD-20260925-13032,MCH-114,DEV-114-POS,2026-09-25 13:40:42,2026-09-25 13:41:02,2026-09-25 13:41:24,2026-09-25 14:10:53,16,720
KDS-ORD-20260925-13033,ORD-20260925-13033,MCH-106,DEV-106-POS,2026-09-25 19:08:19,2026-09-25 19:08:39,2026-09-25 19:08:38,2026-09-25 19:45:09,16,720
KDS-ORD-20260925-13034,ORD-20260925-13034,MCH-101,DEV-101-POS,2026-09-25 08:48:58,2026-09-25 08:49:18,2026-09-25 08:49:38,2026-09-25 09:01:27,5,720
KDS-ORD-20260925-13035,ORD-20260925-13035,MCH-109,DEV-109-POS,2026-09-25 11:25:54,2026-09-25 11:26:14,2026-09-25 11:26:24,2026-09-25 11:45:11,3,900
KDS-ORD-20260925-13036,ORD-20260925-13036,MCH-101,DEV-101-POS,2026-09-25 11:23:56,2026-09-25 11:24:16,2026-09-25 11:24:34,2026-09-25 11:37:09,2,720
KDS-ORD-20260925-13037,ORD-20260925-13037,MCH-103,DEV-103-POS,2026-09-25 13:07:32,2026-09-25 13:07:52,2026-09-25 13:07:50,2026-09-25 13:42:14,14,720
KDS-ORD-20260925-13038,ORD-20260925-13038,MCH-106,DEV-106-POS,2026-09-25 22:14:35,2026-09-25 22:14:55,2026-09-25 22:15:17,2026-09-25 22:34:08,4,720
KDS-ORD-20260925-13039,ORD-20260925-13039,MCH-114,DEV-114-POS,2026-09-25 07:36:29,2026-09-25 07:36:49,2026-09-25 07:37:25,2026-09-25 07:47:29,2,720
KDS-ORD-20260925-13040,ORD-20260925-13040,MCH-106,DEV-106-POS,2026-09-25 14:53:14,2026-09-25 14:53:34,2026-09-25 14:53:39,2026-09-25 15:23:04,10,720
KDS-ORD-20260925-13041,ORD-20260925-13041,MCH-110,DEV-110-POS,2026-09-25 10:47:26,2026-09-25 10:47:46,2026-09-25 10:48:16,2026-09-25 11:05:02,2,720
KDS-ORD-20260925-13042,ORD-20260925-13042,MCH-109,DEV-109-POS,2026-09-25 22:46:01,2026-09-25 22:46:21,2026-09-25 22:46:22,2026-09-25 23:05:48,3,900
KDS-ORD-20260925-13043,ORD-20260925-13043,MCH-111,DEV-111-POS,2026-09-25 08:01:27,2026-09-25 08:01:47,2026-09-25 08:02:21,2026-09-25 08:25:37,4,1080
KDS-ORD-20260925-13044,ORD-20260925-13044,MCH-102,DEV-102-POS,2026-09-25 13:25:59,2026-09-25 13:26:19,2026-09-25 13:26:50,2026-09-25 13:58:15,12,720
KDS-ORD-20260925-13045,ORD-20260925-13045,MCH-114,DEV-114-POS,2026-09-25 19:08:09,2026-09-25 19:08:29,2026-09-25 19:08:54,2026-09-25 19:36:20,10,720
KDS-ORD-20260925-13046,ORD-20260925-13046,MCH-115,DEV-115-POS,2026-09-25 19:52:44,2026-09-25 19:53:04,2026-09-25 19:53:15,,12,1080
KDS-ORD-20260925-13047,ORD-20260925-13047,MCH-107,DEV-107-POS,2026-09-25 13:36:49,2026-09-25 13:37:09,2026-09-25 13:37:34,2026-09-25 14:14:14,10,900
KDS-ORD-20260925-13048,ORD-20260925-13048,MCH-112,DEV-112-POS,2026-09-25 12:02:43,2026-09-25 12:03:03,2026-09-25 12:03:18,2026-09-25 12:32:07,9,900
KDS-ORD-20260925-13049,ORD-20260925-13049,MCH-107,DEV-107-POS,2026-09-25 13:44:21,2026-09-25 13:44:41,2026-09-25 13:44:50,2026-09-25 14:16:51,11,900
KDS-ORD-20260925-13050,ORD-20260925-13050,MCH-102,DEV-102-POS,2026-09-25 11:21:41,2026-09-25 11:22:01,2026-09-25 11:22:29,2026-09-25 11:35:54,2,720
KDS-ORD-20260925-13051,ORD-20260925-13051,MCH-110,DEV-110-POS,2026-09-25 10:17:01,2026-09-25 10:17:21,2026-09-25 10:17:47,2026-09-25 10:37:31,6,720
KDS-ORD-20260925-13052,ORD-20260925-13052,MCH-101,DEV-101-POS,2026-09-25 14:38:40,2026-09-25 14:39:00,2026-09-25 14:39:37,2026-09-25 15:01:32,7,720
KDS-ORD-20260925-13053,ORD-20260925-13053,MCH-104,DEV-104-POS,2026-09-25 11:03:41,2026-09-25 11:04:01,2026-09-25 11:04:37,2026-09-25 11:27:03,2,1080
KDS-ORD-20260925-13054,ORD-20260925-13054,MCH-114,DEV-114-POS,2026-09-25 11:52:52,2026-09-25 11:53:12,2026-09-25 11:53:08,2026-09-25 12:08:24,5,720
KDS-ORD-20260925-13055,ORD-20260925-13055,MCH-112,DEV-112-POS,2026-09-25 18:06:08,2026-09-25 18:06:28,2026-09-25 18:06:39,2026-09-25 18:24:31,2,900
KDS-ORD-20260925-13056,ORD-20260925-13056,MCH-109,DEV-109-POS,2026-09-25 22:09:58,2026-09-25 22:10:18,2026-09-25 22:10:23,2026-09-25 22:31:20,5,900
KDS-ORD-20260925-13057,ORD-20260925-13057,MCH-107,DEV-107-POS,2026-09-25 17:48:00,2026-09-25 17:48:20,2026-09-25 17:48:47,2026-09-25 18:11:50,5,900
KDS-ORD-20260925-13058,ORD-20260925-13058,MCH-112,DEV-112-POS,2026-09-25 07:48:29,2026-09-25 07:48:49,2026-09-25 07:49:00,2026-09-25 08:07:49,2,900
KDS-ORD-20260925-13059,ORD-20260925-13059,MCH-101,DEV-101-POS,2026-09-25 07:41:01,2026-09-25 07:41:21,2026-09-25 07:41:55,2026-09-25 07:54:13,4,720
KDS-ORD-20260925-13060,ORD-20260925-13060,MCH-111,DEV-111-POS,2026-09-25 22:33:14,2026-09-25 22:33:34,2026-09-25 22:33:40,2026-09-25 22:57:47,5,1080
KDS-ORD-20260925-13061,ORD-20260925-13061,MCH-109,DEV-109-POS,2026-09-25 11:30:29,2026-09-25 11:30:49,2026-09-25 11:31:23,2026-09-25 11:49:04,6,900
KDS-ORD-20260925-13062,ORD-20260925-13062,MCH-112,DEV-112-POS,2026-09-25 07:55:09,2026-09-25 07:55:29,2026-09-25 07:55:53,2026-09-25 08:15:32,4,900
KDS-ORD-20260925-13063,ORD-20260925-13063,MCH-101,DEV-101-POS,2026-09-25 17:52:49,2026-09-25 17:53:09,2026-09-25 17:53:32,2026-09-25 18:11:26,5,720
KDS-ORD-20260925-13064,ORD-20260925-13064,MCH-101,DEV-101-POS,2026-09-25 18:49:04,2026-09-25 18:49:24,2026-09-25 18:49:37,2026-09-25 19:06:36,3,720
KDS-ORD-20260925-13065,ORD-20260925-13065,MCH-112,DEV-112-POS,2026-09-25 18:42:11,2026-09-25 18:42:31,2026-09-25 18:42:36,2026-09-25 19:00:20,2,900
KDS-ORD-20260925-13066,ORD-20260925-13066,MCH-105,DEV-105-POS,2026-09-25 11:56:05,2026-09-25 11:56:25,2026-09-25 11:56:26,2026-09-25 12:17:33,6,900
KDS-ORD-20260925-13067,ORD-20260925-13067,MCH-112,DEV-112-POS,2026-09-25 03:19:14,2026-09-25 03:19:34,2026-09-25 03:19:35,2026-09-25 03:35:37,2,900
KDS-ORD-20260925-13068,ORD-20260925-13068,MCH-102,DEV-102-POS,2026-09-25 22:22:46,2026-09-25 22:23:06,2026-09-25 22:23:11,2026-09-25 22:36:54,2,720
KDS-ORD-20260925-13069,ORD-20260925-13069,MCH-110,DEV-110-POS,2026-09-25 11:30:16,2026-09-25 11:30:36,2026-09-25 11:30:45,2026-09-25 11:47:07,5,720
KDS-ORD-20260925-13070,ORD-20260925-13070,MCH-107,DEV-107-POS,2026-09-25 19:56:36,2026-09-25 19:56:56,2026-09-25 19:57:26,2026-09-25 20:28:06,9,900
KDS-ORD-20260925-13071,ORD-20260925-13071,MCH-112,DEV-112-POS,2026-09-25 19:19:47,2026-09-25 19:20:07,2026-09-25 19:20:44,,13,900
KDS-ORD-20260925-13072,ORD-20260925-13072,MCH-111,DEV-111-POS,2026-09-25 17:50:16,2026-09-25 17:50:36,2026-09-25 17:50:52,2026-09-25 18:12:57,2,1080
KDS-ORD-20260925-13073,ORD-20260925-13073,MCH-107,DEV-107-POS,2026-09-25 12:41:24,2026-09-25 12:41:44,2026-09-25 12:42:10,,16,900
KDS-ORD-20260925-13074,ORD-20260925-13074,MCH-106,DEV-106-POS,2026-09-25 11:37:06,2026-09-25 11:37:26,2026-09-25 11:38:01,2026-09-25 11:53:02,2,720
KDS-ORD-20260925-13075,ORD-20260925-13075,MCH-114,DEV-114-POS,2026-09-25 17:56:38,2026-09-25 17:56:58,2026-09-25 17:57:22,2026-09-25 18:11:19,3,720
KDS-ORD-20260925-13076,ORD-20260925-13076,MCH-104,DEV-104-POS,2026-09-25 20:34:42,2026-09-25 20:35:02,2026-09-25 20:35:35,2026-09-25 21:12:54,13,1080
KDS-ORD-20260925-13077,ORD-20260925-13077,MCH-112,DEV-112-POS,2026-09-25 21:50:03,2026-09-25 21:50:23,2026-09-25 21:50:52,,13,900
KDS-ORD-20260925-13078,ORD-20260925-13078,MCH-101,DEV-101-POS,2026-09-25 08:51:39,2026-09-25 08:51:59,2026-09-25 08:52:37,2026-09-25 09:03:55,2,720
KDS-ORD-20260925-13079,ORD-20260925-13079,MCH-113,DEV-113-POS,2026-09-25 09:15:29,2026-09-25 09:15:49,2026-09-25 09:16:23,2026-09-25 09:33:43,5,720
KDS-ORD-20260925-13080,ORD-20260925-13080,MCH-104,DEV-104-POS,2026-09-25 21:03:16,2026-09-25 21:03:36,2026-09-25 21:03:39,2026-09-25 21:35:33,6,1080
KDS-ORD-20260925-13081,ORD-20260925-13081,MCH-105,DEV-105-POS,2026-09-25 19:09:26,2026-09-25 19:09:46,2026-09-25 19:10:04,2026-09-25 19:40:33,12,900
KDS-ORD-20260925-13082,ORD-20260925-13082,MCH-112,DEV-112-POS,2026-09-25 21:38:27,2026-09-25 21:38:47,2026-09-25 21:38:52,2026-09-25 22:17:43,13,900
KDS-ORD-20260925-13083,ORD-20260925-13083,MCH-114,DEV-114-POS,2026-09-25 10:12:13,2026-09-25 10:12:33,2026-09-25 10:13:12,2026-09-25 10:28:49,4,720
KDS-ORD-20260925-13084,ORD-20260925-13084,MCH-113,DEV-113-POS,2026-09-25 17:11:11,2026-09-25 17:11:31,2026-09-25 17:11:36,2026-09-25 17:26:40,2,720
KDS-ORD-20260925-13085,ORD-20260925-13085,MCH-107,DEV-107-POS,2026-09-25 19:52:29,2026-09-25 19:52:49,2026-09-25 19:53:06,2026-09-25 20:25:00,9,900
KDS-ORD-20260925-13086,ORD-20260925-13086,MCH-115,DEV-115-POS,2026-09-25 19:35:26,2026-09-25 19:35:46,2026-09-25 19:36:10,2026-09-25 20:19:36,14,1080
KDS-ORD-20260925-13087,ORD-20260925-13087,MCH-104,DEV-104-POS,2026-09-25 13:15:57,2026-09-25 13:16:17,2026-09-25 13:16:15,2026-09-25 14:01:14,14,1080
KDS-ORD-20260925-13088,ORD-20260925-13088,MCH-109,DEV-109-POS,2026-09-25 03:24:16,2026-09-25 03:24:36,2026-09-25 03:24:34,2026-09-25 03:43:23,4,900
KDS-ORD-20260925-13089,ORD-20260925-13089,MCH-114,DEV-114-POS,2026-09-25 16:41:48,2026-09-25 16:42:08,2026-09-25 16:42:12,2026-09-25 16:56:06,4,720
KDS-ORD-20260925-13090,ORD-20260925-13090,MCH-105,DEV-105-POS,2026-09-25 11:54:13,2026-09-25 11:54:33,2026-09-25 11:54:49,2026-09-25 12:14:48,5,900
KDS-ORD-20260925-13091,ORD-20260925-13091,MCH-112,DEV-112-POS,2026-09-25 13:52:22,2026-09-25 13:52:42,2026-09-25 13:52:40,2026-09-25 14:29:58,14,900
KDS-ORD-20260925-13092,ORD-20260925-13092,MCH-113,DEV-113-POS,2026-09-25 22:32:06,2026-09-25 22:32:26,2026-09-25 22:32:25,2026-09-25 22:50:21,6,720
KDS-ORD-20260925-13093,ORD-20260925-13093,MCH-114,DEV-114-POS,2026-09-25 13:16:39,2026-09-25 13:16:59,2026-09-25 13:17:09,,9,720
KDS-ORD-20260925-13094,ORD-20260925-13094,MCH-109,DEV-109-POS,2026-09-25 20:06:22,2026-09-25 20:06:42,2026-09-25 20:06:57,2026-09-25 20:39:02,11,900
KDS-ORD-20260925-13095,ORD-20260925-13095,MCH-106,DEV-106-POS,2026-09-25 10:57:35,2026-09-25 10:57:55,2026-09-25 10:57:59,2026-09-25 11:10:28,2,720
KDS-ORD-20260925-13096,ORD-20260925-13096,MCH-101,DEV-101-POS,2026-09-25 18:57:37,2026-09-25 18:57:57,2026-09-25 18:57:56,2026-09-25 19:12:23,2,720
KDS-ORD-20260925-13097,ORD-20260925-13097,MCH-114,DEV-114-POS,2026-09-25 22:24:51,2026-09-25 22:25:11,2026-09-25 22:25:45,2026-09-25 22:39:14,4,720
KDS-ORD-20260925-13098,ORD-20260925-13098,MCH-101,DEV-101-POS,2026-09-25 08:48:27,2026-09-25 08:48:47,2026-09-25 08:49:06,2026-09-25 09:03:03,4,720
KDS-ORD-20260925-13099,ORD-20260925-13099,MCH-110,DEV-110-POS,2026-09-25 01:12:46,2026-09-25 01:13:06,2026-09-25 01:13:36,2026-09-25 01:34:00,6,720
KDS-ORD-20260925-13100,ORD-20260925-13100,MCH-101,DEV-101-POS,2026-09-25 13:40:25,2026-09-25 13:40:45,2026-09-25 13:41:20,2026-09-25 14:07:53,6,720
KDS-ORD-20260925-13101,ORD-20260925-13101,MCH-112,DEV-112-POS,2026-09-25 07:09:45,2026-09-25 07:10:05,2026-09-25 07:10:11,2026-09-25 07:24:30,2,900
KDS-ORD-20260925-13102,ORD-20260925-13102,MCH-101,DEV-101-POS,2026-09-25 19:41:00,2026-09-25 19:41:20,2026-09-25 19:41:15,2026-09-25 20:13:31,15,720
KDS-ORD-20260925-13103,ORD-20260925-13103,MCH-114,DEV-114-POS,2026-09-25 21:10:01,2026-09-25 21:10:21,2026-09-25 21:10:51,2026-09-25 21:44:17,15,720
KDS-ORD-20260925-13104,ORD-20260925-13104,MCH-114,DEV-114-POS,2026-09-25 13:57:49,2026-09-25 13:58:09,2026-09-25 13:58:26,2026-09-25 14:30:17,13,720
KDS-ORD-20260925-13105,ORD-20260925-13105,MCH-110,DEV-110-POS,2026-09-25 11:18:14,2026-09-25 11:18:34,2026-09-25 11:18:30,2026-09-25 11:32:35,2,720
KDS-ORD-20260925-13106,ORD-20260925-13106,MCH-103,DEV-103-POS,2026-09-25 13:57:11,2026-09-25 13:57:31,2026-09-25 13:58:11,2026-09-25 14:30:00,10,720
KDS-ORD-20260925-13107,ORD-20260925-13107,MCH-108,DEV-108-POS,2026-09-25 19:56:19,2026-09-25 19:56:39,2026-09-25 19:57:01,2026-09-25 20:39:05,16,900
KDS-ORD-20260925-13108,ORD-20260925-13108,MCH-105,DEV-105-POS,2026-09-25 01:42:46,2026-09-25 01:43:06,2026-09-25 01:43:09,2026-09-25 02:05:00,4,900
KDS-ORD-20260925-13109,ORD-20260925-13109,MCH-108,DEV-108-POS,2026-09-25 17:38:06,2026-09-25 17:38:26,2026-09-25 17:38:43,2026-09-25 17:57:55,3,900
KDS-ORD-20260925-13110,ORD-20260925-13110,MCH-112,DEV-112-POS,2026-09-25 17:53:59,2026-09-25 17:54:19,2026-09-25 17:54:28,2026-09-25 18:13:38,4,900
KDS-ORD-20260925-13111,ORD-20260925-13111,MCH-113,DEV-113-POS,2026-09-25 18:10:13,2026-09-25 18:10:33,2026-09-25 18:10:35,2026-09-25 18:24:38,3,720
KDS-ORD-20260925-13112,ORD-20260925-13112,MCH-103,DEV-103-POS,2026-09-25 11:35:26,2026-09-25 11:35:46,2026-09-25 11:36:05,2026-09-25 11:50:39,2,720
KDS-ORD-20260925-13113,ORD-20260925-13113,MCH-103,DEV-103-POS,2026-09-25 19:31:00,2026-09-25 19:31:20,2026-09-25 19:31:38,2026-09-25 20:02:34,14,720
KDS-ORD-20260925-13114,ORD-20260925-13114,MCH-106,DEV-106-POS,2026-09-25 07:24:14,2026-09-25 07:24:34,2026-09-25 07:24:57,2026-09-25 07:36:25,3,720
KDS-ORD-20260925-13115,ORD-20260925-13115,MCH-108,DEV-108-POS,2026-09-25 10:16:24,2026-09-25 10:16:44,2026-09-25 10:16:59,2026-09-25 10:36:50,5,900
KDS-ORD-20260925-13116,ORD-20260925-13116,MCH-103,DEV-103-POS,2026-09-25 21:41:04,2026-09-25 21:41:24,2026-09-25 21:41:22,2026-09-25 22:13:26,13,720
KDS-ORD-20260925-13117,ORD-20260925-13117,MCH-107,DEV-107-POS,2026-09-25 19:12:49,2026-09-25 19:13:09,2026-09-25 19:13:39,2026-09-25 19:44:53,8,900
KDS-ORD-20260925-13118,ORD-20260925-13118,MCH-115,DEV-115-POS,2026-09-25 02:21:31,2026-09-25 02:21:51,2026-09-25 02:22:27,2026-09-25 02:44:15,4,1080
KDS-ORD-20260925-13119,ORD-20260925-13119,MCH-103,DEV-103-POS,2026-09-25 11:56:02,2026-09-25 11:56:22,2026-09-25 11:56:30,2026-09-25 12:13:04,3,720
KDS-ORD-20260925-13120,ORD-20260925-13120,MCH-109,DEV-109-POS,2026-09-25 10:29:58,2026-09-25 10:30:18,2026-09-25 10:30:20,2026-09-25 10:48:02,4,900
KDS-ORD-20260925-13121,ORD-20260925-13121,MCH-110,DEV-110-POS,2026-09-25 11:49:54,2026-09-25 11:50:14,2026-09-25 11:50:14,2026-09-25 12:03:10,3,720
KDS-ORD-20260925-13122,ORD-20260925-13122,MCH-108,DEV-108-POS,2026-09-25 12:00:09,2026-09-25 12:00:29,2026-09-25 12:00:58,2026-09-25 12:18:21,3,900
KDS-ORD-20260925-13123,ORD-20260925-13123,MCH-107,DEV-107-POS,2026-09-25 06:35:35,2026-09-25 06:35:55,2026-09-25 06:36:05,2026-09-25 06:53:22,3,900
KDS-ORD-20260925-13124,ORD-20260925-13124,MCH-105,DEV-105-POS,2026-09-25 13:57:03,2026-09-25 13:57:23,2026-09-25 13:57:59,,11,900
KDS-ORD-20260925-13125,ORD-20260925-13125,MCH-103,DEV-103-POS,2026-09-25 19:09:53,2026-09-25 19:10:13,2026-09-25 19:10:16,2026-09-25 19:35:41,9,720
KDS-ORD-20260925-13126,ORD-20260925-13126,MCH-103,DEV-103-POS,2026-09-25 17:39:51,2026-09-25 17:40:11,2026-09-25 17:40:40,2026-09-25 17:55:11,3,720
KDS-ORD-20260925-13127,ORD-20260925-13127,MCH-115,DEV-115-POS,2026-09-25 18:24:13,2026-09-25 18:24:33,2026-09-25 18:24:31,2026-09-25 18:44:36,3,1080
KDS-ORD-20260925-13128,ORD-20260925-13128,MCH-115,DEV-115-POS,2026-09-25 07:32:54,2026-09-25 07:33:14,2026-09-25 07:33:19,2026-09-25 07:56:28,4,1080
KDS-ORD-20260925-13129,ORD-20260925-13129,MCH-110,DEV-110-POS,2026-09-25 22:05:45,2026-09-25 22:06:05,2026-09-25 22:06:30,2026-09-25 22:18:09,3,720
KDS-ORD-20260925-13130,ORD-20260925-13130,MCH-114,DEV-114-POS,2026-09-25 20:27:00,2026-09-25 20:27:20,2026-09-25 20:27:25,2026-09-25 20:52:04,7,720
KDS-ORD-20260925-13131,ORD-20260925-13131,MCH-102,DEV-102-POS,2026-09-25 20:48:02,2026-09-25 20:48:22,2026-09-25 20:48:18,2026-09-25 21:19:54,12,720
KDS-ORD-20260925-13132,ORD-20260925-13132,MCH-109,DEV-109-POS,2026-09-25 20:47:58,2026-09-25 20:48:18,2026-09-25 20:48:26,2026-09-25 21:20:32,10,900
KDS-ORD-20260925-13133,ORD-20260925-13133,MCH-106,DEV-106-POS,2026-09-25 21:48:05,2026-09-25 21:48:25,2026-09-25 21:48:21,2026-09-25 22:14:13,8,720
KDS-ORD-20260925-13134,ORD-20260925-13134,MCH-108,DEV-108-POS,2026-09-25 15:56:02,2026-09-25 15:56:22,2026-09-25 15:56:30,2026-09-25 16:19:10,5,900
KDS-ORD-20260925-13135,ORD-20260925-13135,MCH-106,DEV-106-POS,2026-09-25 10:44:25,2026-09-25 10:44:45,2026-09-25 10:44:49,2026-09-25 10:58:38,3,720
KDS-ORD-20260925-13136,ORD-20260925-13136,MCH-102,DEV-102-POS,2026-09-25 17:52:35,2026-09-25 17:52:55,2026-09-25 17:52:59,2026-09-25 18:08:23,2,720
KDS-ORD-20260925-13137,ORD-20260925-13137,MCH-105,DEV-105-POS,2026-09-25 19:06:06,2026-09-25 19:06:26,2026-09-25 19:06:36,2026-09-25 19:42:54,9,900
KDS-ORD-20260925-13138,ORD-20260925-13138,MCH-101,DEV-101-POS,2026-09-25 19:36:30,2026-09-25 19:36:50,2026-09-25 19:37:02,2026-09-25 20:00:54,13,720
KDS-ORD-20260925-13139,ORD-20260925-13139,MCH-112,DEV-112-POS,2026-09-25 14:59:46,2026-09-25 15:00:06,2026-09-25 15:00:03,2026-09-25 15:36:00,12,900
KDS-ORD-20260925-13140,ORD-20260925-13140,MCH-108,DEV-108-POS,2026-09-25 07:32:34,2026-09-25 07:32:54,2026-09-25 07:33:25,2026-09-25 07:51:21,3,900
KDS-ORD-20260925-13141,ORD-20260925-13141,MCH-111,DEV-111-POS,2026-09-25 12:04:58,2026-09-25 12:05:18,2026-09-25 12:05:15,2026-09-25 12:42:22,9,1080
KDS-ORD-20260925-13142,ORD-20260925-13142,MCH-112,DEV-112-POS,2026-09-25 21:27:11,2026-09-25 21:27:31,2026-09-25 21:27:46,2026-09-25 22:07:43,16,900
KDS-ORD-20260925-13143,ORD-20260925-13143,MCH-105,DEV-105-POS,2026-09-25 16:04:12,2026-09-25 16:04:32,2026-09-25 16:04:29,2026-09-25 16:27:58,5,900
KDS-ORD-20260925-13144,ORD-20260925-13144,MCH-110,DEV-110-POS,2026-09-25 15:22:46,2026-09-25 15:23:06,2026-09-25 15:23:40,2026-09-25 15:37:50,4,720
KDS-ORD-20260925-13145,ORD-20260925-13145,MCH-101,DEV-101-POS,2026-09-25 11:29:35,2026-09-25 11:29:55,2026-09-25 11:30:03,2026-09-25 11:47:58,6,720
KDS-ORD-20260925-13146,ORD-20260925-13146,MCH-104,DEV-104-POS,2026-09-25 12:27:36,2026-09-25 12:27:56,2026-09-25 12:27:53,2026-09-25 13:01:03,8,1080
KDS-ORD-20260925-13147,ORD-20260925-13147,MCH-112,DEV-112-POS,2026-09-25 21:21:37,2026-09-25 21:21:57,2026-09-25 21:22:26,2026-09-25 21:52:13,8,900
KDS-ORD-20260925-13148,ORD-20260925-13148,MCH-105,DEV-105-POS,2026-09-25 18:40:46,2026-09-25 18:41:06,2026-09-25 18:41:29,2026-09-25 18:59:34,3,900
KDS-ORD-20260925-13149,ORD-20260925-13149,MCH-101,DEV-101-POS,2026-09-25 20:39:00,2026-09-25 20:39:20,2026-09-25 20:39:15,2026-09-25 21:12:41,16,720
KDS-ORD-20260925-13150,ORD-20260925-13150,MCH-110,DEV-110-POS,2026-09-25 13:24:20,2026-09-25 13:24:40,2026-09-25 13:25:05,,16,720
KDS-ORD-20260925-13151,ORD-20260925-13151,MCH-103,DEV-103-POS,2026-09-25 18:35:19,2026-09-25 18:35:39,2026-09-25 18:36:18,2026-09-25 18:50:35,2,720
KDS-ORD-20260925-13152,ORD-20260925-13152,MCH-105,DEV-105-POS,2026-09-25 11:04:17,2026-09-25 11:04:37,2026-09-25 11:05:15,2026-09-25 11:23:05,3,900
KDS-ORD-20260925-13153,ORD-20260925-13153,MCH-103,DEV-103-POS,2026-09-25 19:44:00,2026-09-25 19:44:20,2026-09-25 19:44:59,2026-09-25 20:07:02,6,720
KDS-ORD-20260925-13154,ORD-20260925-13154,MCH-105,DEV-105-POS,2026-09-25 13:49:08,2026-09-25 13:49:28,2026-09-25 13:49:48,2026-09-25 14:18:47,7,900
KDS-ORD-20260925-13155,ORD-20260925-13155,MCH-111,DEV-111-POS,2026-09-25 13:09:12,2026-09-25 13:09:32,2026-09-25 13:09:30,2026-09-25 13:49:30,11,1080
KDS-ORD-20260925-13156,ORD-20260925-13156,MCH-105,DEV-105-POS,2026-09-25 18:51:16,2026-09-25 18:51:36,2026-09-25 18:51:48,2026-09-25 19:09:30,4,900
KDS-ORD-20260925-13157,ORD-20260925-13157,MCH-114,DEV-114-POS,2026-09-25 21:57:50,2026-09-25 21:58:10,2026-09-25 21:58:25,2026-09-25 22:23:56,10,720
KDS-ORD-20260925-13158,ORD-20260925-13158,MCH-115,DEV-115-POS,2026-09-25 06:33:08,2026-09-25 06:33:28,2026-09-25 06:33:25,2026-09-25 06:55:31,2,1080
KDS-ORD-20260925-13159,ORD-20260925-13159,MCH-108,DEV-108-POS,2026-09-25 20:13:57,2026-09-25 20:14:17,2026-09-25 20:14:38,2026-09-25 20:53:42,16,900
KDS-ORD-20260925-13160,ORD-20260925-13160,MCH-113,DEV-113-POS,2026-09-25 11:01:56,2026-09-25 11:02:16,2026-09-25 11:02:11,2026-09-25 11:15:28,2,720
KDS-ORD-20260925-13161,ORD-20260925-13161,MCH-102,DEV-102-POS,2026-09-25 13:07:57,2026-09-25 13:08:17,2026-09-25 13:08:51,2026-09-25 13:32:56,6,720
KDS-ORD-20260925-13162,ORD-20260925-13162,MCH-102,DEV-102-POS,2026-09-25 04:51:36,2026-09-25 04:51:56,2026-09-25 04:52:12,2026-09-25 05:09:30,5,720
KDS-ORD-20260925-13163,ORD-20260925-13163,MCH-105,DEV-105-POS,2026-09-25 12:26:46,2026-09-25 12:27:06,2026-09-25 12:27:32,2026-09-25 13:01:44,14,900
KDS-ORD-20260925-13164,ORD-20260925-13164,MCH-108,DEV-108-POS,2026-09-25 14:10:24,2026-09-25 14:10:44,2026-09-25 14:11:21,,12,900
KDS-ORD-20260925-13165,ORD-20260925-13165,MCH-104,DEV-104-POS,2026-09-25 06:41:08,2026-09-25 06:41:28,2026-09-25 06:41:46,2026-09-25 07:07:04,5,1080
KDS-ORD-20260925-13166,ORD-20260925-13166,MCH-111,DEV-111-POS,2026-09-25 14:34:08,2026-09-25 14:34:28,2026-09-25 14:35:07,2026-09-25 15:06:35,6,1080
KDS-ORD-20260925-13167,ORD-20260925-13167,MCH-101,DEV-101-POS,2026-09-25 21:41:21,2026-09-25 21:41:41,2026-09-25 21:42:15,,13,720
KDS-ORD-20260925-13168,ORD-20260925-13168,MCH-109,DEV-109-POS,2026-09-25 08:06:21,2026-09-25 08:06:41,2026-09-25 08:07:12,2026-09-25 08:25:00,6,900
KDS-ORD-20260925-13169,ORD-20260925-13169,MCH-111,DEV-111-POS,2026-09-25 19:00:43,2026-09-25 19:01:03,2026-09-25 19:01:41,2026-09-25 19:41:11,12,1080
KDS-ORD-20260925-13170,ORD-20260925-13170,MCH-103,DEV-103-POS,2026-09-25 13:06:17,2026-09-25 13:06:37,2026-09-25 13:07:08,2026-09-25 13:42:32,15,720
KDS-ORD-20260925-13171,ORD-20260925-13171,MCH-113,DEV-113-POS,2026-09-25 18:58:15,2026-09-25 18:58:35,2026-09-25 18:59:09,2026-09-25 19:17:27,5,720
KDS-ORD-20260925-13172,ORD-20260925-13172,MCH-107,DEV-107-POS,2026-09-25 11:36:33,2026-09-25 11:36:53,2026-09-25 11:37:10,2026-09-25 11:57:20,4,900
KDS-ORD-20260925-13173,ORD-20260925-13173,MCH-103,DEV-103-POS,2026-09-25 09:02:10,2026-09-25 09:02:30,2026-09-25 09:02:46,2026-09-25 09:19:51,4,720
KDS-ORD-20260925-13174,ORD-20260925-13174,MCH-104,DEV-104-POS,2026-09-25 09:18:39,2026-09-25 09:18:59,2026-09-25 09:19:21,2026-09-25 09:42:04,5,1080
KDS-ORD-20260925-13175,ORD-20260925-13175,MCH-102,DEV-102-POS,2026-09-25 07:18:37,2026-09-25 07:18:57,2026-09-25 07:19:30,2026-09-25 07:34:04,5,720
KDS-ORD-20260925-13176,ORD-20260925-13176,MCH-107,DEV-107-POS,2026-09-25 10:55:29,2026-09-25 10:55:49,2026-09-25 10:56:01,2026-09-25 11:12:28,3,900
KDS-ORD-20260925-13177,ORD-20260925-13177,MCH-111,DEV-111-POS,2026-09-25 18:47:15,2026-09-25 18:47:35,2026-09-25 18:47:38,2026-09-25 19:10:35,6,1080
KDS-ORD-20260925-13178,ORD-20260925-13178,MCH-102,DEV-102-POS,2026-09-25 21:35:52,2026-09-25 21:36:12,2026-09-25 21:36:43,2026-09-25 22:07:56,14,720
KDS-ORD-20260925-13179,ORD-20260925-13179,MCH-112,DEV-112-POS,2026-09-25 20:21:47,2026-09-25 20:22:07,2026-09-25 20:22:24,2026-09-25 20:53:06,9,900
KDS-ORD-20260925-13180,ORD-20260925-13180,MCH-111,DEV-111-POS,2026-09-25 19:43:31,2026-09-25 19:43:51,2026-09-25 19:44:14,2026-09-25 20:18:48,8,1080
KDS-ORD-20260925-13181,ORD-20260925-13181,MCH-106,DEV-106-POS,2026-09-25 09:00:10,2026-09-25 09:00:30,2026-09-25 09:00:34,2026-09-25 09:14:18,2,720
KDS-ORD-20260925-13182,ORD-20260925-13182,MCH-108,DEV-108-POS,2026-09-25 11:48:36,2026-09-25 11:48:56,2026-09-25 11:48:53,2026-09-25 12:05:12,3,900
KDS-ORD-20260925-13183,ORD-20260925-13183,MCH-110,DEV-110-POS,2026-09-25 12:55:02,2026-09-25 12:55:22,2026-09-25 12:55:17,2026-09-25 13:21:47,10,720
KDS-ORD-20260925-13184,ORD-20260925-13184,MCH-109,DEV-109-POS,2026-09-25 11:12:00,2026-09-25 11:12:20,2026-09-25 11:12:29,2026-09-25 11:29:50,2,900
KDS-ORD-20260925-13185,ORD-20260925-13185,MCH-115,DEV-115-POS,2026-09-25 14:47:55,2026-09-25 14:48:15,2026-09-25 14:48:22,2026-09-25 15:27:15,10,1080
KDS-ORD-20260925-13186,ORD-20260925-13186,MCH-107,DEV-107-POS,2026-09-25 15:39:52,2026-09-25 15:40:12,2026-09-25 15:40:41,2026-09-25 15:59:29,4,900
KDS-ORD-20260925-13187,ORD-20260925-13187,MCH-114,DEV-114-POS,2026-09-25 12:31:37,2026-09-25 12:31:57,2026-09-25 12:32:04,2026-09-25 13:03:05,12,720
KDS-ORD-20260925-13188,ORD-20260925-13188,MCH-104,DEV-104-POS,2026-09-25 12:28:02,2026-09-25 12:28:22,2026-09-25 12:28:37,,15,1080
KDS-ORD-20260925-13189,ORD-20260925-13189,MCH-102,DEV-102-POS,2026-09-25 20:12:51,2026-09-25 20:13:11,2026-09-25 20:13:22,2026-09-25 20:52:46,15,720
KDS-ORD-20260925-13190,ORD-20260925-13190,MCH-108,DEV-108-POS,2026-09-25 20:57:40,2026-09-25 20:58:00,2026-09-25 20:58:26,2026-09-25 21:39:09,14,900
KDS-ORD-20260925-13191,ORD-20260925-13191,MCH-115,DEV-115-POS,2026-09-25 12:42:34,2026-09-25 12:42:54,2026-09-25 12:43:15,2026-09-25 13:16:56,6,1080
KDS-ORD-20260925-13192,ORD-20260925-13192,MCH-113,DEV-113-POS,2026-09-25 21:48:19,2026-09-25 21:48:39,2026-09-25 21:48:40,2026-09-25 22:16:53,11,720
KDS-ORD-20260925-13193,ORD-20260925-13193,MCH-107,DEV-107-POS,2026-09-25 22:50:10,2026-09-25 22:50:30,2026-09-25 22:50:39,2026-09-25 23:07:00,2,900
KDS-ORD-20260925-13194,ORD-20260925-13194,MCH-103,DEV-103-POS,2026-09-25 12:50:41,2026-09-25 12:51:01,2026-09-25 12:51:13,2026-09-25 13:13:35,6,720
KDS-ORD-20260925-13195,ORD-20260925-13195,MCH-110,DEV-110-POS,2026-09-25 12:11:02,2026-09-25 12:11:22,2026-09-25 12:11:41,2026-09-25 12:36:53,8,720
KDS-ORD-20260925-13196,ORD-20260925-13196,MCH-109,DEV-109-POS,2026-09-25 14:59:07,2026-09-25 14:59:27,2026-09-25 14:59:51,2026-09-25 15:33:01,14,900
KDS-ORD-20260925-13197,ORD-20260925-13197,MCH-113,DEV-113-POS,2026-09-25 21:07:38,2026-09-25 21:07:58,2026-09-25 21:08:01,2026-09-25 21:34:35,12,720
KDS-ORD-20260925-13198,ORD-20260925-13198,MCH-115,DEV-115-POS,2026-09-25 21:27:00,2026-09-25 21:27:20,2026-09-25 21:27:41,2026-09-25 22:03:27,10,1080
KDS-ORD-20260925-13199,ORD-20260925-13199,MCH-115,DEV-115-POS,2026-09-25 08:15:14,2026-09-25 08:15:34,2026-09-25 08:16:13,2026-09-25 08:35:49,5,1080
KDS-ORD-20260925-13200,ORD-20260925-13200,MCH-101,DEV-101-POS,2026-09-25 12:58:41,2026-09-25 12:59:01,2026-09-25 12:59:27,2026-09-25 13:33:48,16,720
KDS-ORD-20260925-13201,ORD-20260925-13201,MCH-105,DEV-105-POS,2026-09-25 15:58:16,2026-09-25 15:58:36,2026-09-25 15:58:49,2026-09-25 16:20:47,5,900
KDS-ORD-20260925-13202,ORD-20260925-13202,MCH-111,DEV-111-POS,2026-09-25 14:07:10,2026-09-25 14:07:30,2026-09-25 14:07:41,2026-09-25 14:45:16,13,1080
KDS-ORD-20260925-13203,ORD-20260925-13203,MCH-104,DEV-104-POS,2026-09-25 10:46:34,2026-09-25 10:46:54,2026-09-25 10:46:54,2026-09-25 11:08:15,6,1080
KDS-ORD-20260925-13204,ORD-20260925-13204,MCH-112,DEV-112-POS,2026-09-25 20:59:27,2026-09-25 20:59:47,2026-09-25 20:59:58,2026-09-25 21:42:13,16,900
KDS-ORD-20260925-13205,ORD-20260925-13205,MCH-104,DEV-104-POS,2026-09-25 19:13:57,2026-09-25 19:14:17,2026-09-25 19:14:12,2026-09-25 19:55:32,16,1080
KDS-ORD-20260925-13206,ORD-20260925-13206,MCH-101,DEV-101-POS,2026-09-25 20:18:13,2026-09-25 20:18:33,2026-09-25 20:18:55,2026-09-25 20:47:14,13,720
KDS-ORD-20260925-13207,ORD-20260925-13207,MCH-107,DEV-107-POS,2026-09-25 20:38:52,2026-09-25 20:39:12,2026-09-25 20:39:27,2026-09-25 21:09:42,6,900
KDS-ORD-20260925-13208,ORD-20260925-13208,MCH-103,DEV-103-POS,2026-09-25 18:59:59,2026-09-25 19:00:19,2026-09-25 19:00:30,2026-09-25 19:30:35,11,720
KDS-ORD-20260925-13209,ORD-20260925-13209,MCH-113,DEV-113-POS,2026-09-25 13:57:03,2026-09-25 13:57:23,2026-09-25 13:57:55,2026-09-25 14:27:32,10,720
KDS-ORD-20260925-13210,ORD-20260925-13210,MCH-114,DEV-114-POS,2026-09-25 17:53:33,2026-09-25 17:53:53,2026-09-25 17:53:55,2026-09-25 18:08:58,3,720
KDS-ORD-20260925-13211,ORD-20260925-13211,MCH-101,DEV-101-POS,2026-09-25 09:20:55,2026-09-25 09:21:15,2026-09-25 09:21:44,2026-09-25 09:40:23,6,720
KDS-ORD-20260925-13212,ORD-20260925-13212,MCH-108,DEV-108-POS,2026-09-25 18:42:04,2026-09-25 18:42:24,2026-09-25 18:42:54,2026-09-25 19:01:24,5,900
KDS-ORD-20260925-13213,ORD-20260925-13213,MCH-105,DEV-105-POS,2026-09-25 10:36:13,2026-09-25 10:36:33,2026-09-25 10:36:34,2026-09-25 10:55:14,4,900
KDS-ORD-20260925-13214,ORD-20260925-13214,MCH-114,DEV-114-POS,2026-09-25 19:07:26,2026-09-25 19:07:46,2026-09-25 19:08:04,2026-09-25 19:42:38,15,720
KDS-ORD-20260925-13215,ORD-20260925-13215,MCH-101,DEV-101-POS,2026-09-25 10:17:53,2026-09-25 10:18:13,2026-09-25 10:18:37,2026-09-25 10:39:07,6,720
KDS-ORD-20260925-13216,ORD-20260925-13216,MCH-104,DEV-104-POS,2026-09-25 08:32:15,2026-09-25 08:32:35,2026-09-25 08:33:11,2026-09-25 08:57:44,5,1080
KDS-ORD-20260925-13217,ORD-20260925-13217,MCH-110,DEV-110-POS,2026-09-25 09:43:14,2026-09-25 09:43:34,2026-09-25 09:44:03,2026-09-25 09:55:59,2,720
KDS-ORD-20260925-13218,ORD-20260925-13218,MCH-102,DEV-102-POS,2026-09-25 00:35:02,2026-09-25 00:35:22,2026-09-25 00:35:53,2026-09-25 00:51:00,3,720
KDS-ORD-20260925-13219,ORD-20260925-13219,MCH-107,DEV-107-POS,2026-09-25 19:41:23,2026-09-25 19:41:43,2026-09-25 19:42:22,2026-09-25 20:12:44,10,900
KDS-ORD-20260925-13220,ORD-20260925-13220,MCH-107,DEV-107-POS,2026-09-25 19:03:14,2026-09-25 19:03:34,2026-09-25 19:03:40,2026-09-25 19:35:31,7,900
KDS-ORD-20260925-13221,ORD-20260925-13221,MCH-112,DEV-112-POS,2026-09-25 14:49:28,2026-09-25 14:49:48,2026-09-25 14:50:20,2026-09-25 15:23:02,11,900
KDS-ORD-20260925-13222,ORD-20260925-13222,MCH-107,DEV-107-POS,2026-09-25 09:05:11,2026-09-25 09:05:31,2026-09-25 09:06:03,2026-09-25 09:25:22,4,900
KDS-ORD-20260925-13223,ORD-20260925-13223,MCH-106,DEV-106-POS,2026-09-25 07:29:03,2026-09-25 07:29:23,2026-09-25 07:29:39,2026-09-25 07:48:08,6,720
KDS-ORD-20260925-13224,ORD-20260925-13224,MCH-115,DEV-115-POS,2026-09-25 04:20:43,2026-09-25 04:21:03,2026-09-25 04:21:08,2026-09-25 04:45:28,5,1080
KDS-ORD-20260925-13225,ORD-20260925-13225,MCH-105,DEV-105-POS,2026-09-25 09:59:33,2026-09-25 09:59:53,2026-09-25 10:00:09,2026-09-25 10:18:01,4,900
KDS-ORD-20260925-13226,ORD-20260925-13226,MCH-113,DEV-113-POS,2026-09-25 21:59:00,2026-09-25 21:59:20,2026-09-25 21:59:38,2026-09-25 22:35:56,15,720
KDS-ORD-20260925-13227,ORD-20260925-13227,MCH-112,DEV-112-POS,2026-09-25 11:22:40,2026-09-25 11:23:00,2026-09-25 11:23:38,2026-09-25 11:45:25,4,900
KDS-ORD-20260925-13228,ORD-20260925-13228,MCH-108,DEV-108-POS,2026-09-25 12:57:10,2026-09-25 12:57:30,2026-09-25 12:58:03,2026-09-25 13:28:34,11,900
KDS-ORD-20260925-13229,ORD-20260925-13229,MCH-113,DEV-113-POS,2026-09-25 08:11:01,2026-09-25 08:11:21,2026-09-25 08:11:48,2026-09-25 08:30:05,5,720
KDS-ORD-20260925-13230,ORD-20260925-13230,MCH-101,DEV-101-POS,2026-09-25 10:22:28,2026-09-25 10:22:48,2026-09-25 10:23:11,2026-09-25 10:39:18,4,720
KDS-ORD-20260925-13231,ORD-20260925-13231,MCH-106,DEV-106-POS,2026-09-25 14:41:01,2026-09-25 14:41:21,2026-09-25 14:41:53,2026-09-25 15:07:21,6,720
KDS-ORD-20260925-13232,ORD-20260925-13232,MCH-108,DEV-108-POS,2026-09-25 17:57:41,2026-09-25 17:58:01,2026-09-25 17:58:41,2026-09-25 18:20:28,5,900
KDS-ORD-20260925-13233,ORD-20260925-13233,MCH-115,DEV-115-POS,2026-09-25 11:46:26,2026-09-25 11:46:46,2026-09-25 11:46:52,2026-09-25 12:10:55,5,1080
KDS-ORD-20260925-13234,ORD-20260925-13234,MCH-107,DEV-107-POS,2026-09-25 06:22:02,2026-09-25 06:22:22,2026-09-25 06:22:33,2026-09-25 06:41:22,3,900
KDS-ORD-20260925-13235,ORD-20260925-13235,MCH-105,DEV-105-POS,2026-09-25 12:59:01,2026-09-25 12:59:21,2026-09-25 12:59:26,2026-09-25 13:35:52,11,900
KDS-ORD-20260925-13236,ORD-20260925-13236,MCH-113,DEV-113-POS,2026-09-25 11:01:29,2026-09-25 11:01:49,2026-09-25 11:02:20,2026-09-25 11:16:34,6,720
KDS-ORD-20260925-13237,ORD-20260925-13237,MCH-105,DEV-105-POS,2026-09-25 10:30:00,2026-09-25 10:30:20,2026-09-25 10:30:16,2026-09-25 10:46:08,5,900
KDS-ORD-20260925-13238,ORD-20260925-13238,MCH-106,DEV-106-POS,2026-09-25 22:13:25,2026-09-25 22:13:45,2026-09-25 22:13:58,2026-09-25 22:31:17,4,720
KDS-ORD-20260925-13239,ORD-20260925-13239,MCH-111,DEV-111-POS,2026-09-25 17:52:33,2026-09-25 17:52:53,2026-09-25 17:52:54,2026-09-25 18:17:04,4,1080
KDS-ORD-20260925-13240,ORD-20260925-13240,MCH-112,DEV-112-POS,2026-09-25 16:07:07,2026-09-25 16:07:27,2026-09-25 16:07:27,2026-09-25 16:25:18,2,900
KDS-ORD-20260925-13241,ORD-20260925-13241,MCH-102,DEV-102-POS,2026-09-25 13:59:19,2026-09-25 13:59:39,2026-09-25 13:59:38,2026-09-25 14:29:40,10,720
KDS-ORD-20260925-13242,ORD-20260925-13242,MCH-101,DEV-101-POS,2026-09-25 13:42:53,2026-09-25 13:43:13,2026-09-25 13:43:49,2026-09-25 14:08:52,9,720
KDS-ORD-20260925-13243,ORD-20260925-13243,MCH-108,DEV-108-POS,2026-09-25 15:25:23,2026-09-25 15:25:43,2026-09-25 15:26:08,2026-09-25 15:48:39,5,900
KDS-ORD-20260925-13244,ORD-20260925-13244,MCH-113,DEV-113-POS,2026-09-25 19:11:18,2026-09-25 19:11:38,2026-09-25 19:12:01,2026-09-25 19:49:57,16,720
KDS-ORD-20260925-13245,ORD-20260925-13245,MCH-107,DEV-107-POS,2026-09-25 19:20:05,2026-09-25 19:20:25,2026-09-25 19:20:22,2026-09-25 19:48:19,6,900
KDS-ORD-20260925-13246,ORD-20260925-13246,MCH-108,DEV-108-POS,2026-09-25 09:33:50,2026-09-25 09:34:10,2026-09-25 09:34:50,2026-09-25 09:52:38,2,900
KDS-ORD-20260925-13247,ORD-20260925-13247,MCH-107,DEV-107-POS,2026-09-25 14:09:24,2026-09-25 14:09:44,2026-09-25 14:10:03,2026-09-25 14:43:56,15,900
KDS-ORD-20260925-13248,ORD-20260925-13248,MCH-101,DEV-101-POS,2026-09-25 14:04:49,2026-09-25 14:05:09,2026-09-25 14:05:15,2026-09-25 14:33:03,14,720
KDS-ORD-20260925-13249,ORD-20260925-13249,MCH-107,DEV-107-POS,2026-09-25 20:49:35,2026-09-25 20:49:55,2026-09-25 20:50:05,2026-09-25 21:15:31,7,900
KDS-ORD-20260925-13250,ORD-20260925-13250,MCH-105,DEV-105-POS,2026-09-25 18:10:48,2026-09-25 18:11:08,2026-09-25 18:11:20,2026-09-25 18:27:42,2,900
KDS-ORD-20260925-13251,ORD-20260925-13251,MCH-102,DEV-102-POS,2026-09-25 15:19:58,2026-09-25 15:20:18,2026-09-25 15:20:51,2026-09-25 15:37:30,6,720
KDS-ORD-20260925-13252,ORD-20260925-13252,MCH-106,DEV-106-POS,2026-09-25 08:36:25,2026-09-25 08:36:45,2026-09-25 08:37:00,2026-09-25 08:52:45,4,720
KDS-ORD-20260925-13253,ORD-20260925-13253,MCH-106,DEV-106-POS,2026-09-25 17:03:42,2026-09-25 17:04:02,2026-09-25 17:04:09,2026-09-25 17:24:46,6,720
KDS-ORD-20260925-13254,ORD-20260925-13254,MCH-112,DEV-112-POS,2026-09-25 08:26:30,2026-09-25 08:26:50,2026-09-25 08:27:04,2026-09-25 08:44:44,4,900
KDS-ORD-20260925-13255,ORD-20260925-13255,MCH-107,DEV-107-POS,2026-09-25 12:06:14,2026-09-25 12:06:34,2026-09-25 12:06:43,2026-09-25 12:49:36,13,900
KDS-ORD-20260925-13256,ORD-20260925-13256,MCH-106,DEV-106-POS,2026-09-25 09:21:00,2026-09-25 09:21:20,2026-09-25 09:21:39,2026-09-25 09:36:55,3,720
KDS-ORD-20260925-13257,ORD-20260925-13257,MCH-104,DEV-104-POS,2026-09-25 19:40:54,2026-09-25 19:41:14,2026-09-25 19:41:41,2026-09-25 20:17:10,10,1080
KDS-ORD-20260925-13258,ORD-20260925-13258,MCH-112,DEV-112-POS,2026-09-25 10:29:34,2026-09-25 10:29:54,2026-09-25 10:30:16,2026-09-25 10:49:54,6,900
KDS-ORD-20260925-13259,ORD-20260925-13259,MCH-104,DEV-104-POS,2026-09-25 12:53:31,2026-09-25 12:53:51,2026-09-25 12:53:59,2026-09-25 13:31:05,9,1080
KDS-ORD-20260925-13260,ORD-20260925-13260,MCH-107,DEV-107-POS,2026-09-25 21:42:17,2026-09-25 21:42:37,2026-09-25 21:42:49,,8,900
KDS-ORD-20260925-13261,ORD-20260925-13261,MCH-103,DEV-103-POS,2026-09-25 10:56:28,2026-09-25 10:56:48,2026-09-25 10:57:28,2026-09-25 11:10:52,3,720
KDS-ORD-20260925-13262,ORD-20260925-13262,MCH-112,DEV-112-POS,2026-09-25 14:57:02,2026-09-25 14:57:22,2026-09-25 14:57:30,2026-09-25 15:28:27,8,900
KDS-ORD-20260925-13263,ORD-20260925-13263,MCH-109,DEV-109-POS,2026-09-25 13:05:21,2026-09-25 13:05:41,2026-09-25 13:06:00,2026-09-25 13:38:33,16,900
KDS-ORD-20260925-13264,ORD-20260925-13264,MCH-104,DEV-104-POS,2026-09-25 03:59:15,2026-09-25 03:59:35,2026-09-25 03:59:59,2026-09-25 04:20:21,2,1080
KDS-ORD-20260925-13265,ORD-20260925-13265,MCH-104,DEV-104-POS,2026-09-25 20:44:12,2026-09-25 20:44:32,2026-09-25 20:44:37,2026-09-25 21:25:23,12,1080
KDS-ORD-20260925-13266,ORD-20260925-13266,MCH-111,DEV-111-POS,2026-09-25 07:48:21,2026-09-25 07:48:41,2026-09-25 07:48:46,2026-09-25 08:11:24,6,1080
KDS-ORD-20260925-13267,ORD-20260925-13267,MCH-113,DEV-113-POS,2026-09-25 13:46:41,2026-09-25 13:47:01,2026-09-25 13:47:04,,7,720
KDS-ORD-20260925-13268,ORD-20260925-13268,MCH-102,DEV-102-POS,2026-09-25 16:55:01,2026-09-25 16:55:21,2026-09-25 16:55:35,2026-09-25 17:09:07,6,720
KDS-ORD-20260925-13269,ORD-20260925-13269,MCH-112,DEV-112-POS,2026-09-25 18:07:14,2026-09-25 18:07:34,2026-09-25 18:07:49,2026-09-25 18:24:34,3,900
KDS-ORD-20260925-13270,ORD-20260925-13270,MCH-102,DEV-102-POS,2026-09-25 19:19:09,2026-09-25 19:19:29,2026-09-25 19:20:03,2026-09-25 19:46:13,13,720
KDS-ORD-20260925-13271,ORD-20260925-13271,MCH-101,DEV-101-POS,2026-09-25 11:33:29,2026-09-25 11:33:49,2026-09-25 11:33:46,2026-09-25 11:49:55,6,720
KDS-ORD-20260925-13272,ORD-20260925-13272,MCH-114,DEV-114-POS,2026-09-25 01:42:58,2026-09-25 01:43:18,2026-09-25 01:43:27,2026-09-25 01:59:09,2,720
KDS-ORD-20260925-13273,ORD-20260925-13273,MCH-110,DEV-110-POS,2026-09-25 19:37:23,2026-09-25 19:37:43,2026-09-25 19:38:13,2026-09-25 20:04:18,11,720
KDS-ORD-20260925-13274,ORD-20260925-13274,MCH-112,DEV-112-POS,2026-09-25 15:53:27,2026-09-25 15:53:47,2026-09-25 15:54:02,2026-09-25 16:11:38,5,900
KDS-ORD-20260925-13275,ORD-20260925-13275,MCH-101,DEV-101-POS,2026-09-25 20:41:12,2026-09-25 20:41:32,2026-09-25 20:42:03,2026-09-25 21:06:07,11,720
KDS-ORD-20260925-13276,ORD-20260925-13276,MCH-112,DEV-112-POS,2026-09-25 20:01:04,2026-09-25 20:01:24,2026-09-25 20:01:39,2026-09-25 20:44:13,16,900
KDS-ORD-20260925-13277,ORD-20260925-13277,MCH-103,DEV-103-POS,2026-09-25 20:34:40,2026-09-25 20:35:00,2026-09-25 20:35:25,2026-09-25 21:10:45,15,720
KDS-ORD-20260925-13278,ORD-20260925-13278,MCH-105,DEV-105-POS,2026-09-25 14:38:24,2026-09-25 14:38:44,2026-09-25 14:39:06,,15,900
KDS-ORD-20260925-13279,ORD-20260925-13279,MCH-110,DEV-110-POS,2026-09-25 12:18:35,2026-09-25 12:18:55,2026-09-25 12:19:28,2026-09-25 12:48:36,10,720
KDS-ORD-20260925-13280,ORD-20260925-13280,MCH-115,DEV-115-POS,2026-09-25 20:13:25,2026-09-25 20:13:45,2026-09-25 20:14:19,2026-09-25 20:53:47,13,1080
KDS-ORD-20260925-13281,ORD-20260925-13281,MCH-112,DEV-112-POS,2026-09-25 13:26:57,2026-09-25 13:27:17,2026-09-25 13:27:42,2026-09-25 13:58:26,14,900
KDS-ORD-20260925-13282,ORD-20260925-13282,MCH-110,DEV-110-POS,2026-09-25 10:11:16,2026-09-25 10:11:36,2026-09-25 10:11:51,2026-09-25 10:23:15,5,720
KDS-ORD-20260925-13283,ORD-20260925-13283,MCH-114,DEV-114-POS,2026-09-25 20:39:00,2026-09-25 20:39:20,2026-09-25 20:39:57,2026-09-25 21:00:57,7,720
KDS-ORD-20260925-13284,ORD-20260925-13284,MCH-106,DEV-106-POS,2026-09-25 21:54:27,2026-09-25 21:54:47,2026-09-25 21:55:18,2026-09-25 22:17:21,9,720
KDS-ORD-20260925-13285,ORD-20260925-13285,MCH-110,DEV-110-POS,2026-09-25 13:53:14,2026-09-25 13:53:34,2026-09-25 13:53:56,2026-09-25 14:27:55,15,720
KDS-ORD-20260925-13286,ORD-20260925-13286,MCH-103,DEV-103-POS,2026-09-25 07:15:53,2026-09-25 07:16:13,2026-09-25 07:16:45,2026-09-25 07:31:40,5,720
KDS-ORD-20260925-13287,ORD-20260925-13287,MCH-103,DEV-103-POS,2026-09-25 12:08:12,2026-09-25 12:08:32,2026-09-25 12:08:46,2026-09-25 12:38:46,13,720
KDS-ORD-20260925-13288,ORD-20260925-13288,MCH-104,DEV-104-POS,2026-09-25 20:00:57,2026-09-25 20:01:17,2026-09-25 20:01:24,2026-09-25 20:35:18,6,1080
KDS-ORD-20260925-13289,ORD-20260925-13289,MCH-114,DEV-114-POS,2026-09-25 21:15:06,2026-09-25 21:15:26,2026-09-25 21:16:03,,8,720
KDS-ORD-20260925-13290,ORD-20260925-13290,MCH-109,DEV-109-POS,2026-09-25 10:50:55,2026-09-25 10:51:15,2026-09-25 10:51:10,2026-09-25 11:11:56,5,900
KDS-ORD-20260925-13291,ORD-20260925-13291,MCH-104,DEV-104-POS,2026-09-25 07:09:54,2026-09-25 07:10:14,2026-09-25 07:10:20,2026-09-25 07:35:31,6,1080
KDS-ORD-20260925-13292,ORD-20260925-13292,MCH-112,DEV-112-POS,2026-09-25 21:53:59,2026-09-25 21:54:19,2026-09-25 21:54:58,2026-09-25 22:33:06,12,900
KDS-ORD-20260925-13293,ORD-20260925-13293,MCH-113,DEV-113-POS,2026-09-25 12:43:10,2026-09-25 12:43:30,2026-09-25 12:43:53,2026-09-25 13:13:41,15,720
KDS-ORD-20260925-13294,ORD-20260925-13294,MCH-105,DEV-105-POS,2026-09-25 15:47:02,2026-09-25 15:47:22,2026-09-25 15:47:40,2026-09-25 16:06:29,5,900
KDS-ORD-20260925-13295,ORD-20260925-13295,MCH-104,DEV-104-POS,2026-09-25 22:33:29,2026-09-25 22:33:49,2026-09-25 22:34:29,2026-09-25 22:54:43,2,1080
KDS-ORD-20260925-13296,ORD-20260925-13296,MCH-110,DEV-110-POS,2026-09-25 07:37:02,2026-09-25 07:37:22,2026-09-25 07:37:31,2026-09-25 07:58:15,6,720
KDS-ORD-20260925-13297,ORD-20260925-13297,MCH-107,DEV-107-POS,2026-09-25 18:51:50,2026-09-25 18:52:10,2026-09-25 18:52:11,2026-09-25 19:10:20,5,900
KDS-ORD-20260925-13298,ORD-20260925-13298,MCH-105,DEV-105-POS,2026-09-25 07:15:09,2026-09-25 07:15:29,2026-09-25 07:15:47,2026-09-25 07:36:31,5,900
KDS-ORD-20260925-13299,ORD-20260925-13299,MCH-108,DEV-108-POS,2026-09-25 12:29:50,2026-09-25 12:30:10,2026-09-25 12:30:39,,15,900
KDS-ORD-20260925-13300,ORD-20260925-13300,MCH-113,DEV-113-POS,2026-09-25 21:01:27,2026-09-25 21:01:47,2026-09-25 21:02:16,2026-09-25 21:27:22,8,720
KDS-ORD-20260925-13301,ORD-20260925-13301,MCH-102,DEV-102-POS,2026-09-25 13:52:21,2026-09-25 13:52:41,2026-09-25 13:52:39,2026-09-25 14:16:38,9,720
KDS-ORD-20260925-13302,ORD-20260925-13302,MCH-110,DEV-110-POS,2026-09-25 23:56:16,2026-09-25 23:56:36,2026-09-25 23:56:49,2026-09-26 00:11:09,3,720
KDS-ORD-20260925-13303,ORD-20260925-13303,MCH-105,DEV-105-POS,2026-09-25 16:35:23,2026-09-25 16:35:43,2026-09-25 16:36:12,2026-09-25 16:57:23,5,900
KDS-ORD-20260925-13304,ORD-20260925-13304,MCH-113,DEV-113-POS,2026-09-25 12:50:28,2026-09-25 12:50:48,2026-09-25 12:51:25,2026-09-25 13:14:18,6,720
KDS-ORD-20260925-13305,ORD-20260925-13305,MCH-107,DEV-107-POS,2026-09-25 10:47:27,2026-09-25 10:47:47,2026-09-25 10:48:12,2026-09-25 11:06:53,4,900
KDS-ORD-20260925-13306,ORD-20260925-13306,MCH-115,DEV-115-POS,2026-09-25 12:31:58,2026-09-25 12:32:18,2026-09-25 12:32:56,2026-09-25 13:11:52,10,1080
KDS-ORD-20260925-13307,ORD-20260925-13307,MCH-109,DEV-109-POS,2026-09-25 12:34:37,2026-09-25 12:34:57,2026-09-25 12:35:32,2026-09-25 13:13:14,12,900
KDS-ORD-20260925-13308,ORD-20260925-13308,MCH-106,DEV-106-POS,2026-09-25 07:51:11,2026-09-25 07:51:31,2026-09-25 07:51:52,2026-09-25 08:07:01,6,720
KDS-ORD-20260925-13309,ORD-20260925-13309,MCH-113,DEV-113-POS,2026-09-25 12:39:52,2026-09-25 12:40:12,2026-09-25 12:40:11,2026-09-25 13:12:47,15,720
KDS-ORD-20260925-13310,ORD-20260925-13310,MCH-108,DEV-108-POS,2026-09-25 13:25:37,2026-09-25 13:25:57,2026-09-25 13:26:06,2026-09-25 14:08:13,14,900
KDS-ORD-20260925-13311,ORD-20260925-13311,MCH-107,DEV-107-POS,2026-09-25 19:42:12,2026-09-25 19:42:32,2026-09-25 19:43:08,2026-09-25 20:16:27,14,900
KDS-ORD-20260925-13312,ORD-20260925-13312,MCH-115,DEV-115-POS,2026-09-25 18:20:32,2026-09-25 18:20:52,2026-09-25 18:21:16,2026-09-25 18:42:50,3,1080
KDS-ORD-20260925-13313,ORD-20260925-13313,MCH-102,DEV-102-POS,2026-09-25 19:56:24,2026-09-25 19:56:44,2026-09-25 19:57:01,2026-09-25 20:31:43,12,720
KDS-ORD-20260925-13314,ORD-20260925-13314,MCH-115,DEV-115-POS,2026-09-25 01:55:59,2026-09-25 01:56:19,2026-09-25 01:56:20,2026-09-25 02:16:08,6,1080
KDS-ORD-20260925-13315,ORD-20260925-13315,MCH-106,DEV-106-POS,2026-09-25 10:47:37,2026-09-25 10:47:57,2026-09-25 10:48:28,2026-09-25 11:05:48,6,720
KDS-ORD-20260925-13316,ORD-20260925-13316,MCH-101,DEV-101-POS,2026-09-25 18:19:52,2026-09-25 18:20:12,2026-09-25 18:20:32,2026-09-25 18:38:20,6,720
KDS-ORD-20260925-13317,ORD-20260925-13317,MCH-115,DEV-115-POS,2026-09-25 14:44:43,2026-09-25 14:45:03,2026-09-25 14:45:40,2026-09-25 15:24:03,16,1080
KDS-ORD-20260925-13318,ORD-20260925-13318,MCH-108,DEV-108-POS,2026-09-25 00:45:13,2026-09-25 00:45:33,2026-09-25 00:46:09,2026-09-25 01:04:41,4,900
KDS-ORD-20260925-13319,ORD-20260925-13319,MCH-102,DEV-102-POS,2026-09-25 20:10:39,2026-09-25 20:10:59,2026-09-25 20:11:14,2026-09-25 20:31:24,6,720
KDS-ORD-20260925-13320,ORD-20260925-13320,MCH-111,DEV-111-POS,2026-09-25 20:32:36,2026-09-25 20:32:56,2026-09-25 20:32:54,2026-09-25 21:18:45,15,1080
KDS-ORD-20260925-13321,ORD-20260925-13321,MCH-113,DEV-113-POS,2026-09-25 15:56:05,2026-09-25 15:56:25,2026-09-25 15:56:31,2026-09-25 16:14:20,4,720
KDS-ORD-20260925-13322,ORD-20260925-13322,MCH-104,DEV-104-POS,2026-09-25 07:19:13,2026-09-25 07:19:33,2026-09-25 07:19:43,2026-09-25 07:41:20,5,1080
KDS-ORD-20260925-13323,ORD-20260925-13323,MCH-114,DEV-114-POS,2026-09-25 20:55:17,2026-09-25 20:55:37,2026-09-25 20:55:37,2026-09-25 21:22:16,10,720
KDS-ORD-20260925-13324,ORD-20260925-13324,MCH-111,DEV-111-POS,2026-09-25 16:03:47,2026-09-25 16:04:07,2026-09-25 16:04:27,2026-09-25 16:24:54,2,1080
KDS-ORD-20260925-13325,ORD-20260925-13325,MCH-110,DEV-110-POS,2026-09-25 20:26:50,2026-09-25 20:27:10,2026-09-25 20:27:28,2026-09-25 20:56:52,10,720
KDS-ORD-20260925-13326,ORD-20260925-13326,MCH-104,DEV-104-POS,2026-09-25 19:28:11,2026-09-25 19:28:31,2026-09-25 19:29:11,2026-09-25 20:07:09,14,1080
KDS-ORD-20260925-13327,ORD-20260925-13327,MCH-103,DEV-103-POS,2026-09-25 20:05:55,2026-09-25 20:06:15,2026-09-25 20:06:40,2026-09-25 20:32:35,6,720
KDS-ORD-20260925-13328,ORD-20260925-13328,MCH-112,DEV-112-POS,2026-09-25 14:24:40,2026-09-25 14:25:00,2026-09-25 14:25:38,,14,900
KDS-ORD-20260925-13329,ORD-20260925-13329,MCH-102,DEV-102-POS,2026-09-25 09:53:21,2026-09-25 09:53:41,2026-09-25 09:53:36,2026-09-25 10:04:17,2,720
KDS-ORD-20260925-13330,ORD-20260925-13330,MCH-112,DEV-112-POS,2026-09-25 18:37:43,2026-09-25 18:38:03,2026-09-25 18:38:13,2026-09-25 18:54:31,4,900
KDS-ORD-20260925-13331,ORD-20260925-13331,MCH-101,DEV-101-POS,2026-09-25 17:26:14,2026-09-25 17:26:34,2026-09-25 17:27:09,2026-09-25 17:44:49,6,720
KDS-ORD-20260925-13332,ORD-20260925-13332,MCH-110,DEV-110-POS,2026-09-25 19:28:15,2026-09-25 19:28:35,2026-09-25 19:28:30,2026-09-25 19:56:04,12,720
KDS-ORD-20260925-13333,ORD-20260925-13333,MCH-113,DEV-113-POS,2026-09-25 09:34:52,2026-09-25 09:35:12,2026-09-25 09:35:21,2026-09-25 09:48:58,2,720
KDS-ORD-20260925-13334,ORD-20260925-13334,MCH-101,DEV-101-POS,2026-09-25 10:23:51,2026-09-25 10:24:11,2026-09-25 10:24:34,2026-09-25 10:41:04,4,720
KDS-ORD-20260925-13335,ORD-20260925-13335,MCH-113,DEV-113-POS,2026-09-25 21:36:40,2026-09-25 21:37:00,2026-09-25 21:37:14,2026-09-25 22:12:22,13,720
KDS-ORD-20260925-13336,ORD-20260925-13336,MCH-114,DEV-114-POS,2026-09-25 19:57:48,2026-09-25 19:58:08,2026-09-25 19:58:28,2026-09-25 20:24:12,12,720
KDS-ORD-20260925-13337,ORD-20260925-13337,MCH-102,DEV-102-POS,2026-09-25 21:33:36,2026-09-25 21:33:56,2026-09-25 21:34:13,2026-09-25 22:10:10,13,720
KDS-ORD-20260925-13338,ORD-20260925-13338,MCH-103,DEV-103-POS,2026-09-25 19:58:15,2026-09-25 19:58:35,2026-09-25 19:58:51,2026-09-25 20:29:12,12,720
KDS-ORD-20260925-13339,ORD-20260925-13339,MCH-108,DEV-108-POS,2026-09-25 17:47:46,2026-09-25 17:48:06,2026-09-25 17:48:03,2026-09-25 18:09:07,6,900
KDS-ORD-20260925-13340,ORD-20260925-13340,MCH-107,DEV-107-POS,2026-09-25 18:30:36,2026-09-25 18:30:56,2026-09-25 18:30:56,2026-09-25 18:51:46,4,900
KDS-ORD-20260925-13341,ORD-20260925-13341,MCH-111,DEV-111-POS,2026-09-25 21:40:45,2026-09-25 21:41:05,2026-09-25 21:41:00,2026-09-25 22:18:34,14,1080
KDS-ORD-20260925-13342,ORD-20260925-13342,MCH-115,DEV-115-POS,2026-09-25 16:38:36,2026-09-25 16:38:56,2026-09-25 16:39:35,2026-09-25 16:57:26,2,1080
KDS-ORD-20260925-13343,ORD-20260925-13343,MCH-110,DEV-110-POS,2026-09-25 18:08:05,2026-09-25 18:08:25,2026-09-25 18:08:49,2026-09-25 18:24:37,5,720
KDS-ORD-20260925-13344,ORD-20260925-13344,MCH-103,DEV-103-POS,2026-09-25 09:36:28,2026-09-25 09:36:48,2026-09-25 09:37:03,2026-09-25 09:53:12,2,720
KDS-ORD-20260925-13345,ORD-20260925-13345,MCH-101,DEV-101-POS,2026-09-25 13:58:51,2026-09-25 13:59:11,2026-09-25 13:59:44,2026-09-25 14:26:21,12,720
KDS-ORD-20260925-13346,ORD-20260925-13346,MCH-111,DEV-111-POS,2026-09-25 19:56:23,2026-09-25 19:56:43,2026-09-25 19:56:40,2026-09-25 20:36:34,15,1080
KDS-ORD-20260925-13347,ORD-20260925-13347,MCH-107,DEV-107-POS,2026-09-25 11:36:09,2026-09-25 11:36:29,2026-09-25 11:36:25,2026-09-25 11:56:24,5,900
KDS-ORD-20260925-13348,ORD-20260925-13348,MCH-104,DEV-104-POS,2026-09-25 10:30:07,2026-09-25 10:30:27,2026-09-25 10:30:59,2026-09-25 10:48:21,2,1080
KDS-ORD-20260925-13349,ORD-20260925-13349,MCH-101,DEV-101-POS,2026-09-25 12:11:50,2026-09-25 12:12:10,2026-09-25 12:12:33,2026-09-25 12:41:43,11,720
KDS-ORD-20260925-13350,ORD-20260925-13350,MCH-103,DEV-103-POS,2026-09-25 11:54:41,2026-09-25 11:55:01,2026-09-25 11:55:18,2026-09-25 12:07:27,2,720
KDS-ORD-20260925-13351,ORD-20260925-13351,MCH-113,DEV-113-POS,2026-09-25 10:08:29,2026-09-25 10:08:49,2026-09-25 10:09:25,2026-09-25 10:28:32,5,720
KDS-ORD-20260925-13352,ORD-20260925-13352,MCH-105,DEV-105-POS,2026-09-25 13:08:51,2026-09-25 13:09:11,2026-09-25 13:09:25,2026-09-25 13:36:25,6,900
KDS-ORD-20260925-13353,ORD-20260925-13353,MCH-110,DEV-110-POS,2026-09-25 21:53:26,2026-09-25 21:53:46,2026-09-25 21:53:54,2026-09-25 22:18:30,11,720
KDS-ORD-20260925-13354,ORD-20260925-13354,MCH-110,DEV-110-POS,2026-09-25 14:35:47,2026-09-25 14:36:07,2026-09-25 14:36:21,2026-09-25 15:06:45,15,720
KDS-ORD-20260925-13355,ORD-20260925-13355,MCH-104,DEV-104-POS,2026-09-25 10:51:48,2026-09-25 10:52:08,2026-09-25 10:52:18,2026-09-25 11:10:10,4,1080
KDS-ORD-20260925-13356,ORD-20260925-13356,MCH-102,DEV-102-POS,2026-09-25 07:23:21,2026-09-25 07:23:41,2026-09-25 07:23:50,2026-09-25 07:37:42,4,720
KDS-ORD-20260925-13357,ORD-20260925-13357,MCH-108,DEV-108-POS,2026-09-25 19:20:28,2026-09-25 19:20:48,2026-09-25 19:21:02,2026-09-25 20:00:25,15,900
KDS-ORD-20260925-13358,ORD-20260925-13358,MCH-114,DEV-114-POS,2026-09-25 12:07:23,2026-09-25 12:07:43,2026-09-25 12:07:58,2026-09-25 12:31:48,6,720
KDS-ORD-20260925-13359,ORD-20260925-13359,MCH-107,DEV-107-POS,2026-09-25 20:27:29,2026-09-25 20:27:49,2026-09-25 20:27:59,2026-09-25 21:00:41,7,900
KDS-ORD-20260925-13360,ORD-20260925-13360,MCH-113,DEV-113-POS,2026-09-25 18:23:11,2026-09-25 18:23:31,2026-09-25 18:23:52,2026-09-25 18:40:34,2,720
KDS-ORD-20260925-13361,ORD-20260925-13361,MCH-111,DEV-111-POS,2026-09-25 20:06:06,2026-09-25 20:06:26,2026-09-25 20:06:32,2026-09-25 20:40:03,8,1080
KDS-ORD-20260925-13362,ORD-20260925-13362,MCH-112,DEV-112-POS,2026-09-25 11:20:31,2026-09-25 11:20:51,2026-09-25 11:21:17,2026-09-25 11:41:12,5,900
KDS-ORD-20260925-13363,ORD-20260925-13363,MCH-106,DEV-106-POS,2026-09-25 19:35:15,2026-09-25 19:35:35,2026-09-25 19:35:37,2026-09-25 20:02:45,13,720
KDS-ORD-20260925-13364,ORD-20260925-13364,MCH-109,DEV-109-POS,2026-09-25 11:31:45,2026-09-25 11:32:05,2026-09-25 11:32:41,2026-09-25 11:49:17,2,900
KDS-ORD-20260925-13365,ORD-20260925-13365,MCH-108,DEV-108-POS,2026-09-25 21:58:45,2026-09-25 21:59:05,2026-09-25 21:59:17,2026-09-25 22:28:29,8,900
KDS-ORD-20260925-13366,ORD-20260925-13366,MCH-107,DEV-107-POS,2026-09-25 18:24:05,2026-09-25 18:24:25,2026-09-25 18:24:24,2026-09-25 18:42:52,3,900
KDS-ORD-20260925-13367,ORD-20260925-13367,MCH-115,DEV-115-POS,2026-09-25 12:23:54,2026-09-25 12:24:14,2026-09-25 12:24:41,2026-09-25 13:13:49,14,1080
KDS-ORD-20260925-13368,ORD-20260925-13368,MCH-103,DEV-103-POS,2026-09-25 11:12:01,2026-09-25 11:12:21,2026-09-25 11:12:20,2026-09-25 11:26:49,2,720
KDS-ORD-20260925-13369,ORD-20260925-13369,MCH-112,DEV-112-POS,2026-09-25 10:46:53,2026-09-25 10:47:13,2026-09-25 10:47:23,2026-09-25 11:03:48,3,900
KDS-ORD-20260925-13370,ORD-20260925-13370,MCH-109,DEV-109-POS,2026-09-25 19:53:00,2026-09-25 19:53:20,2026-09-25 19:53:21,,15,900
KDS-ORD-20260925-13371,ORD-20260925-13371,MCH-101,DEV-101-POS,2026-09-25 10:33:32,2026-09-25 10:33:52,2026-09-25 10:33:59,2026-09-25 10:51:25,6,720
KDS-ORD-20260925-13372,ORD-20260925-13372,MCH-103,DEV-103-POS,2026-09-25 17:56:16,2026-09-25 17:56:36,2026-09-25 17:57:16,2026-09-25 18:13:02,2,720
KDS-ORD-20260925-13373,ORD-20260925-13373,MCH-111,DEV-111-POS,2026-09-25 11:12:13,2026-09-25 11:12:33,2026-09-25 11:12:35,2026-09-25 11:35:39,6,1080
KDS-ORD-20260925-13374,ORD-20260925-13374,MCH-109,DEV-109-POS,2026-09-25 18:26:43,2026-09-25 18:27:03,2026-09-25 18:27:35,2026-09-25 18:45:23,4,900
KDS-ORD-20260925-13375,ORD-20260925-13375,MCH-110,DEV-110-POS,2026-09-25 20:13:55,2026-09-25 20:14:15,2026-09-25 20:14:13,2026-09-25 20:47:55,12,720
KDS-ORD-20260925-13376,ORD-20260925-13376,MCH-105,DEV-105-POS,2026-09-25 20:07:12,2026-09-25 20:07:32,2026-09-25 20:07:44,2026-09-25 20:36:17,8,900
KDS-ORD-20260925-13377,ORD-20260925-13377,MCH-112,DEV-112-POS,2026-09-25 19:08:39,2026-09-25 19:08:59,2026-09-25 19:09:38,2026-09-25 19:39:17,8,900
KDS-ORD-20260925-13378,ORD-20260925-13378,MCH-104,DEV-104-POS,2026-09-25 10:48:23,2026-09-25 10:48:43,2026-09-25 10:49:20,2026-09-25 11:09:06,5,1080
KDS-ORD-20260925-13379,ORD-20260925-13379,MCH-104,DEV-104-POS,2026-09-25 07:13:44,2026-09-25 07:14:04,2026-09-25 07:14:21,2026-09-25 07:35:29,2,1080
KDS-ORD-20260925-13380,ORD-20260925-13380,MCH-107,DEV-107-POS,2026-09-25 19:20:06,2026-09-25 19:20:26,2026-09-25 19:20:41,2026-09-25 19:55:13,16,900
KDS-ORD-20260925-13381,ORD-20260925-13381,MCH-109,DEV-109-POS,2026-09-25 12:25:58,2026-09-25 12:26:18,2026-09-25 12:26:53,2026-09-25 12:59:12,8,900
KDS-ORD-20260925-13382,ORD-20260925-13382,MCH-104,DEV-104-POS,2026-09-25 13:50:20,2026-09-25 13:50:40,2026-09-25 13:51:01,2026-09-25 14:24:02,7,1080
KDS-ORD-20260925-13383,ORD-20260925-13383,MCH-113,DEV-113-POS,2026-09-25 05:18:35,2026-09-25 05:18:55,2026-09-25 05:19:32,2026-09-25 05:35:43,6,720
KDS-ORD-20260925-13384,ORD-20260925-13384,MCH-104,DEV-104-POS,2026-09-25 11:02:26,2026-09-25 11:02:46,2026-09-25 11:03:05,2026-09-25 11:25:44,4,1080
KDS-ORD-20260925-13385,ORD-20260925-13385,MCH-115,DEV-115-POS,2026-09-25 05:19:21,2026-09-25 05:19:41,2026-09-25 05:19:56,2026-09-25 05:40:06,2,1080
KDS-ORD-20260925-13386,ORD-20260925-13386,MCH-115,DEV-115-POS,2026-09-25 21:25:29,2026-09-25 21:25:49,2026-09-25 21:26:27,2026-09-25 22:09:58,13,1080
KDS-ORD-20260925-13387,ORD-20260925-13387,MCH-115,DEV-115-POS,2026-09-25 11:19:51,2026-09-25 11:20:11,2026-09-25 11:20:36,2026-09-25 11:42:34,3,1080
KDS-ORD-20260925-13388,ORD-20260925-13388,MCH-113,DEV-113-POS,2026-09-25 16:43:41,2026-09-25 16:44:01,2026-09-25 16:44:35,2026-09-25 17:01:00,3,720
KDS-ORD-20260925-13389,ORD-20260925-13389,MCH-105,DEV-105-POS,2026-09-25 05:16:13,2026-09-25 05:16:33,2026-09-25 05:16:53,2026-09-25 05:32:23,5,900
KDS-ORD-20260925-13390,ORD-20260925-13390,MCH-108,DEV-108-POS,2026-09-25 18:29:41,2026-09-25 18:30:01,2026-09-25 18:30:14,2026-09-25 18:48:41,6,900
KDS-ORD-20260925-13391,ORD-20260925-13391,MCH-101,DEV-101-POS,2026-09-25 12:56:24,2026-09-25 12:56:44,2026-09-25 12:56:43,2026-09-25 13:27:32,13,720
KDS-ORD-20260925-13392,ORD-20260925-13392,MCH-103,DEV-103-POS,2026-09-25 21:05:53,2026-09-25 21:06:13,2026-09-25 21:06:40,2026-09-25 21:31:15,7,720
KDS-ORD-20260925-13393,ORD-20260925-13393,MCH-101,DEV-101-POS,2026-09-25 21:38:30,2026-09-25 21:38:50,2026-09-25 21:38:58,2026-09-25 22:15:00,16,720
KDS-ORD-20260925-13394,ORD-20260925-13394,MCH-108,DEV-108-POS,2026-09-25 12:33:55,2026-09-25 12:34:15,2026-09-25 12:34:32,,6,900
KDS-ORD-20260925-13395,ORD-20260925-13395,MCH-103,DEV-103-POS,2026-09-25 21:33:53,2026-09-25 21:34:13,2026-09-25 21:34:09,2026-09-25 22:04:02,10,720
KDS-ORD-20260925-13396,ORD-20260925-13396,MCH-104,DEV-104-POS,2026-09-25 23:30:28,2026-09-25 23:30:48,2026-09-25 23:31:14,2026-09-25 23:55:10,5,1080
KDS-ORD-20260925-13397,ORD-20260925-13397,MCH-104,DEV-104-POS,2026-09-25 20:12:03,2026-09-25 20:12:23,2026-09-25 20:12:43,2026-09-25 20:47:05,12,1080
KDS-ORD-20260925-13398,ORD-20260925-13398,MCH-115,DEV-115-POS,2026-09-25 20:04:45,2026-09-25 20:05:05,2026-09-25 20:05:40,2026-09-25 20:39:33,9,1080
KDS-ORD-20260925-13399,ORD-20260925-13399,MCH-113,DEV-113-POS,2026-09-25 11:51:06,2026-09-25 11:51:26,2026-09-25 11:52:02,2026-09-25 12:08:55,5,720
KDS-ORD-20260925-13400,ORD-20260925-13400,MCH-109,DEV-109-POS,2026-09-25 16:57:51,2026-09-25 16:58:11,2026-09-25 16:58:28,2026-09-25 17:17:45,4,900
KDS-ORD-20260925-13401,ORD-20260925-13401,MCH-105,DEV-105-POS,2026-09-25 07:33:55,2026-09-25 07:34:15,2026-09-25 07:34:50,2026-09-25 07:53:15,2,900
KDS-ORD-20260925-13402,ORD-20260925-13402,MCH-104,DEV-104-POS,2026-09-25 08:11:33,2026-09-25 08:11:53,2026-09-25 08:12:14,2026-09-25 08:32:38,2,1080
KDS-ORD-20260925-13403,ORD-20260925-13403,MCH-112,DEV-112-POS,2026-09-25 23:00:26,2026-09-25 23:00:46,2026-09-25 23:00:59,2026-09-25 23:17:09,3,900
KDS-ORD-20260925-13404,ORD-20260925-13404,MCH-101,DEV-101-POS,2026-09-25 12:23:55,2026-09-25 12:24:15,2026-09-25 12:24:33,,11,720
KDS-ORD-20260925-13405,ORD-20260925-13405,MCH-107,DEV-107-POS,2026-09-25 19:40:50,2026-09-25 19:41:10,2026-09-25 19:41:45,2026-09-25 20:14:48,12,900
KDS-ORD-20260925-13406,ORD-20260925-13406,MCH-114,DEV-114-POS,2026-09-25 20:55:00,2026-09-25 20:55:20,2026-09-25 20:55:26,2026-09-25 21:29:47,13,720
KDS-ORD-20260925-13407,ORD-20260925-13407,MCH-102,DEV-102-POS,2026-09-25 20:42:42,2026-09-25 20:43:02,2026-09-25 20:43:06,,6,720
KDS-ORD-20260925-13408,ORD-20260925-13408,MCH-108,DEV-108-POS,2026-09-25 23:08:46,2026-09-25 23:09:06,2026-09-25 23:09:43,2026-09-25 23:31:34,5,900
KDS-ORD-20260925-13409,ORD-20260925-13409,MCH-110,DEV-110-POS,2026-09-25 11:28:54,2026-09-25 11:29:14,2026-09-25 11:29:09,2026-09-25 11:44:17,3,720
KDS-ORD-20260925-13410,ORD-20260925-13410,MCH-103,DEV-103-POS,2026-09-25 05:15:28,2026-09-25 05:15:48,2026-09-25 05:15:43,2026-09-25 05:31:18,3,720
KDS-ORD-20260925-13411,ORD-20260925-13411,MCH-102,DEV-102-POS,2026-09-25 13:47:46,2026-09-25 13:48:06,2026-09-25 13:48:09,2026-09-25 14:16:29,11,720
KDS-ORD-20260925-13412,ORD-20260925-13412,MCH-109,DEV-109-POS,2026-09-25 08:39:46,2026-09-25 08:40:06,2026-09-25 08:40:37,2026-09-25 08:59:29,3,900
KDS-ORD-20260925-13413,ORD-20260925-13413,MCH-106,DEV-106-POS,2026-09-25 04:45:49,2026-09-25 04:46:09,2026-09-25 04:46:47,2026-09-25 05:03:53,5,720
KDS-ORD-20260925-13414,ORD-20260925-13414,MCH-110,DEV-110-POS,2026-09-25 12:31:57,2026-09-25 12:32:17,2026-09-25 12:32:54,2026-09-25 13:01:53,15,720
KDS-ORD-20260925-13415,ORD-20260925-13415,MCH-111,DEV-111-POS,2026-09-25 20:31:32,2026-09-25 20:31:52,2026-09-25 20:32:13,2026-09-25 21:05:44,8,1080
KDS-ORD-20260925-13416,ORD-20260925-13416,MCH-105,DEV-105-POS,2026-09-25 16:15:51,2026-09-25 16:16:11,2026-09-25 16:16:30,2026-09-25 16:31:03,2,900
KDS-ORD-20260925-13417,ORD-20260925-13417,MCH-109,DEV-109-POS,2026-09-25 12:18:57,2026-09-25 12:19:17,2026-09-25 12:19:50,2026-09-25 12:50:42,13,900
KDS-ORD-20260925-13418,ORD-20260925-13418,MCH-112,DEV-112-POS,2026-09-25 18:13:09,2026-09-25 18:13:29,2026-09-25 18:13:38,2026-09-25 18:31:02,3,900
KDS-ORD-20260925-13419,ORD-20260925-13419,MCH-104,DEV-104-POS,2026-09-25 11:44:08,2026-09-25 11:44:28,2026-09-25 11:44:43,2026-09-25 12:04:19,5,1080
KDS-ORD-20260925-13420,ORD-20260925-13420,MCH-107,DEV-107-POS,2026-09-25 02:47:14,2026-09-25 02:47:34,2026-09-25 02:47:31,2026-09-25 03:04:53,5,900
KDS-ORD-20260925-13421,ORD-20260925-13421,MCH-105,DEV-105-POS,2026-09-25 19:02:40,2026-09-25 19:03:00,2026-09-25 19:03:00,2026-09-25 19:33:55,16,900
KDS-ORD-20260925-13422,ORD-20260925-13422,MCH-103,DEV-103-POS,2026-09-25 18:48:05,2026-09-25 18:48:25,2026-09-25 18:49:04,2026-09-25 19:05:16,4,720
KDS-ORD-20260925-13423,ORD-20260925-13423,MCH-111,DEV-111-POS,2026-09-25 19:52:36,2026-09-25 19:52:56,2026-09-25 19:53:16,2026-09-25 20:29:39,12,1080
KDS-ORD-20260925-13424,ORD-20260925-13424,MCH-115,DEV-115-POS,2026-09-25 05:52:55,2026-09-25 05:53:15,2026-09-25 05:53:26,2026-09-25 06:14:58,3,1080
KDS-ORD-20260925-13425,ORD-20260925-13425,MCH-106,DEV-106-POS,2026-09-25 20:53:49,2026-09-25 20:54:09,2026-09-25 20:54:27,2026-09-25 21:19:16,6,720
KDS-ORD-20260925-13426,ORD-20260925-13426,MCH-115,DEV-115-POS,2026-09-25 17:11:26,2026-09-25 17:11:46,2026-09-25 17:12:17,2026-09-25 17:33:52,2,1080
KDS-ORD-20260925-13427,ORD-20260925-13427,MCH-109,DEV-109-POS,2026-09-25 16:28:10,2026-09-25 16:28:30,2026-09-25 16:29:08,2026-09-25 16:46:03,3,900
KDS-ORD-20260925-13428,ORD-20260925-13428,MCH-104,DEV-104-POS,2026-09-25 18:56:49,2026-09-25 18:57:09,2026-09-25 18:57:14,2026-09-25 19:19:14,4,1080
KDS-ORD-20260925-13429,ORD-20260925-13429,MCH-113,DEV-113-POS,2026-09-25 20:30:35,2026-09-25 20:30:55,2026-09-25 20:31:03,,12,720
KDS-ORD-20260925-13430,ORD-20260925-13430,MCH-101,DEV-101-POS,2026-09-25 17:04:35,2026-09-25 17:04:55,2026-09-25 17:05:14,2026-09-25 17:18:52,3,720
KDS-ORD-20260925-13431,ORD-20260925-13431,MCH-103,DEV-103-POS,2026-09-25 16:53:33,2026-09-25 16:53:53,2026-09-25 16:53:53,2026-09-25 17:07:06,3,720
KDS-ORD-20260925-13432,ORD-20260925-13432,MCH-112,DEV-112-POS,2026-09-25 23:19:34,2026-09-25 23:19:54,2026-09-25 23:19:49,2026-09-25 23:40:55,6,900
KDS-ORD-20260925-13433,ORD-20260925-13433,MCH-104,DEV-104-POS,2026-09-25 19:55:00,2026-09-25 19:55:20,2026-09-25 19:55:22,2026-09-25 20:28:52,14,1080
KDS-ORD-20260925-13434,ORD-20260925-13434,MCH-103,DEV-103-POS,2026-09-25 13:30:37,2026-09-25 13:30:57,2026-09-25 13:31:19,2026-09-25 14:02:44,10,720
KDS-ORD-20260925-13435,ORD-20260925-13435,MCH-104,DEV-104-POS,2026-09-25 19:03:41,2026-09-25 19:04:01,2026-09-25 19:04:22,2026-09-25 19:36:14,7,1080
KDS-ORD-20260925-13436,ORD-20260925-13436,MCH-108,DEV-108-POS,2026-09-25 12:11:52,2026-09-25 12:12:12,2026-09-25 12:12:27,2026-09-25 12:50:02,11,900
KDS-ORD-20260925-13437,ORD-20260925-13437,MCH-112,DEV-112-POS,2026-09-25 10:53:23,2026-09-25 10:53:43,2026-09-25 10:54:04,2026-09-25 11:10:30,2,900
KDS-ORD-20260925-13438,ORD-20260925-13438,MCH-108,DEV-108-POS,2026-09-25 17:43:25,2026-09-25 17:43:45,2026-09-25 17:43:54,2026-09-25 18:04:09,5,900
KDS-ORD-20260925-13439,ORD-20260925-13439,MCH-102,DEV-102-POS,2026-09-25 21:35:15,2026-09-25 21:35:35,2026-09-25 21:35:52,2026-09-25 21:55:25,6,720
KDS-ORD-20260925-13440,ORD-20260925-13440,MCH-112,DEV-112-POS,2026-09-25 21:53:52,2026-09-25 21:54:12,2026-09-25 21:54:38,2026-09-25 22:29:53,12,900
KDS-ORD-20260925-13441,ORD-20260925-13441,MCH-109,DEV-109-POS,2026-09-25 12:40:04,2026-09-25 12:40:24,2026-09-25 12:40:41,2026-09-25 13:14:30,11,900
KDS-ORD-20260925-13442,ORD-20260925-13442,MCH-113,DEV-113-POS,2026-09-25 15:26:18,2026-09-25 15:26:38,2026-09-25 15:26:35,2026-09-25 15:43:20,4,720
KDS-ORD-20260925-13443,ORD-20260925-13443,MCH-108,DEV-108-POS,2026-09-25 10:21:56,2026-09-25 10:22:16,2026-09-25 10:22:42,2026-09-25 10:41:57,5,900
KDS-ORD-20260925-13444,ORD-20260925-13444,MCH-104,DEV-104-POS,2026-09-25 23:03:39,2026-09-25 23:03:59,2026-09-25 23:04:16,2026-09-25 23:25:05,4,1080
KDS-ORD-20260925-13445,ORD-20260925-13445,MCH-115,DEV-115-POS,2026-09-25 22:45:54,2026-09-25 22:46:14,2026-09-25 22:46:18,2026-09-25 23:06:30,3,1080
KDS-ORD-20260925-13446,ORD-20260925-13446,MCH-101,DEV-101-POS,2026-09-25 18:57:22,2026-09-25 18:57:42,2026-09-25 18:57:43,2026-09-25 19:09:36,2,720
KDS-ORD-20260925-13447,ORD-20260925-13447,MCH-103,DEV-103-POS,2026-09-25 20:17:21,2026-09-25 20:17:41,2026-09-25 20:18:12,2026-09-25 20:46:54,16,720
KDS-ORD-20260925-13448,ORD-20260925-13448,MCH-108,DEV-108-POS,2026-09-25 19:29:04,2026-09-25 19:29:24,2026-09-25 19:29:41,2026-09-25 20:00:34,6,900
KDS-ORD-20260925-13449,ORD-20260925-13449,MCH-115,DEV-115-POS,2026-09-25 17:21:25,2026-09-25 17:21:45,2026-09-25 17:22:05,2026-09-25 17:40:30,2,1080
KDS-ORD-20260925-13450,ORD-20260925-13450,MCH-110,DEV-110-POS,2026-09-25 06:36:01,2026-09-25 06:36:21,2026-09-25 06:36:42,2026-09-25 06:47:06,2,720
KDS-ORD-20260925-13451,ORD-20260925-13451,MCH-112,DEV-112-POS,2026-09-25 13:11:06,2026-09-25 13:11:26,2026-09-25 13:11:23,2026-09-25 13:42:18,11,900
KDS-ORD-20260925-13452,ORD-20260925-13452,MCH-111,DEV-111-POS,2026-09-25 18:00:57,2026-09-25 18:01:17,2026-09-25 18:01:39,2026-09-25 18:23:21,6,1080
KDS-ORD-20260925-13453,ORD-20260925-13453,MCH-115,DEV-115-POS,2026-09-25 19:23:20,2026-09-25 19:23:40,2026-09-25 19:23:59,2026-09-25 20:10:17,16,1080
KDS-ORD-20260925-13454,ORD-20260925-13454,MCH-110,DEV-110-POS,2026-09-25 12:20:11,2026-09-25 12:20:31,2026-09-25 12:20:55,2026-09-25 12:53:11,12,720
KDS-ORD-20260925-13455,ORD-20260925-13455,MCH-109,DEV-109-POS,2026-09-25 21:26:12,2026-09-25 21:26:32,2026-09-25 21:26:42,2026-09-25 21:53:41,6,900
KDS-ORD-20260925-13456,ORD-20260925-13456,MCH-105,DEV-105-POS,2026-09-25 09:41:40,2026-09-25 09:42:00,2026-09-25 09:42:03,2026-09-25 10:02:19,6,900
KDS-ORD-20260925-13457,ORD-20260925-13457,MCH-113,DEV-113-POS,2026-09-25 14:24:21,2026-09-25 14:24:41,2026-09-25 14:25:14,2026-09-25 14:54:13,13,720
KDS-ORD-20260925-13458,ORD-20260925-13458,MCH-110,DEV-110-POS,2026-09-25 19:54:59,2026-09-25 19:55:19,2026-09-25 19:55:21,2026-09-25 20:24:53,9,720
KDS-ORD-20260925-13459,ORD-20260925-13459,MCH-104,DEV-104-POS,2026-09-25 19:31:24,2026-09-25 19:31:44,2026-09-25 19:32:07,2026-09-25 20:08:10,12,1080
KDS-ORD-20260925-13460,ORD-20260925-13460,MCH-109,DEV-109-POS,2026-09-25 18:37:56,2026-09-25 18:38:16,2026-09-25 18:38:54,2026-09-25 18:57:32,4,900
KDS-ORD-20260925-13461,ORD-20260925-13461,MCH-110,DEV-110-POS,2026-09-25 11:37:04,2026-09-25 11:37:24,2026-09-25 11:38:02,2026-09-25 11:53:02,3,720
KDS-ORD-20260925-13462,ORD-20260925-13462,MCH-107,DEV-107-POS,2026-09-25 09:29:41,2026-09-25 09:30:01,2026-09-25 09:30:32,2026-09-25 09:49:35,4,900
KDS-ORD-20260925-13463,ORD-20260925-13463,MCH-106,DEV-106-POS,2026-09-25 18:51:57,2026-09-25 18:52:17,2026-09-25 18:52:37,2026-09-25 19:09:57,5,720
KDS-ORD-20260925-13464,ORD-20260925-13464,MCH-109,DEV-109-POS,2026-09-25 17:36:10,2026-09-25 17:36:30,2026-09-25 17:37:07,2026-09-25 17:58:02,5,900
KDS-ORD-20260925-13465,ORD-20260925-13465,MCH-115,DEV-115-POS,2026-09-25 10:48:44,2026-09-25 10:49:04,2026-09-25 10:49:02,2026-09-25 11:11:18,4,1080
KDS-ORD-20260925-13466,ORD-20260925-13466,MCH-105,DEV-105-POS,2026-09-25 19:33:18,2026-09-25 19:33:38,2026-09-25 19:34:18,2026-09-25 20:04:41,7,900
KDS-ORD-20260925-13467,ORD-20260925-13467,MCH-110,DEV-110-POS,2026-09-25 13:19:03,2026-09-25 13:19:23,2026-09-25 13:19:31,,10,720
KDS-ORD-20260925-13468,ORD-20260925-13468,MCH-115,DEV-115-POS,2026-09-25 18:24:45,2026-09-25 18:25:05,2026-09-25 18:25:00,2026-09-25 18:48:38,4,1080
KDS-ORD-20260925-13469,ORD-20260925-13469,MCH-106,DEV-106-POS,2026-09-25 20:16:13,2026-09-25 20:16:33,2026-09-25 20:16:39,2026-09-25 20:55:20,16,720
KDS-ORD-20260925-13470,ORD-20260925-13470,MCH-111,DEV-111-POS,2026-09-25 09:44:44,2026-09-25 09:45:04,2026-09-25 09:45:09,2026-09-25 10:07:31,4,1080
KDS-ORD-20260925-13471,ORD-20260925-13471,MCH-112,DEV-112-POS,2026-09-25 04:08:38,2026-09-25 04:08:58,2026-09-25 04:09:25,2026-09-25 04:23:36,2,900
KDS-ORD-20260925-13472,ORD-20260925-13472,MCH-102,DEV-102-POS,2026-09-25 20:24:16,2026-09-25 20:24:36,2026-09-25 20:24:50,2026-09-25 20:50:45,6,720
KDS-ORD-20260925-13473,ORD-20260925-13473,MCH-102,DEV-102-POS,2026-09-25 17:35:12,2026-09-25 17:35:32,2026-09-25 17:35:28,2026-09-25 17:51:32,4,720
KDS-ORD-20260925-13474,ORD-20260925-13474,MCH-111,DEV-111-POS,2026-09-25 19:34:40,2026-09-25 19:35:00,2026-09-25 19:34:57,2026-09-25 20:22:34,15,1080
KDS-ORD-20260925-13475,ORD-20260925-13475,MCH-107,DEV-107-POS,2026-09-25 20:44:07,2026-09-25 20:44:27,2026-09-25 20:44:46,2026-09-25 21:20:45,15,900
KDS-ORD-20260925-13476,ORD-20260925-13476,MCH-104,DEV-104-POS,2026-09-25 20:13:22,2026-09-25 20:13:42,2026-09-25 20:13:58,2026-09-25 20:49:11,9,1080
KDS-ORD-20260925-13477,ORD-20260925-13477,MCH-114,DEV-114-POS,2026-09-25 22:16:58,2026-09-25 22:17:18,2026-09-25 22:17:30,2026-09-25 22:31:11,2,720
KDS-ORD-20260925-13478,ORD-20260925-13478,MCH-109,DEV-109-POS,2026-09-25 15:17:23,2026-09-25 15:17:43,2026-09-25 15:17:50,2026-09-25 15:37:26,6,900
KDS-ORD-20260925-13479,ORD-20260925-13479,MCH-115,DEV-115-POS,2026-09-25 14:40:25,2026-09-25 14:40:45,2026-09-25 14:41:20,,6,1080
KDS-ORD-20260925-13480,ORD-20260925-13480,MCH-104,DEV-104-POS,2026-09-25 13:52:07,2026-09-25 13:52:27,2026-09-25 13:52:41,2026-09-25 14:20:51,6,1080
KDS-ORD-20260925-13481,ORD-20260925-13481,MCH-103,DEV-103-POS,2026-09-25 09:02:05,2026-09-25 09:02:25,2026-09-25 09:02:38,2026-09-25 09:22:25,6,720
KDS-ORD-20260925-13482,ORD-20260925-13482,MCH-113,DEV-113-POS,2026-09-25 16:46:11,2026-09-25 16:46:31,2026-09-25 16:46:58,2026-09-25 17:02:09,4,720
KDS-ORD-20260925-13483,ORD-20260925-13483,MCH-106,DEV-106-POS,2026-09-25 11:48:49,2026-09-25 11:49:09,2026-09-25 11:49:14,2026-09-25 12:06:50,4,720
KDS-ORD-20260925-13484,ORD-20260925-13484,MCH-102,DEV-102-POS,2026-09-25 21:14:27,2026-09-25 21:14:47,2026-09-25 21:15:00,2026-09-25 21:54:27,16,720
KDS-ORD-20260925-13485,ORD-20260925-13485,MCH-101,DEV-101-POS,2026-09-25 16:36:59,2026-09-25 16:37:19,2026-09-25 16:37:29,2026-09-25 16:53:49,6,720
KDS-ORD-20260925-13486,ORD-20260925-13486,MCH-108,DEV-108-POS,2026-09-25 17:39:46,2026-09-25 17:40:06,2026-09-25 17:40:20,2026-09-25 18:01:29,5,900
KDS-ORD-20260925-13487,ORD-20260925-13487,MCH-110,DEV-110-POS,2026-09-25 12:00:49,2026-09-25 12:01:09,2026-09-25 12:01:45,2026-09-25 12:29:46,14,720
KDS-ORD-20260925-13488,ORD-20260925-13488,MCH-102,DEV-102-POS,2026-09-25 06:15:59,2026-09-25 06:16:19,2026-09-25 06:16:56,2026-09-25 06:36:00,5,720
KDS-ORD-20260925-13489,ORD-20260925-13489,MCH-113,DEV-113-POS,2026-09-25 05:27:55,2026-09-25 05:28:15,2026-09-25 05:28:41,2026-09-25 05:45:54,6,720
KDS-ORD-20260925-13490,ORD-20260925-13490,MCH-105,DEV-105-POS,2026-09-25 13:20:19,2026-09-25 13:20:39,2026-09-25 13:21:06,2026-09-25 13:50:46,6,900
KDS-ORD-20260925-13491,ORD-20260925-13491,MCH-105,DEV-105-POS,2026-09-25 07:32:33,2026-09-25 07:32:53,2026-09-25 07:33:26,2026-09-25 07:53:35,6,900
KDS-ORD-20260925-13492,ORD-20260925-13492,MCH-104,DEV-104-POS,2026-09-25 17:24:20,2026-09-25 17:24:40,2026-09-25 17:25:19,2026-09-25 17:52:36,6,1080
KDS-ORD-20260925-13493,ORD-20260925-13493,MCH-101,DEV-101-POS,2026-09-25 21:51:41,2026-09-25 21:52:01,2026-09-25 21:52:17,2026-09-25 22:16:35,9,720
KDS-ORD-20260925-13494,ORD-20260925-13494,MCH-111,DEV-111-POS,2026-09-25 21:38:32,2026-09-25 21:38:52,2026-09-25 21:39:23,2026-09-25 22:16:36,9,1080
KDS-ORD-20260925-13495,ORD-20260925-13495,MCH-105,DEV-105-POS,2026-09-25 18:38:56,2026-09-25 18:39:16,2026-09-25 18:39:46,2026-09-25 18:56:01,2,900
KDS-ORD-20260925-13496,ORD-20260925-13496,MCH-114,DEV-114-POS,2026-09-25 10:21:53,2026-09-25 10:22:13,2026-09-25 10:22:32,2026-09-25 10:34:26,3,720
KDS-ORD-20260925-13497,ORD-20260925-13497,MCH-110,DEV-110-POS,2026-09-25 20:48:58,2026-09-25 20:49:18,2026-09-25 20:49:34,2026-09-25 21:20:57,16,720
KDS-ORD-20260925-13498,ORD-20260925-13498,MCH-109,DEV-109-POS,2026-09-25 21:41:42,2026-09-25 21:42:02,2026-09-25 21:42:28,2026-09-25 22:23:37,16,900
KDS-ORD-20260925-13499,ORD-20260925-13499,MCH-110,DEV-110-POS,2026-09-25 10:41:29,2026-09-25 10:41:49,2026-09-25 10:41:48,2026-09-25 10:56:52,4,720
KDS-ORD-20260925-13500,ORD-20260925-13500,MCH-108,DEV-108-POS,2026-09-25 19:25:20,2026-09-25 19:25:40,2026-09-25 19:25:54,2026-09-25 20:08:21,15,900
KDS-ORD-20260925-13501,ORD-20260925-13501,MCH-110,DEV-110-POS,2026-09-25 11:49:12,2026-09-25 11:49:32,2026-09-25 11:49:36,2026-09-25 12:04:40,2,720
KDS-ORD-20260925-13502,ORD-20260925-13502,MCH-107,DEV-107-POS,2026-09-25 20:28:22,2026-09-25 20:28:42,2026-09-25 20:29:18,2026-09-25 21:07:11,12,900
KDS-ORD-20260925-13503,ORD-20260925-13503,MCH-109,DEV-109-POS,2026-09-25 23:53:48,2026-09-25 23:54:08,2026-09-25 23:54:27,2026-09-26 00:11:57,5,900
KDS-ORD-20260925-13504,ORD-20260925-13504,MCH-109,DEV-109-POS,2026-09-25 05:36:24,2026-09-25 05:36:44,2026-09-25 05:37:20,2026-09-25 05:54:12,5,900
KDS-ORD-20260925-13505,ORD-20260925-13505,MCH-107,DEV-107-POS,2026-09-25 21:28:09,2026-09-25 21:28:29,2026-09-25 21:28:52,2026-09-25 22:07:51,13,900
KDS-ORD-20260925-13506,ORD-20260925-13506,MCH-104,DEV-104-POS,2026-09-25 17:12:24,2026-09-25 17:12:44,2026-09-25 17:12:42,2026-09-25 17:34:33,4,1080
KDS-ORD-20260925-13507,ORD-20260925-13507,MCH-114,DEV-114-POS,2026-09-25 22:16:26,2026-09-25 22:16:46,2026-09-25 22:17:24,2026-09-25 22:33:00,3,720
KDS-ORD-20260925-13508,ORD-20260925-13508,MCH-111,DEV-111-POS,2026-09-25 13:48:33,2026-09-25 13:48:53,2026-09-25 13:49:00,2026-09-25 14:33:52,16,1080
KDS-ORD-20260925-13509,ORD-20260925-13509,MCH-110,DEV-110-POS,2026-09-25 20:41:34,2026-09-25 20:41:54,2026-09-25 20:41:56,2026-09-25 21:10:21,15,720
KDS-ORD-20260925-13510,ORD-20260925-13510,MCH-112,DEV-112-POS,2026-09-25 06:10:23,2026-09-25 06:10:43,2026-09-25 06:11:05,2026-09-25 06:25:27,4,900
KDS-ORD-20260925-13511,ORD-20260925-13511,MCH-102,DEV-102-POS,2026-09-25 12:01:28,2026-09-25 12:01:48,2026-09-25 12:02:04,2026-09-25 12:27:20,9,720
KDS-ORD-20260925-13512,ORD-20260925-13512,MCH-106,DEV-106-POS,2026-09-25 07:31:42,2026-09-25 07:32:02,2026-09-25 07:32:35,2026-09-25 07:50:08,3,720
KDS-ORD-20260925-13513,ORD-20260925-13513,MCH-114,DEV-114-POS,2026-09-25 22:34:11,2026-09-25 22:34:31,2026-09-25 22:34:44,2026-09-25 22:54:20,5,720
KDS-ORD-20260925-13514,ORD-20260925-13514,MCH-102,DEV-102-POS,2026-09-25 20:13:22,2026-09-25 20:13:42,2026-09-25 20:14:18,2026-09-25 20:46:50,12,720
KDS-ORD-20260925-13515,ORD-20260925-13515,MCH-101,DEV-101-POS,2026-09-25 20:57:01,2026-09-25 20:57:21,2026-09-25 20:57:16,2026-09-25 21:21:15,10,720
KDS-ORD-20260925-13516,ORD-20260925-13516,MCH-104,DEV-104-POS,2026-09-25 21:17:48,2026-09-25 21:18:08,2026-09-25 21:18:37,,14,1080
KDS-ORD-20260925-13517,ORD-20260925-13517,MCH-104,DEV-104-POS,2026-09-25 07:05:35,2026-09-25 07:05:55,2026-09-25 07:06:05,2026-09-25 07:25:11,2,1080
KDS-ORD-20260925-13518,ORD-20260925-13518,MCH-108,DEV-108-POS,2026-09-25 12:38:21,2026-09-25 12:38:41,2026-09-25 12:39:12,2026-09-25 13:09:02,9,900
KDS-ORD-20260925-13519,ORD-20260925-13519,MCH-111,DEV-111-POS,2026-09-25 07:26:58,2026-09-25 07:27:18,2026-09-25 07:27:52,2026-09-25 07:46:34,2,1080
KDS-ORD-20260925-13520,ORD-20260925-13520,MCH-115,DEV-115-POS,2026-09-25 10:42:27,2026-09-25 10:42:47,2026-09-25 10:43:21,2026-09-25 11:03:43,3,1080
KDS-ORD-20260925-13521,ORD-20260925-13521,MCH-115,DEV-115-POS,2026-09-25 10:54:38,2026-09-25 10:54:58,2026-09-25 10:55:14,2026-09-25 11:13:24,2,1080
KDS-ORD-20260925-13522,ORD-20260925-13522,MCH-108,DEV-108-POS,2026-09-25 13:03:01,2026-09-25 13:03:21,2026-09-25 13:03:39,2026-09-25 13:30:53,8,900
KDS-ORD-20260925-13523,ORD-20260925-13523,MCH-104,DEV-104-POS,2026-09-25 11:41:11,2026-09-25 11:41:31,2026-09-25 11:41:58,2026-09-25 12:05:26,4,1080
KDS-ORD-20260925-13524,ORD-20260925-13524,MCH-109,DEV-109-POS,2026-09-25 08:47:57,2026-09-25 08:48:17,2026-09-25 08:48:50,2026-09-25 09:08:10,2,900
KDS-ORD-20260925-13525,ORD-20260925-13525,MCH-110,DEV-110-POS,2026-09-25 09:29:34,2026-09-25 09:29:54,2026-09-25 09:29:59,2026-09-25 09:48:20,5,720
KDS-ORD-20260925-13526,ORD-20260925-13526,MCH-105,DEV-105-POS,2026-09-25 09:55:03,2026-09-25 09:55:23,2026-09-25 09:55:52,2026-09-25 10:19:02,5,900
KDS-ORD-20260925-13527,ORD-20260925-13527,MCH-113,DEV-113-POS,2026-09-25 22:23:46,2026-09-25 22:24:06,2026-09-25 22:24:39,2026-09-25 22:42:23,6,720
KDS-ORD-20260925-13528,ORD-20260925-13528,MCH-106,DEV-106-POS,2026-09-25 19:15:46,2026-09-25 19:16:06,2026-09-25 19:16:14,2026-09-25 19:47:54,9,720
KDS-ORD-20260925-13529,ORD-20260925-13529,MCH-103,DEV-103-POS,2026-09-25 22:14:47,2026-09-25 22:15:07,2026-09-25 22:15:09,2026-09-25 22:33:05,4,720
KDS-ORD-20260925-13530,ORD-20260925-13530,MCH-103,DEV-103-POS,2026-09-25 13:22:04,2026-09-25 13:22:24,2026-09-25 13:23:03,2026-09-25 13:47:06,8,720
KDS-ORD-20260925-13531,ORD-20260925-13531,MCH-110,DEV-110-POS,2026-09-25 11:07:49,2026-09-25 11:08:09,2026-09-25 11:08:44,2026-09-25 11:23:04,2,720
KDS-ORD-20260925-13532,ORD-20260925-13532,MCH-107,DEV-107-POS,2026-09-25 20:59:09,2026-09-25 20:59:29,2026-09-25 20:59:26,2026-09-25 21:38:58,12,900
KDS-ORD-20260925-13533,ORD-20260925-13533,MCH-101,DEV-101-POS,2026-09-25 12:06:24,2026-09-25 12:06:44,2026-09-25 12:07:05,2026-09-25 12:36:48,10,720
KDS-ORD-20260925-13534,ORD-20260925-13534,MCH-101,DEV-101-POS,2026-09-25 12:24:33,2026-09-25 12:24:53,2026-09-25 12:24:55,2026-09-25 12:55:53,16,720
KDS-ORD-20260925-13535,ORD-20260925-13535,MCH-104,DEV-104-POS,2026-09-25 11:51:42,2026-09-25 11:52:02,2026-09-25 11:52:29,2026-09-25 12:16:17,5,1080
KDS-ORD-20260925-13536,ORD-20260925-13536,MCH-111,DEV-111-POS,2026-09-25 08:19:25,2026-09-25 08:19:45,2026-09-25 08:19:48,2026-09-25 08:43:53,5,1080
KDS-ORD-20260925-13537,ORD-20260925-13537,MCH-110,DEV-110-POS,2026-09-25 11:20:33,2026-09-25 11:20:53,2026-09-25 11:20:55,2026-09-25 11:40:10,5,720
KDS-ORD-20260925-13538,ORD-20260925-13538,MCH-102,DEV-102-POS,2026-09-25 12:13:20,2026-09-25 12:13:40,2026-09-25 12:14:02,2026-09-25 12:32:21,6,720
KDS-ORD-20260925-13539,ORD-20260925-13539,MCH-110,DEV-110-POS,2026-09-25 18:46:34,2026-09-25 18:46:54,2026-09-25 18:46:50,2026-09-25 19:01:00,4,720
KDS-ORD-20260925-13540,ORD-20260925-13540,MCH-111,DEV-111-POS,2026-09-25 06:26:41,2026-09-25 06:27:01,2026-09-25 06:26:57,2026-09-25 06:47:47,2,1080
KDS-ORD-20260925-13541,ORD-20260925-13541,MCH-110,DEV-110-POS,2026-09-25 10:34:31,2026-09-25 10:34:51,2026-09-25 10:35:08,2026-09-25 10:50:08,4,720
KDS-ORD-20260925-13542,ORD-20260925-13542,MCH-111,DEV-111-POS,2026-09-25 20:13:01,2026-09-25 20:13:21,2026-09-25 20:13:58,2026-09-25 20:54:16,9,1080
KDS-ORD-20260925-13543,ORD-20260925-13543,MCH-113,DEV-113-POS,2026-09-25 09:12:46,2026-09-25 09:13:06,2026-09-25 09:13:18,2026-09-25 09:28:57,2,720
KDS-ORD-20260925-13544,ORD-20260925-13544,MCH-107,DEV-107-POS,2026-09-25 12:11:33,2026-09-25 12:11:53,2026-09-25 12:12:23,2026-09-25 12:45:45,9,900
KDS-ORD-20260925-13545,ORD-20260925-13545,MCH-101,DEV-101-POS,2026-09-25 20:48:50,2026-09-25 20:49:10,2026-09-25 20:49:16,2026-09-25 21:17:05,10,720
KDS-ORD-20260925-13546,ORD-20260925-13546,MCH-102,DEV-102-POS,2026-09-25 09:26:34,2026-09-25 09:26:54,2026-09-25 09:26:56,2026-09-25 09:42:46,4,720
KDS-ORD-20260925-13547,ORD-20260925-13547,MCH-108,DEV-108-POS,2026-09-25 07:41:55,2026-09-25 07:42:15,2026-09-25 07:42:28,2026-09-25 08:00:27,2,900
KDS-ORD-20260925-13548,ORD-20260925-13548,MCH-114,DEV-114-POS,2026-09-25 14:33:11,2026-09-25 14:33:31,2026-09-25 14:33:27,2026-09-25 15:06:36,12,720
KDS-ORD-20260925-13549,ORD-20260925-13549,MCH-115,DEV-115-POS,2026-09-25 12:59:39,2026-09-25 12:59:59,2026-09-25 13:00:11,,16,1080
KDS-ORD-20260925-13550,ORD-20260925-13550,MCH-112,DEV-112-POS,2026-09-25 16:20:46,2026-09-25 16:21:06,2026-09-25 16:21:15,2026-09-25 16:42:06,6,900
KDS-ORD-20260925-13551,ORD-20260925-13551,MCH-113,DEV-113-POS,2026-09-25 20:30:25,2026-09-25 20:30:45,2026-09-25 20:30:40,2026-09-25 21:07:21,12,720
KDS-ORD-20260925-13552,ORD-20260925-13552,MCH-103,DEV-103-POS,2026-09-25 09:40:44,2026-09-25 09:41:04,2026-09-25 09:40:59,2026-09-25 10:00:48,6,720
KDS-ORD-20260925-13553,ORD-20260925-13553,MCH-111,DEV-111-POS,2026-09-25 16:23:20,2026-09-25 16:23:40,2026-09-25 16:24:01,2026-09-25 16:48:18,5,1080
KDS-ORD-20260925-13554,ORD-20260925-13554,MCH-106,DEV-106-POS,2026-09-25 14:03:45,2026-09-25 14:04:05,2026-09-25 14:04:19,,15,720
KDS-ORD-20260925-13555,ORD-20260925-13555,MCH-104,DEV-104-POS,2026-09-25 09:12:44,2026-09-25 09:13:04,2026-09-25 09:13:02,2026-09-25 09:35:28,3,1080
KDS-ORD-20260925-13556,ORD-20260925-13556,MCH-109,DEV-109-POS,2026-09-25 18:35:45,2026-09-25 18:36:05,2026-09-25 18:36:14,2026-09-25 18:53:45,2,900
KDS-ORD-20260925-13557,ORD-20260925-13557,MCH-105,DEV-105-POS,2026-09-25 11:39:41,2026-09-25 11:40:01,2026-09-25 11:40:41,2026-09-25 12:00:38,4,900
KDS-ORD-20260925-13558,ORD-20260925-13558,MCH-103,DEV-103-POS,2026-09-25 14:06:42,2026-09-25 14:07:02,2026-09-25 14:07:05,2026-09-25 14:37:32,16,720
KDS-ORD-20260925-13559,ORD-20260925-13559,MCH-105,DEV-105-POS,2026-09-25 07:54:52,2026-09-25 07:55:12,2026-09-25 07:55:29,2026-09-25 08:15:24,3,900
KDS-ORD-20260925-13560,ORD-20260925-13560,MCH-101,DEV-101-POS,2026-09-25 13:15:31,2026-09-25 13:15:51,2026-09-25 13:16:17,2026-09-25 13:46:42,15,720
KDS-ORD-20260925-13561,ORD-20260925-13561,MCH-110,DEV-110-POS,2026-09-25 12:32:05,2026-09-25 12:32:25,2026-09-25 12:32:22,2026-09-25 12:56:50,9,720
KDS-ORD-20260925-13562,ORD-20260925-13562,MCH-103,DEV-103-POS,2026-09-25 20:37:05,2026-09-25 20:37:25,2026-09-25 20:37:20,2026-09-25 21:07:31,12,720
KDS-ORD-20260925-13563,ORD-20260925-13563,MCH-115,DEV-115-POS,2026-09-25 06:54:40,2026-09-25 06:55:00,2026-09-25 06:55:20,2026-09-25 07:14:31,2,1080
KDS-ORD-20260925-13564,ORD-20260925-13564,MCH-106,DEV-106-POS,2026-09-25 13:56:46,2026-09-25 13:57:06,2026-09-25 13:57:12,2026-09-25 14:23:12,13,720
KDS-ORD-20260925-13565,ORD-20260925-13565,MCH-103,DEV-103-POS,2026-09-25 13:41:30,2026-09-25 13:41:50,2026-09-25 13:42:16,2026-09-25 14:15:50,16,720
KDS-ORD-20260925-13566,ORD-20260925-13566,MCH-114,DEV-114-POS,2026-09-25 19:14:59,2026-09-25 19:15:19,2026-09-25 19:15:43,2026-09-25 19:42:16,13,720
KDS-ORD-20260925-13567,ORD-20260925-13567,MCH-108,DEV-108-POS,2026-09-25 16:51:50,2026-09-25 16:52:10,2026-09-25 16:52:37,2026-09-25 17:12:01,4,900
KDS-ORD-20260925-13568,ORD-20260925-13568,MCH-103,DEV-103-POS,2026-09-25 18:46:28,2026-09-25 18:46:48,2026-09-25 18:46:51,2026-09-25 19:05:26,6,720
KDS-ORD-20260925-13569,ORD-20260925-13569,MCH-102,DEV-102-POS,2026-09-25 20:05:00,2026-09-25 20:05:20,2026-09-25 20:05:54,2026-09-25 20:36:28,11,720
KDS-ORD-20260925-13570,ORD-20260925-13570,MCH-110,DEV-110-POS,2026-09-25 20:45:11,2026-09-25 20:45:31,2026-09-25 20:45:53,2026-09-25 21:14:34,12,720
KDS-ORD-20260925-13571,ORD-20260925-13571,MCH-113,DEV-113-POS,2026-09-25 12:34:24,2026-09-25 12:34:44,2026-09-25 12:34:52,2026-09-25 13:05:03,10,720
KDS-ORD-20260925-13572,ORD-20260925-13572,MCH-104,DEV-104-POS,2026-09-25 15:39:54,2026-09-25 15:40:14,2026-09-25 15:40:30,2026-09-25 16:05:20,6,1080
KDS-ORD-20260925-13573,ORD-20260925-13573,MCH-112,DEV-112-POS,2026-09-25 20:23:09,2026-09-25 20:23:29,2026-09-25 20:23:57,2026-09-25 21:00:35,12,900
KDS-ORD-20260925-13574,ORD-20260925-13574,MCH-115,DEV-115-POS,2026-09-25 23:30:14,2026-09-25 23:30:34,2026-09-25 23:30:57,2026-09-25 23:53:01,4,1080
KDS-ORD-20260925-13575,ORD-20260925-13575,MCH-114,DEV-114-POS,2026-09-25 21:11:16,2026-09-25 21:11:36,2026-09-25 21:12:08,2026-09-25 21:33:33,6,720
KDS-ORD-20260925-13576,ORD-20260925-13576,MCH-110,DEV-110-POS,2026-09-25 12:15:07,2026-09-25 12:15:27,2026-09-25 12:15:41,2026-09-25 12:47:11,16,720
KDS-ORD-20260925-13577,ORD-20260925-13577,MCH-113,DEV-113-POS,2026-09-25 10:03:41,2026-09-25 10:04:01,2026-09-25 10:04:28,2026-09-25 10:25:01,6,720
KDS-ORD-20260925-13578,ORD-20260925-13578,MCH-103,DEV-103-POS,2026-09-25 14:02:38,2026-09-25 14:02:58,2026-09-25 14:02:56,2026-09-25 14:39:17,13,720
KDS-ORD-20260925-13579,ORD-20260925-13579,MCH-109,DEV-109-POS,2026-09-25 19:34:37,2026-09-25 19:34:57,2026-09-25 19:34:58,,8,900
KDS-ORD-20260925-13580,ORD-20260925-13580,MCH-104,DEV-104-POS,2026-09-25 14:13:29,2026-09-25 14:13:49,2026-09-25 14:14:19,2026-09-25 14:45:49,6,1080
KDS-ORD-20260925-13581,ORD-20260925-13581,MCH-104,DEV-104-POS,2026-09-25 14:42:38,2026-09-25 14:42:58,2026-09-25 14:43:29,2026-09-25 15:15:32,6,1080
KDS-ORD-20260925-13582,ORD-20260925-13582,MCH-104,DEV-104-POS,2026-09-25 20:26:58,2026-09-25 20:27:18,2026-09-25 20:27:30,2026-09-25 21:01:11,14,1080
KDS-ORD-20260925-13583,ORD-20260925-13583,MCH-104,DEV-104-POS,2026-09-25 12:46:27,2026-09-25 12:46:47,2026-09-25 12:46:55,2026-09-25 13:19:30,6,1080
KDS-ORD-20260925-13584,ORD-20260925-13584,MCH-106,DEV-106-POS,2026-09-25 20:36:43,2026-09-25 20:37:03,2026-09-25 20:37:21,2026-09-25 20:59:23,7,720
KDS-ORD-20260925-13585,ORD-20260925-13585,MCH-101,DEV-101-POS,2026-09-25 13:29:31,2026-09-25 13:29:51,2026-09-25 13:29:52,2026-09-25 13:55:39,13,720
KDS-ORD-20260925-13586,ORD-20260925-13586,MCH-104,DEV-104-POS,2026-09-25 12:27:38,2026-09-25 12:27:58,2026-09-25 12:28:01,,13,1080
KDS-ORD-20260925-13587,ORD-20260925-13587,MCH-101,DEV-101-POS,2026-09-25 13:22:03,2026-09-25 13:22:23,2026-09-25 13:22:44,2026-09-25 13:51:16,15,720
KDS-ORD-20260925-13588,ORD-20260925-13588,MCH-110,DEV-110-POS,2026-09-25 19:02:45,2026-09-25 19:03:05,2026-09-25 19:03:15,2026-09-25 19:28:24,7,720
KDS-ORD-20260925-13589,ORD-20260925-13589,MCH-114,DEV-114-POS,2026-09-25 08:40:29,2026-09-25 08:40:49,2026-09-25 08:41:16,2026-09-25 08:54:54,2,720
KDS-ORD-20260925-13590,ORD-20260925-13590,MCH-112,DEV-112-POS,2026-09-25 10:42:01,2026-09-25 10:42:21,2026-09-25 10:42:55,2026-09-25 11:00:35,5,900
KDS-ORD-20260925-13591,ORD-20260925-13591,MCH-104,DEV-104-POS,2026-09-25 22:31:05,2026-09-25 22:31:25,2026-09-25 22:31:45,2026-09-25 22:55:06,3,1080
KDS-ORD-20260925-13592,ORD-20260925-13592,MCH-113,DEV-113-POS,2026-09-25 09:02:20,2026-09-25 09:02:40,2026-09-25 09:02:39,2026-09-25 09:17:13,4,720
KDS-ORD-20260925-13593,ORD-20260925-13593,MCH-115,DEV-115-POS,2026-09-25 16:09:02,2026-09-25 16:09:22,2026-09-25 16:09:48,2026-09-25 16:32:29,4,1080
KDS-ORD-20260925-13594,ORD-20260925-13594,MCH-108,DEV-108-POS,2026-09-25 16:19:20,2026-09-25 16:19:40,2026-09-25 16:20:12,2026-09-25 16:38:11,3,900
KDS-ORD-20260925-13595,ORD-20260925-13595,MCH-113,DEV-113-POS,2026-09-25 14:42:22,2026-09-25 14:42:42,2026-09-25 14:42:59,2026-09-25 15:07:49,13,720
KDS-ORD-20260925-13596,ORD-20260925-13596,MCH-110,DEV-110-POS,2026-09-25 18:19:43,2026-09-25 18:20:03,2026-09-25 18:20:36,2026-09-25 18:38:13,6,720
KDS-ORD-20260925-13597,ORD-20260925-13597,MCH-114,DEV-114-POS,2026-09-25 10:56:43,2026-09-25 10:57:03,2026-09-25 10:57:17,2026-09-25 11:13:11,2,720
KDS-ORD-20260925-13598,ORD-20260925-13598,MCH-110,DEV-110-POS,2026-09-25 15:53:31,2026-09-25 15:53:51,2026-09-25 15:53:59,2026-09-25 16:12:25,6,720
KDS-ORD-20260925-13599,ORD-20260925-13599,MCH-109,DEV-109-POS,2026-09-25 12:06:05,2026-09-25 12:06:25,2026-09-25 12:07:01,2026-09-25 12:35:00,9,900
KDS-ORD-20260925-13600,ORD-20260925-13600,MCH-110,DEV-110-POS,2026-09-25 18:37:55,2026-09-25 18:38:15,2026-09-25 18:38:38,2026-09-25 18:56:36,6,720
KDS-ORD-20260925-13601,ORD-20260925-13601,MCH-108,DEV-108-POS,2026-09-25 09:12:29,2026-09-25 09:12:49,2026-09-25 09:13:20,2026-09-25 09:31:56,6,900
KDS-ORD-20260925-13602,ORD-20260925-13602,MCH-109,DEV-109-POS,2026-09-25 16:00:37,2026-09-25 16:00:57,2026-09-25 16:01:09,2026-09-25 16:20:19,3,900
KDS-ORD-20260925-13603,ORD-20260925-13603,MCH-109,DEV-109-POS,2026-09-25 10:25:35,2026-09-25 10:25:55,2026-09-25 10:26:21,2026-09-25 10:40:38,2,900
KDS-ORD-20260925-13604,ORD-20260925-13604,MCH-101,DEV-101-POS,2026-09-25 11:30:04,2026-09-25 11:30:24,2026-09-25 11:30:47,2026-09-25 11:51:50,6,720
KDS-ORD-20260925-13605,ORD-20260925-13605,MCH-114,DEV-114-POS,2026-09-25 10:53:04,2026-09-25 10:53:24,2026-09-25 10:53:37,2026-09-25 11:10:24,6,720
KDS-ORD-20260925-13606,ORD-20260925-13606,MCH-114,DEV-114-POS,2026-09-25 10:41:57,2026-09-25 10:42:17,2026-09-25 10:42:50,2026-09-25 10:58:53,3,720
KDS-ORD-20260925-13607,ORD-20260925-13607,MCH-112,DEV-112-POS,2026-09-25 20:18:03,2026-09-25 20:18:23,2026-09-25 20:18:59,2026-09-25 20:48:57,7,900
KDS-ORD-20260925-13608,ORD-20260925-13608,MCH-115,DEV-115-POS,2026-09-25 11:13:07,2026-09-25 11:13:27,2026-09-25 11:13:38,2026-09-25 11:33:31,2,1080
KDS-ORD-20260925-13609,ORD-20260925-13609,MCH-112,DEV-112-POS,2026-09-25 21:52:41,2026-09-25 21:53:01,2026-09-25 21:53:38,2026-09-25 22:27:27,11,900
KDS-ORD-20260925-13610,ORD-20260925-13610,MCH-115,DEV-115-POS,2026-09-25 22:12:39,2026-09-25 22:12:59,2026-09-25 22:13:32,2026-09-25 22:32:57,3,1080
KDS-ORD-20260925-13611,ORD-20260925-13611,MCH-115,DEV-115-POS,2026-09-25 16:47:47,2026-09-25 16:48:07,2026-09-25 16:48:19,2026-09-25 17:06:03,3,1080
KDS-ORD-20260925-13612,ORD-20260925-13612,MCH-105,DEV-105-POS,2026-09-25 09:31:02,2026-09-25 09:31:22,2026-09-25 09:31:26,2026-09-25 09:46:23,4,900
KDS-ORD-20260925-13613,ORD-20260925-13613,MCH-113,DEV-113-POS,2026-09-25 12:12:17,2026-09-25 12:12:37,2026-09-25 12:12:32,2026-09-25 12:45:45,11,720
KDS-ORD-20260925-13614,ORD-20260925-13614,MCH-114,DEV-114-POS,2026-09-25 20:58:13,2026-09-25 20:58:33,2026-09-25 20:58:29,2026-09-25 21:28:26,9,720
KDS-ORD-20260925-13615,ORD-20260925-13615,MCH-115,DEV-115-POS,2026-09-25 12:09:59,2026-09-25 12:10:19,2026-09-25 12:10:20,2026-09-25 12:41:23,6,1080
KDS-ORD-20260925-13616,ORD-20260925-13616,MCH-111,DEV-111-POS,2026-09-25 07:51:12,2026-09-25 07:51:32,2026-09-25 07:51:27,2026-09-25 08:12:54,5,1080
KDS-ORD-20260925-13617,ORD-20260925-13617,MCH-114,DEV-114-POS,2026-09-25 16:01:39,2026-09-25 16:01:59,2026-09-25 16:01:56,2026-09-25 16:16:22,3,720
KDS-ORD-20260925-13618,ORD-20260925-13618,MCH-110,DEV-110-POS,2026-09-25 20:25:56,2026-09-25 20:26:16,2026-09-25 20:26:29,2026-09-25 20:57:05,13,720
KDS-ORD-20260925-13619,ORD-20260925-13619,MCH-115,DEV-115-POS,2026-09-25 20:31:38,2026-09-25 20:31:58,2026-09-25 20:32:20,2026-09-25 21:09:29,14,1080
KDS-ORD-20260925-13620,ORD-20260925-13620,MCH-114,DEV-114-POS,2026-09-25 09:22:49,2026-09-25 09:23:09,2026-09-25 09:23:37,2026-09-25 09:39:50,6,720
KDS-ORD-20260925-13621,ORD-20260925-13621,MCH-104,DEV-104-POS,2026-09-25 18:43:46,2026-09-25 18:44:06,2026-09-25 18:44:01,2026-09-25 19:03:23,3,1080
KDS-ORD-20260925-13622,ORD-20260925-13622,MCH-113,DEV-113-POS,2026-09-25 10:37:03,2026-09-25 10:37:23,2026-09-25 10:37:40,2026-09-25 10:56:20,5,720
KDS-ORD-20260925-13623,ORD-20260925-13623,MCH-114,DEV-114-POS,2026-09-25 10:46:16,2026-09-25 10:46:36,2026-09-25 10:46:44,2026-09-25 11:04:24,5,720
KDS-ORD-20260925-13624,ORD-20260925-13624,MCH-114,DEV-114-POS,2026-09-25 21:51:15,2026-09-25 21:51:35,2026-09-25 21:52:10,2026-09-25 22:29:56,16,720
KDS-ORD-20260925-13625,ORD-20260925-13625,MCH-101,DEV-101-POS,2026-09-25 11:11:16,2026-09-25 11:11:36,2026-09-25 11:12:03,2026-09-25 11:25:48,5,720
KDS-ORD-20260925-13626,ORD-20260925-13626,MCH-115,DEV-115-POS,2026-09-25 11:57:03,2026-09-25 11:57:23,2026-09-25 11:57:42,2026-09-25 12:18:13,2,1080
KDS-ORD-20260925-13627,ORD-20260925-13627,MCH-101,DEV-101-POS,2026-09-25 00:55:03,2026-09-25 00:55:23,2026-09-25 00:56:00,2026-09-25 01:13:05,5,720
KDS-ORD-20260925-13628,ORD-20260925-13628,MCH-107,DEV-107-POS,2026-09-25 20:05:31,2026-09-25 20:05:51,2026-09-25 20:06:24,2026-09-25 20:44:45,15,900
KDS-ORD-20260925-13629,ORD-20260925-13629,MCH-103,DEV-103-POS,2026-09-25 20:10:27,2026-09-25 20:10:47,2026-09-25 20:10:54,2026-09-25 20:36:38,9,720
KDS-ORD-20260925-13630,ORD-20260925-13630,MCH-109,DEV-109-POS,2026-09-25 18:44:19,2026-09-25 18:44:39,2026-09-25 18:44:35,2026-09-25 19:02:17,4,900
KDS-ORD-20260925-13631,ORD-20260925-13631,MCH-112,DEV-112-POS,2026-09-25 19:31:48,2026-09-25 19:32:08,2026-09-25 19:32:05,2026-09-25 19:59:02,6,900
KDS-ORD-20260925-13632,ORD-20260925-13632,MCH-104,DEV-104-POS,2026-09-25 09:54:51,2026-09-25 09:55:11,2026-09-25 09:55:48,2026-09-25 10:20:08,4,1080
KDS-ORD-20260925-13633,ORD-20260925-13633,MCH-103,DEV-103-POS,2026-09-25 13:24:50,2026-09-25 13:25:10,2026-09-25 13:25:39,2026-09-25 13:48:31,8,720
KDS-ORD-20260925-13634,ORD-20260925-13634,MCH-101,DEV-101-POS,2026-09-25 12:32:28,2026-09-25 12:32:48,2026-09-25 12:33:03,,8,720
KDS-ORD-20260925-13635,ORD-20260925-13635,MCH-106,DEV-106-POS,2026-09-25 07:21:56,2026-09-25 07:22:16,2026-09-25 07:22:17,2026-09-25 07:38:22,5,720
KDS-ORD-20260925-13636,ORD-20260925-13636,MCH-115,DEV-115-POS,2026-09-25 14:33:27,2026-09-25 14:33:47,2026-09-25 14:34:21,2026-09-25 15:16:14,11,1080
KDS-ORD-20260925-13637,ORD-20260925-13637,MCH-112,DEV-112-POS,2026-09-25 21:29:46,2026-09-25 21:30:06,2026-09-25 21:30:09,2026-09-25 22:02:27,7,900
KDS-ORD-20260925-13638,ORD-20260925-13638,MCH-110,DEV-110-POS,2026-09-25 05:56:35,2026-09-25 05:56:55,2026-09-25 05:57:35,2026-09-25 06:12:21,2,720
KDS-ORD-20260925-13639,ORD-20260925-13639,MCH-104,DEV-104-POS,2026-09-25 11:36:38,2026-09-25 11:36:58,2026-09-25 11:37:11,2026-09-25 11:56:33,3,1080
KDS-ORD-20260925-13640,ORD-20260925-13640,MCH-110,DEV-110-POS,2026-09-25 10:12:16,2026-09-25 10:12:36,2026-09-25 10:13:12,2026-09-25 10:29:17,4,720
KDS-ORD-20260925-13641,ORD-20260925-13641,MCH-111,DEV-111-POS,2026-09-25 11:18:54,2026-09-25 11:19:14,2026-09-25 11:19:38,2026-09-25 11:41:21,4,1080
KDS-ORD-20260925-13642,ORD-20260925-13642,MCH-110,DEV-110-POS,2026-09-25 21:00:55,2026-09-25 21:01:15,2026-09-25 21:01:11,2026-09-25 21:28:08,11,720
KDS-ORD-20260925-13643,ORD-20260925-13643,MCH-114,DEV-114-POS,2026-09-25 13:34:40,2026-09-25 13:35:00,2026-09-25 13:35:21,2026-09-25 14:02:28,16,720
KDS-ORD-20260925-13644,ORD-20260925-13644,MCH-114,DEV-114-POS,2026-09-25 13:55:37,2026-09-25 13:55:57,2026-09-25 13:56:22,2026-09-25 14:22:25,8,720
KDS-ORD-20260925-13645,ORD-20260925-13645,MCH-107,DEV-107-POS,2026-09-25 19:16:51,2026-09-25 19:17:11,2026-09-25 19:17:23,2026-09-25 19:44:13,9,900
KDS-ORD-20260925-13646,ORD-20260925-13646,MCH-111,DEV-111-POS,2026-09-25 09:24:21,2026-09-25 09:24:41,2026-09-25 09:25:01,2026-09-25 09:45:14,5,1080
KDS-ORD-20260925-13647,ORD-20260925-13647,MCH-107,DEV-107-POS,2026-09-25 14:19:20,2026-09-25 14:19:40,2026-09-25 14:20:07,2026-09-25 15:00:48,15,900
KDS-ORD-20260925-13648,ORD-20260925-13648,MCH-109,DEV-109-POS,2026-09-25 13:36:24,2026-09-25 13:36:44,2026-09-25 13:37:12,2026-09-25 14:05:22,7,900
KDS-ORD-20260925-13649,ORD-20260925-13649,MCH-110,DEV-110-POS,2026-09-25 17:47:08,2026-09-25 17:47:28,2026-09-25 17:47:51,2026-09-25 18:03:48,5,720
KDS-ORD-20260925-13650,ORD-20260925-13650,MCH-114,DEV-114-POS,2026-09-25 23:42:29,2026-09-25 23:42:49,2026-09-25 23:43:03,2026-09-26 00:02:00,3,720
KDS-ORD-20260925-13651,ORD-20260925-13651,MCH-107,DEV-107-POS,2026-09-25 20:09:21,2026-09-25 20:09:41,2026-09-25 20:10:12,2026-09-25 20:43:10,12,900
KDS-ORD-20260925-13652,ORD-20260925-13652,MCH-112,DEV-112-POS,2026-09-25 13:35:58,2026-09-25 13:36:18,2026-09-25 13:36:34,2026-09-25 14:08:17,7,900
KDS-ORD-20260925-13653,ORD-20260925-13653,MCH-114,DEV-114-POS,2026-09-25 20:06:28,2026-09-25 20:06:48,2026-09-25 20:06:59,2026-09-25 20:37:08,10,720
KDS-ORD-20260925-13654,ORD-20260925-13654,MCH-103,DEV-103-POS,2026-09-25 09:12:39,2026-09-25 09:12:59,2026-09-25 09:13:15,2026-09-25 09:26:23,2,720
KDS-ORD-20260925-13655,ORD-20260925-13655,MCH-102,DEV-102-POS,2026-09-25 05:41:12,2026-09-25 05:41:32,2026-09-25 05:41:47,2026-09-25 05:59:13,5,720
KDS-ORD-20260925-13656,ORD-20260925-13656,MCH-103,DEV-103-POS,2026-09-25 10:25:21,2026-09-25 10:25:41,2026-09-25 10:25:55,2026-09-25 10:41:58,6,720
KDS-ORD-20260925-13657,ORD-20260925-13657,MCH-101,DEV-101-POS,2026-09-25 12:04:24,2026-09-25 12:04:44,2026-09-25 12:05:14,2026-09-25 12:29:00,6,720
KDS-ORD-20260925-13658,ORD-20260925-13658,MCH-107,DEV-107-POS,2026-09-25 14:47:04,2026-09-25 14:47:24,2026-09-25 14:47:52,2026-09-25 15:28:11,15,900
KDS-ORD-20260925-13659,ORD-20260925-13659,MCH-113,DEV-113-POS,2026-09-25 17:16:15,2026-09-25 17:16:35,2026-09-25 17:16:59,2026-09-25 17:33:12,4,720
KDS-ORD-20260925-13660,ORD-20260925-13660,MCH-109,DEV-109-POS,2026-09-25 21:56:55,2026-09-25 21:57:15,2026-09-25 21:57:16,2026-09-25 22:28:47,8,900
KDS-ORD-20260925-13661,ORD-20260925-13661,MCH-110,DEV-110-POS,2026-09-25 14:06:07,2026-09-25 14:06:27,2026-09-25 14:06:41,,14,720
KDS-ORD-20260925-13662,ORD-20260925-13662,MCH-102,DEV-102-POS,2026-09-25 14:47:51,2026-09-25 14:48:11,2026-09-25 14:48:26,2026-09-25 15:27:31,14,720
KDS-ORD-20260925-13663,ORD-20260925-13663,MCH-111,DEV-111-POS,2026-09-25 05:59:28,2026-09-25 05:59:48,2026-09-25 05:59:52,2026-09-25 06:22:36,3,1080
KDS-ORD-20260925-13664,ORD-20260925-13664,MCH-101,DEV-101-POS,2026-09-25 05:21:44,2026-09-25 05:22:04,2026-09-25 05:22:28,2026-09-25 05:38:43,4,720
KDS-ORD-20260925-13665,ORD-20260925-13665,MCH-111,DEV-111-POS,2026-09-25 15:01:48,2026-09-25 15:02:08,2026-09-25 15:02:04,2026-09-25 15:28:42,6,1080
KDS-ORD-20260925-13666,ORD-20260925-13666,MCH-107,DEV-107-POS,2026-09-25 13:07:17,2026-09-25 13:07:37,2026-09-25 13:08:02,2026-09-25 13:36:27,9,900
KDS-ORD-20260925-13667,ORD-20260925-13667,MCH-102,DEV-102-POS,2026-09-25 20:04:44,2026-09-25 20:05:04,2026-09-25 20:05:44,2026-09-25 20:32:02,9,720
KDS-ORD-20260925-13668,ORD-20260925-13668,MCH-110,DEV-110-POS,2026-09-25 09:02:07,2026-09-25 09:02:27,2026-09-25 09:02:25,2026-09-25 09:16:31,2,720
KDS-ORD-20260925-13669,ORD-20260925-13669,MCH-114,DEV-114-POS,2026-09-25 04:06:21,2026-09-25 04:06:41,2026-09-25 04:07:05,2026-09-25 04:24:31,3,720
KDS-ORD-20260925-13670,ORD-20260925-13670,MCH-115,DEV-115-POS,2026-09-25 13:26:36,2026-09-25 13:26:56,2026-09-25 13:27:32,2026-09-25 14:02:51,13,1080
KDS-ORD-20260925-13671,ORD-20260925-13671,MCH-105,DEV-105-POS,2026-09-25 11:34:46,2026-09-25 11:35:06,2026-09-25 11:35:09,2026-09-25 11:53:54,3,900
KDS-ORD-20260925-13672,ORD-20260925-13672,MCH-110,DEV-110-POS,2026-09-25 06:12:29,2026-09-25 06:12:49,2026-09-25 06:13:18,2026-09-25 06:30:32,4,720
KDS-ORD-20260925-13673,ORD-20260925-13673,MCH-101,DEV-101-POS,2026-09-25 19:23:22,2026-09-25 19:23:42,2026-09-25 19:24:01,2026-09-25 19:49:02,6,720
KDS-ORD-20260925-13674,ORD-20260925-13674,MCH-115,DEV-115-POS,2026-09-25 08:03:00,2026-09-25 08:03:20,2026-09-25 08:03:16,2026-09-25 08:26:13,3,1080
KDS-ORD-20260925-13675,ORD-20260925-13675,MCH-108,DEV-108-POS,2026-09-25 17:35:18,2026-09-25 17:35:38,2026-09-25 17:35:45,2026-09-25 17:51:51,2,900
KDS-ORD-20260925-13676,ORD-20260925-13676,MCH-108,DEV-108-POS,2026-09-25 11:34:03,2026-09-25 11:34:23,2026-09-25 11:34:29,2026-09-25 11:53:20,2,900
KDS-ORD-20260925-13677,ORD-20260925-13677,MCH-106,DEV-106-POS,2026-09-25 09:20:30,2026-09-25 09:20:50,2026-09-25 09:21:18,2026-09-25 09:35:54,5,720
KDS-ORD-20260925-13678,ORD-20260925-13678,MCH-111,DEV-111-POS,2026-09-25 12:07:31,2026-09-25 12:07:51,2026-09-25 12:08:05,2026-09-25 12:43:46,13,1080
KDS-ORD-20260925-13679,ORD-20260925-13679,MCH-114,DEV-114-POS,2026-09-25 20:45:50,2026-09-25 20:46:10,2026-09-25 20:46:39,2026-09-25 21:10:30,7,720
KDS-ORD-20260925-13680,ORD-20260925-13680,MCH-115,DEV-115-POS,2026-09-25 12:13:07,2026-09-25 12:13:27,2026-09-25 12:13:51,2026-09-25 12:43:46,6,1080
KDS-ORD-20260925-13681,ORD-20260925-13681,MCH-110,DEV-110-POS,2026-09-25 19:46:58,2026-09-25 19:47:18,2026-09-25 19:47:53,2026-09-25 20:16:33,11,720
KDS-ORD-20260925-13682,ORD-20260925-13682,MCH-114,DEV-114-POS,2026-09-25 08:23:05,2026-09-25 08:23:25,2026-09-25 08:23:57,2026-09-25 08:41:43,6,720
KDS-ORD-20260925-13683,ORD-20260925-13683,MCH-109,DEV-109-POS,2026-09-25 20:46:18,2026-09-25 20:46:38,2026-09-25 20:47:08,2026-09-25 21:20:05,14,900
KDS-ORD-20260925-13684,ORD-20260925-13684,MCH-113,DEV-113-POS,2026-09-25 11:16:25,2026-09-25 11:16:45,2026-09-25 11:16:57,2026-09-25 11:35:02,6,720
KDS-ORD-20260925-13685,ORD-20260925-13685,MCH-109,DEV-109-POS,2026-09-25 19:50:50,2026-09-25 19:51:10,2026-09-25 19:51:09,2026-09-25 20:22:12,9,900
KDS-ORD-20260925-13686,ORD-20260925-13686,MCH-112,DEV-112-POS,2026-09-25 16:57:26,2026-09-25 16:57:46,2026-09-25 16:57:59,2026-09-25 17:19:59,5,900
KDS-ORD-20260925-13687,ORD-20260925-13687,MCH-102,DEV-102-POS,2026-09-25 21:03:10,2026-09-25 21:03:30,2026-09-25 21:03:54,2026-09-25 21:27:16,6,720
KDS-ORD-20260925-13688,ORD-20260925-13688,MCH-104,DEV-104-POS,2026-09-25 12:44:41,2026-09-25 12:45:01,2026-09-25 12:45:38,2026-09-25 13:27:23,12,1080
KDS-ORD-20260925-13689,ORD-20260925-13689,MCH-107,DEV-107-POS,2026-09-25 07:47:47,2026-09-25 07:48:07,2026-09-25 07:48:26,2026-09-25 08:11:22,6,900
KDS-ORD-20260925-13690,ORD-20260925-13690,MCH-104,DEV-104-POS,2026-09-25 04:42:43,2026-09-25 04:43:03,2026-09-25 04:43:35,2026-09-25 05:06:22,5,1080
KDS-ORD-20260925-13691,ORD-20260925-13691,MCH-103,DEV-103-POS,2026-09-25 20:20:20,2026-09-25 20:20:40,2026-09-25 20:20:36,,15,720
KDS-ORD-20260925-13692,ORD-20260925-13692,MCH-102,DEV-102-POS,2026-09-25 15:43:58,2026-09-25 15:44:18,2026-09-25 15:44:36,2026-09-25 16:05:57,6,720
KDS-ORD-20260925-13693,ORD-20260925-13693,MCH-103,DEV-103-POS,2026-09-25 20:45:10,2026-09-25 20:45:30,2026-09-25 20:45:52,2026-09-25 21:18:29,15,720
KDS-ORD-20260925-13694,ORD-20260925-13694,MCH-102,DEV-102-POS,2026-09-25 11:15:25,2026-09-25 11:15:45,2026-09-25 11:16:16,2026-09-25 11:31:19,5,720
KDS-ORD-20260925-13695,ORD-20260925-13695,MCH-105,DEV-105-POS,2026-09-25 13:00:27,2026-09-25 13:00:47,2026-09-25 13:01:17,2026-09-25 13:25:42,6,900
KDS-ORD-20260925-13696,ORD-20260925-13696,MCH-110,DEV-110-POS,2026-09-25 05:01:19,2026-09-25 05:01:39,2026-09-25 05:01:46,2026-09-25 05:17:12,4,720
KDS-ORD-20260925-13697,ORD-20260925-13697,MCH-107,DEV-107-POS,2026-09-25 22:00:11,2026-09-25 22:00:31,2026-09-25 22:00:41,2026-09-25 22:17:41,4,900
KDS-ORD-20260925-13698,ORD-20260925-13698,MCH-113,DEV-113-POS,2026-09-25 18:12:04,2026-09-25 18:12:24,2026-09-25 18:12:50,2026-09-25 18:29:22,3,720
KDS-ORD-20260925-13699,ORD-20260925-13699,MCH-105,DEV-105-POS,2026-09-25 21:29:36,2026-09-25 21:29:56,2026-09-25 21:30:02,2026-09-25 22:01:23,14,900
KDS-ORD-20260925-13700,ORD-20260925-13700,MCH-101,DEV-101-POS,2026-09-25 11:49:21,2026-09-25 11:49:41,2026-09-25 11:49:38,2026-09-25 12:07:59,5,720
KDS-ORD-20260925-13701,ORD-20260925-13701,MCH-102,DEV-102-POS,2026-09-25 17:43:15,2026-09-25 17:43:35,2026-09-25 17:44:07,2026-09-25 17:59:11,4,720
KDS-ORD-20260925-13702,ORD-20260925-13702,MCH-107,DEV-107-POS,2026-09-25 19:47:49,2026-09-25 19:48:09,2026-09-25 19:48:49,2026-09-25 20:25:04,15,900
KDS-ORD-20260925-13703,ORD-20260925-13703,MCH-101,DEV-101-POS,2026-09-25 12:39:47,2026-09-25 12:40:07,2026-09-25 12:40:08,2026-09-25 13:06:23,10,720
KDS-ORD-20260925-13704,ORD-20260925-13704,MCH-112,DEV-112-POS,2026-09-25 20:43:59,2026-09-25 20:44:19,2026-09-25 20:44:40,2026-09-25 21:22:50,13,900
KDS-ORD-20260925-13705,ORD-20260925-13705,MCH-101,DEV-101-POS,2026-09-25 21:58:20,2026-09-25 21:58:40,2026-09-25 21:59:05,2026-09-25 22:21:30,7,720
KDS-ORD-20260925-13706,ORD-20260925-13706,MCH-115,DEV-115-POS,2026-09-25 21:32:07,2026-09-25 21:32:27,2026-09-25 21:32:30,2026-09-25 22:15:46,15,1080
KDS-ORD-20260925-13707,ORD-20260925-13707,MCH-102,DEV-102-POS,2026-09-25 19:30:08,2026-09-25 19:30:28,2026-09-25 19:30:33,2026-09-25 20:02:44,11,720
KDS-ORD-20260925-13708,ORD-20260925-13708,MCH-112,DEV-112-POS,2026-09-25 11:00:35,2026-09-25 11:00:55,2026-09-25 11:00:50,2026-09-25 11:18:50,3,900
KDS-ORD-20260925-13709,ORD-20260925-13709,MCH-102,DEV-102-POS,2026-09-25 11:42:37,2026-09-25 11:42:57,2026-09-25 11:43:32,2026-09-25 11:59:33,3,720
KDS-ORD-20260925-13710,ORD-20260925-13710,MCH-107,DEV-107-POS,2026-09-25 22:01:42,2026-09-25 22:02:02,2026-09-25 22:02:40,2026-09-25 22:22:29,5,900
KDS-ORD-20260925-13711,ORD-20260925-13711,MCH-113,DEV-113-POS,2026-09-25 01:01:22,2026-09-25 01:01:42,2026-09-25 01:02:15,2026-09-25 01:18:43,5,720
KDS-ORD-20260925-13712,ORD-20260925-13712,MCH-110,DEV-110-POS,2026-09-25 19:21:29,2026-09-25 19:21:49,2026-09-25 19:22:20,2026-09-25 19:54:41,12,720
KDS-ORD-20260925-13713,ORD-20260925-13713,MCH-112,DEV-112-POS,2026-09-25 19:08:13,2026-09-25 19:08:33,2026-09-25 19:08:57,2026-09-25 19:43:29,12,900
KDS-ORD-20260925-13714,ORD-20260925-13714,MCH-102,DEV-102-POS,2026-09-25 18:48:54,2026-09-25 18:49:14,2026-09-25 18:49:20,2026-09-25 19:06:46,6,720
KDS-ORD-20260925-13715,ORD-20260925-13715,MCH-107,DEV-107-POS,2026-09-25 23:06:37,2026-09-25 23:06:57,2026-09-25 23:07:33,2026-09-25 23:29:36,6,900
KDS-ORD-20260925-13716,ORD-20260925-13716,MCH-113,DEV-113-POS,2026-09-25 12:38:57,2026-09-25 12:39:17,2026-09-25 12:39:32,2026-09-25 13:12:12,11,720
KDS-ORD-20260925-13717,ORD-20260925-13717,MCH-109,DEV-109-POS,2026-09-25 12:43:30,2026-09-25 12:43:50,2026-09-25 12:44:30,2026-09-25 13:12:32,8,900
KDS-ORD-20260925-13718,ORD-20260925-13718,MCH-113,DEV-113-POS,2026-09-25 07:50:00,2026-09-25 07:50:20,2026-09-25 07:50:17,2026-09-25 08:05:58,3,720
KDS-ORD-20260925-13719,ORD-20260925-13719,MCH-103,DEV-103-POS,2026-09-25 13:24:18,2026-09-25 13:24:38,2026-09-25 13:24:33,2026-09-25 14:02:32,16,720
KDS-ORD-20260925-13720,ORD-20260925-13720,MCH-111,DEV-111-POS,2026-09-25 11:43:00,2026-09-25 11:43:20,2026-09-25 11:43:58,2026-09-25 12:05:22,4,1080
KDS-ORD-20260925-13721,ORD-20260925-13721,MCH-104,DEV-104-POS,2026-09-25 12:51:44,2026-09-25 12:52:04,2026-09-25 12:52:29,2026-09-25 13:29:29,8,1080
KDS-ORD-20260925-13722,ORD-20260925-13722,MCH-105,DEV-105-POS,2026-09-25 20:43:21,2026-09-25 20:43:41,2026-09-25 20:43:40,,8,900
KDS-ORD-20260925-13723,ORD-20260925-13723,MCH-107,DEV-107-POS,2026-09-25 21:39:06,2026-09-25 21:39:26,2026-09-25 21:39:36,2026-09-25 22:14:20,9,900
KDS-ORD-20260925-13724,ORD-20260925-13724,MCH-109,DEV-109-POS,2026-09-25 10:06:13,2026-09-25 10:06:33,2026-09-25 10:06:36,2026-09-25 10:28:10,6,900
KDS-ORD-20260925-13725,ORD-20260925-13725,MCH-105,DEV-105-POS,2026-09-25 12:13:30,2026-09-25 12:13:50,2026-09-25 12:14:04,2026-09-25 12:47:21,13,900
KDS-ORD-20260925-13726,ORD-20260925-13726,MCH-107,DEV-107-POS,2026-09-25 21:26:27,2026-09-25 21:26:47,2026-09-25 21:27:05,2026-09-25 21:57:21,9,900
KDS-ORD-20260925-13727,ORD-20260925-13727,MCH-104,DEV-104-POS,2026-09-25 06:26:54,2026-09-25 06:27:14,2026-09-25 06:27:38,2026-09-25 06:49:57,4,1080
KDS-ORD-20260925-13728,ORD-20260925-13728,MCH-109,DEV-109-POS,2026-09-25 07:35:27,2026-09-25 07:35:47,2026-09-25 07:35:52,2026-09-25 07:52:51,2,900
KDS-ORD-20260925-13729,ORD-20260925-13729,MCH-115,DEV-115-POS,2026-09-25 09:29:23,2026-09-25 09:29:43,2026-09-25 09:29:48,2026-09-25 09:53:51,4,1080
KDS-ORD-20260925-13730,ORD-20260925-13730,MCH-101,DEV-101-POS,2026-09-25 17:18:51,2026-09-25 17:19:11,2026-09-25 17:19:14,2026-09-25 17:35:03,3,720
KDS-ORD-20260925-13731,ORD-20260925-13731,MCH-103,DEV-103-POS,2026-09-25 09:18:05,2026-09-25 09:18:25,2026-09-25 09:18:29,2026-09-25 09:33:25,2,720
KDS-ORD-20260925-13732,ORD-20260925-13732,MCH-105,DEV-105-POS,2026-09-25 22:40:13,2026-09-25 22:40:33,2026-09-25 22:40:50,2026-09-25 22:55:37,4,900
KDS-ORD-20260925-13733,ORD-20260925-13733,MCH-103,DEV-103-POS,2026-09-25 13:49:22,2026-09-25 13:49:42,2026-09-25 13:49:45,2026-09-25 14:16:00,10,720
KDS-ORD-20260925-13734,ORD-20260925-13734,MCH-101,DEV-101-POS,2026-09-25 14:02:17,2026-09-25 14:02:37,2026-09-25 14:03:08,2026-09-25 14:30:42,6,720
KDS-ORD-20260925-13735,ORD-20260925-13735,MCH-104,DEV-104-POS,2026-09-25 11:14:17,2026-09-25 11:14:37,2026-09-25 11:14:59,2026-09-25 11:35:59,4,1080
KDS-ORD-20260925-13736,ORD-20260925-13736,MCH-115,DEV-115-POS,2026-09-25 13:23:48,2026-09-25 13:24:08,2026-09-25 13:24:36,2026-09-25 13:58:33,6,1080
KDS-ORD-20260925-13737,ORD-20260925-13737,MCH-103,DEV-103-POS,2026-09-25 18:38:59,2026-09-25 18:39:19,2026-09-25 18:39:38,2026-09-25 18:53:06,3,720
KDS-ORD-20260925-13738,ORD-20260925-13738,MCH-113,DEV-113-POS,2026-09-25 19:25:31,2026-09-25 19:25:51,2026-09-25 19:26:23,2026-09-25 19:57:04,15,720
KDS-ORD-20260925-13739,ORD-20260925-13739,MCH-111,DEV-111-POS,2026-09-25 19:24:08,2026-09-25 19:24:28,2026-09-25 19:24:33,2026-09-25 20:11:09,14,1080
KDS-ORD-20260925-13740,ORD-20260925-13740,MCH-114,DEV-114-POS,2026-09-25 16:55:59,2026-09-25 16:56:19,2026-09-25 16:56:17,2026-09-25 17:14:58,6,720
KDS-ORD-20260925-13741,ORD-20260925-13741,MCH-104,DEV-104-POS,2026-09-25 21:59:49,2026-09-25 22:00:09,2026-09-25 22:00:37,2026-09-25 22:31:32,7,1080
KDS-ORD-20260925-13742,ORD-20260925-13742,MCH-110,DEV-110-POS,2026-09-25 20:22:13,2026-09-25 20:22:33,2026-09-25 20:22:30,2026-09-25 20:44:47,10,720
KDS-ORD-20260925-13743,ORD-20260925-13743,MCH-107,DEV-107-POS,2026-09-25 19:24:54,2026-09-25 19:25:14,2026-09-25 19:25:30,2026-09-25 19:53:37,9,900
KDS-ORD-20260925-13744,ORD-20260925-13744,MCH-108,DEV-108-POS,2026-09-25 06:28:48,2026-09-25 06:29:08,2026-09-25 06:29:41,2026-09-25 06:49:24,5,900
KDS-ORD-20260925-13745,ORD-20260925-13745,MCH-107,DEV-107-POS,2026-09-25 00:15:39,2026-09-25 00:15:59,2026-09-25 00:15:55,2026-09-25 00:33:25,2,900
KDS-ORD-20260925-13746,ORD-20260925-13746,MCH-106,DEV-106-POS,2026-09-25 10:53:06,2026-09-25 10:53:26,2026-09-25 10:53:54,2026-09-25 11:06:17,3,720
KDS-ORD-20260925-13747,ORD-20260925-13747,MCH-112,DEV-112-POS,2026-09-25 18:04:33,2026-09-25 18:04:53,2026-09-25 18:05:12,2026-09-25 18:21:38,2,900
KDS-ORD-20260925-13748,ORD-20260925-13748,MCH-106,DEV-106-POS,2026-09-25 13:47:11,2026-09-25 13:47:31,2026-09-25 13:48:01,2026-09-25 14:14:49,8,720
KDS-ORD-20260925-13749,ORD-20260925-13749,MCH-110,DEV-110-POS,2026-09-25 13:28:05,2026-09-25 13:28:25,2026-09-25 13:28:56,2026-09-25 13:52:56,11,720
KDS-ORD-20260925-13750,ORD-20260925-13750,MCH-108,DEV-108-POS,2026-09-25 21:18:20,2026-09-25 21:18:40,2026-09-25 21:18:39,2026-09-25 21:48:36,12,900
KDS-ORD-20260925-13751,ORD-20260925-13751,MCH-109,DEV-109-POS,2026-09-25 21:18:15,2026-09-25 21:18:35,2026-09-25 21:18:43,2026-09-25 21:47:46,6,900
KDS-ORD-20260925-13752,ORD-20260925-13752,MCH-115,DEV-115-POS,2026-09-25 21:41:46,2026-09-25 21:42:06,2026-09-25 21:42:27,2026-09-25 22:20:38,10,1080
KDS-ORD-20260925-13753,ORD-20260925-13753,MCH-115,DEV-115-POS,2026-09-25 12:20:20,2026-09-25 12:20:40,2026-09-25 12:20:49,2026-09-25 13:02:49,16,1080
KDS-ORD-20260925-13754,ORD-20260925-13754,MCH-111,DEV-111-POS,2026-09-25 19:39:25,2026-09-25 19:39:45,2026-09-25 19:40:11,2026-09-25 20:16:44,12,1080
KDS-ORD-20260925-13755,ORD-20260925-13755,MCH-114,DEV-114-POS,2026-09-25 11:39:51,2026-09-25 11:40:11,2026-09-25 11:40:29,2026-09-25 11:51:18,2,720
KDS-ORD-20260925-13756,ORD-20260925-13756,MCH-115,DEV-115-POS,2026-09-25 10:56:12,2026-09-25 10:56:32,2026-09-25 10:57:02,2026-09-25 11:23:56,6,1080
KDS-ORD-20260925-13757,ORD-20260925-13757,MCH-105,DEV-105-POS,2026-09-25 10:47:23,2026-09-25 10:47:43,2026-09-25 10:48:13,2026-09-25 11:02:56,3,900
KDS-ORD-20260925-13758,ORD-20260925-13758,MCH-111,DEV-111-POS,2026-09-25 12:39:10,2026-09-25 12:39:30,2026-09-25 12:39:42,2026-09-25 13:15:31,7,1080
KDS-ORD-20260925-13759,ORD-20260925-13759,MCH-108,DEV-108-POS,2026-09-25 13:47:10,2026-09-25 13:47:30,2026-09-25 13:47:52,2026-09-25 14:24:49,13,900
KDS-ORD-20260925-13760,ORD-20260925-13760,MCH-105,DEV-105-POS,2026-09-25 20:34:25,2026-09-25 20:34:45,2026-09-25 20:34:57,2026-09-25 21:11:12,15,900
KDS-ORD-20260925-13761,ORD-20260925-13761,MCH-104,DEV-104-POS,2026-09-25 08:22:43,2026-09-25 08:23:03,2026-09-25 08:23:24,2026-09-25 08:44:52,4,1080
KDS-ORD-20260925-13762,ORD-20260925-13762,MCH-101,DEV-101-POS,2026-09-25 19:11:36,2026-09-25 19:11:56,2026-09-25 19:12:27,2026-09-25 19:44:49,14,720
KDS-ORD-20260925-13763,ORD-20260925-13763,MCH-113,DEV-113-POS,2026-09-25 15:06:31,2026-09-25 15:06:51,2026-09-25 15:07:07,2026-09-25 15:24:11,5,720
KDS-ORD-20260925-13764,ORD-20260925-13764,MCH-105,DEV-105-POS,2026-09-25 11:47:41,2026-09-25 11:48:01,2026-09-25 11:47:58,2026-09-25 12:12:40,6,900
KDS-ORD-20260925-13765,ORD-20260925-13765,MCH-112,DEV-112-POS,2026-09-25 14:06:49,2026-09-25 14:07:09,2026-09-25 14:07:40,2026-09-25 14:37:34,9,900
KDS-ORD-20260925-13766,ORD-20260925-13766,MCH-103,DEV-103-POS,2026-09-25 12:23:25,2026-09-25 12:23:45,2026-09-25 12:23:55,2026-09-25 12:53:45,12,720
KDS-ORD-20260925-13767,ORD-20260925-13767,MCH-114,DEV-114-POS,2026-09-25 17:05:31,2026-09-25 17:05:51,2026-09-25 17:06:29,2026-09-25 17:21:47,6,720
KDS-ORD-20260925-13768,ORD-20260925-13768,MCH-115,DEV-115-POS,2026-09-25 13:43:06,2026-09-25 13:43:26,2026-09-25 13:43:50,2026-09-25 14:22:58,13,1080
KDS-ORD-20260925-13769,ORD-20260925-13769,MCH-101,DEV-101-POS,2026-09-25 09:44:58,2026-09-25 09:45:18,2026-09-25 09:45:47,2026-09-25 10:00:08,4,720
KDS-ORD-20260925-13770,ORD-20260925-13770,MCH-114,DEV-114-POS,2026-09-25 08:31:57,2026-09-25 08:32:17,2026-09-25 08:32:38,2026-09-25 08:48:01,3,720
KDS-ORD-20260925-13771,ORD-20260925-13771,MCH-109,DEV-109-POS,2026-09-25 15:59:02,2026-09-25 15:59:22,2026-09-25 15:59:37,2026-09-25 16:15:23,5,900
KDS-ORD-20260925-13772,ORD-20260925-13772,MCH-103,DEV-103-POS,2026-09-25 21:46:37,2026-09-25 21:46:57,2026-09-25 21:47:30,,7,720
KDS-ORD-20260925-13773,ORD-20260925-13773,MCH-104,DEV-104-POS,2026-09-25 12:38:40,2026-09-25 12:39:00,2026-09-25 12:39:37,2026-09-25 13:13:53,10,1080
KDS-ORD-20260925-13774,ORD-20260925-13774,MCH-102,DEV-102-POS,2026-09-25 19:43:41,2026-09-25 19:44:01,2026-09-25 19:44:18,2026-09-25 20:15:15,9,720
KDS-ORD-20260925-13775,ORD-20260925-13775,MCH-102,DEV-102-POS,2026-09-25 18:20:40,2026-09-25 18:21:00,2026-09-25 18:21:12,2026-09-25 18:40:08,6,720
KDS-ORD-20260925-13776,ORD-20260925-13776,MCH-111,DEV-111-POS,2026-09-25 21:35:50,2026-09-25 21:36:10,2026-09-25 21:36:31,,15,1080
KDS-ORD-20260925-13777,ORD-20260925-13777,MCH-103,DEV-103-POS,2026-09-25 20:27:42,2026-09-25 20:28:02,2026-09-25 20:28:33,2026-09-25 20:54:29,12,720
KDS-ORD-20260925-13778,ORD-20260925-13778,MCH-105,DEV-105-POS,2026-09-25 16:22:35,2026-09-25 16:22:55,2026-09-25 16:23:03,2026-09-25 16:39:16,3,900
KDS-ORD-20260925-13779,ORD-20260925-13779,MCH-104,DEV-104-POS,2026-09-25 18:18:11,2026-09-25 18:18:31,2026-09-25 18:18:34,2026-09-25 18:44:16,4,1080
KDS-ORD-20260925-13780,ORD-20260925-13780,MCH-103,DEV-103-POS,2026-09-25 21:25:00,2026-09-25 21:25:20,2026-09-25 21:25:19,2026-09-25 22:05:36,15,720
KDS-ORD-20260925-13781,ORD-20260925-13781,MCH-101,DEV-101-POS,2026-09-25 13:06:54,2026-09-25 13:07:14,2026-09-25 13:07:09,2026-09-25 13:31:16,8,720
KDS-ORD-20260925-13782,ORD-20260925-13782,MCH-108,DEV-108-POS,2026-09-25 12:37:16,2026-09-25 12:37:36,2026-09-25 12:37:46,2026-09-25 13:09:33,7,900
KDS-ORD-20260925-13783,ORD-20260925-13783,MCH-103,DEV-103-POS,2026-09-25 01:14:50,2026-09-25 01:15:10,2026-09-25 01:15:07,2026-09-25 01:29:53,2,720
KDS-ORD-20260925-13784,ORD-20260925-13784,MCH-109,DEV-109-POS,2026-09-25 20:44:41,2026-09-25 20:45:01,2026-09-25 20:45:20,2026-09-25 21:22:48,16,900
KDS-ORD-20260925-13785,ORD-20260925-13785,MCH-101,DEV-101-POS,2026-09-25 20:24:33,2026-09-25 20:24:53,2026-09-25 20:25:32,2026-09-25 20:47:38,11,720
KDS-ORD-20260925-13786,ORD-20260925-13786,MCH-104,DEV-104-POS,2026-09-25 08:31:32,2026-09-25 08:31:52,2026-09-25 08:32:28,2026-09-25 08:57:17,5,1080
KDS-ORD-20260925-13787,ORD-20260925-13787,MCH-101,DEV-101-POS,2026-09-25 16:43:47,2026-09-25 16:44:07,2026-09-25 16:44:29,2026-09-25 17:01:32,4,720
KDS-ORD-20260925-13788,ORD-20260925-13788,MCH-111,DEV-111-POS,2026-09-25 13:51:28,2026-09-25 13:51:48,2026-09-25 13:51:48,2026-09-25 14:31:01,10,1080
KDS-ORD-20260925-13789,ORD-20260925-13789,MCH-102,DEV-102-POS,2026-09-25 08:18:08,2026-09-25 08:18:28,2026-09-25 08:18:49,2026-09-25 08:33:34,6,720
KDS-ORD-20260925-13790,ORD-20260925-13790,MCH-112,DEV-112-POS,2026-09-25 22:28:41,2026-09-25 22:29:01,2026-09-25 22:29:10,2026-09-25 22:52:28,5,900
KDS-ORD-20260925-13791,ORD-20260925-13791,MCH-103,DEV-103-POS,2026-09-25 10:58:46,2026-09-25 10:59:06,2026-09-25 10:59:36,2026-09-25 11:16:50,5,720
KDS-ORD-20260925-13792,ORD-20260925-13792,MCH-111,DEV-111-POS,2026-09-25 07:36:47,2026-09-25 07:37:07,2026-09-25 07:37:39,2026-09-25 07:57:47,2,1080
KDS-ORD-20260925-13793,ORD-20260925-13793,MCH-103,DEV-103-POS,2026-09-25 17:52:06,2026-09-25 17:52:26,2026-09-25 17:52:58,2026-09-25 18:08:15,5,720
KDS-ORD-20260925-13794,ORD-20260925-13794,MCH-110,DEV-110-POS,2026-09-25 19:08:18,2026-09-25 19:08:38,2026-09-25 19:08:56,2026-09-25 19:43:56,13,720
KDS-ORD-20260925-13795,ORD-20260925-13795,MCH-104,DEV-104-POS,2026-09-25 05:30:05,2026-09-25 05:30:25,2026-09-25 05:31:04,2026-09-25 05:50:32,2,1080
KDS-ORD-20260925-13796,ORD-20260925-13796,MCH-103,DEV-103-POS,2026-09-25 18:22:15,2026-09-25 18:22:35,2026-09-25 18:22:40,2026-09-25 18:35:54,5,720
KDS-ORD-20260925-13797,ORD-20260925-13797,MCH-106,DEV-106-POS,2026-09-25 15:04:22,2026-09-25 15:04:42,2026-09-25 15:04:55,2026-09-25 15:18:05,3,720
KDS-ORD-20260925-13798,ORD-20260925-13798,MCH-113,DEV-113-POS,2026-09-25 08:31:59,2026-09-25 08:32:19,2026-09-25 08:32:16,2026-09-25 08:48:08,6,720
KDS-ORD-20260925-13799,ORD-20260925-13799,MCH-110,DEV-110-POS,2026-09-25 09:42:55,2026-09-25 09:43:15,2026-09-25 09:43:27,2026-09-25 09:59:43,3,720
KDS-ORD-20260925-13800,ORD-20260925-13800,MCH-101,DEV-101-POS,2026-09-25 16:49:09,2026-09-25 16:49:29,2026-09-25 16:49:36,2026-09-25 17:05:15,6,720
KDS-ORD-20260925-13801,ORD-20260925-13801,MCH-110,DEV-110-POS,2026-09-25 11:51:56,2026-09-25 11:52:16,2026-09-25 11:52:56,2026-09-25 12:06:57,3,720
KDS-ORD-20260925-13802,ORD-20260925-13802,MCH-106,DEV-106-POS,2026-09-25 21:52:36,2026-09-25 21:52:56,2026-09-25 21:53:10,,15,720
KDS-ORD-20260925-13803,ORD-20260925-13803,MCH-112,DEV-112-POS,2026-09-25 20:07:27,2026-09-25 20:07:47,2026-09-25 20:07:47,,13,900
KDS-ORD-20260925-13804,ORD-20260925-13804,MCH-112,DEV-112-POS,2026-09-25 22:40:34,2026-09-25 22:40:54,2026-09-25 22:40:58,2026-09-25 23:01:01,5,900
KDS-ORD-20260925-13805,ORD-20260925-13805,MCH-112,DEV-112-POS,2026-09-25 11:58:35,2026-09-25 11:58:55,2026-09-25 11:59:33,2026-09-25 12:18:06,6,900
KDS-ORD-20260925-13806,ORD-20260925-13806,MCH-115,DEV-115-POS,2026-09-25 22:32:19,2026-09-25 22:32:39,2026-09-25 22:33:07,2026-09-25 22:55:45,2,1080
KDS-ORD-20260925-13807,ORD-20260925-13807,MCH-104,DEV-104-POS,2026-09-25 13:35:43,2026-09-25 13:36:03,2026-09-25 13:36:17,2026-09-25 14:16:13,16,1080
KDS-ORD-20260925-13808,ORD-20260925-13808,MCH-112,DEV-112-POS,2026-09-25 12:01:16,2026-09-25 12:01:36,2026-09-25 12:01:31,2026-09-25 12:33:14,7,900
KDS-ORD-20260925-13809,ORD-20260925-13809,MCH-108,DEV-108-POS,2026-09-25 06:44:09,2026-09-25 06:44:29,2026-09-25 06:44:42,2026-09-25 07:04:38,3,900
KDS-ORD-20260925-13810,ORD-20260925-13810,MCH-104,DEV-104-POS,2026-09-25 06:48:38,2026-09-25 06:48:58,2026-09-25 06:48:59,2026-09-25 07:11:07,5,1080
KDS-ORD-20260925-13811,ORD-20260925-13811,MCH-113,DEV-113-POS,2026-09-25 19:43:46,2026-09-25 19:44:06,2026-09-25 19:44:15,2026-09-25 20:11:25,6,720
KDS-ORD-20260925-13812,ORD-20260925-13812,MCH-113,DEV-113-POS,2026-09-25 13:14:36,2026-09-25 13:14:56,2026-09-25 13:15:15,2026-09-25 13:39:54,7,720
KDS-ORD-20260925-13813,ORD-20260925-13813,MCH-109,DEV-109-POS,2026-09-25 10:43:38,2026-09-25 10:43:58,2026-09-25 10:43:58,2026-09-25 10:59:59,3,900
KDS-ORD-20260925-13814,ORD-20260925-13814,MCH-110,DEV-110-POS,2026-09-25 17:16:37,2026-09-25 17:16:57,2026-09-25 17:17:37,2026-09-25 17:38:27,6,720
KDS-ORD-20260925-13815,ORD-20260925-13815,MCH-105,DEV-105-POS,2026-09-25 11:39:20,2026-09-25 11:39:40,2026-09-25 11:40:16,2026-09-25 12:01:58,6,900
KDS-ORD-20260925-13816,ORD-20260925-13816,MCH-101,DEV-101-POS,2026-09-25 16:30:49,2026-09-25 16:31:09,2026-09-25 16:31:31,2026-09-25 16:46:28,3,720
KDS-ORD-20260925-13817,ORD-20260925-13817,MCH-104,DEV-104-POS,2026-09-25 12:42:40,2026-09-25 12:43:00,2026-09-25 12:42:56,2026-09-25 13:16:57,10,1080
KDS-ORD-20260925-13818,ORD-20260925-13818,MCH-102,DEV-102-POS,2026-09-25 20:17:36,2026-09-25 20:17:56,2026-09-25 20:18:36,2026-09-25 20:48:12,15,720
KDS-ORD-20260925-13819,ORD-20260925-13819,MCH-108,DEV-108-POS,2026-09-25 20:59:53,2026-09-25 21:00:13,2026-09-25 21:00:34,2026-09-25 21:35:40,9,900
KDS-ORD-20260925-13820,ORD-20260925-13820,MCH-115,DEV-115-POS,2026-09-25 13:43:07,2026-09-25 13:43:27,2026-09-25 13:43:48,,9,1080
KDS-ORD-20260925-13821,ORD-20260925-13821,MCH-104,DEV-104-POS,2026-09-25 12:06:18,2026-09-25 12:06:38,2026-09-25 12:06:43,2026-09-25 12:38:43,11,1080
KDS-ORD-20260925-13822,ORD-20260925-13822,MCH-114,DEV-114-POS,2026-09-25 12:41:54,2026-09-25 12:42:14,2026-09-25 12:42:37,2026-09-25 13:07:17,9,720
KDS-ORD-20260925-13823,ORD-20260925-13823,MCH-115,DEV-115-POS,2026-09-25 20:51:29,2026-09-25 20:51:49,2026-09-25 20:51:50,2026-09-25 21:24:25,14,1080
KDS-ORD-20260925-13824,ORD-20260925-13824,MCH-111,DEV-111-POS,2026-09-25 12:13:43,2026-09-25 12:14:03,2026-09-25 12:14:36,2026-09-25 12:55:58,14,1080
KDS-ORD-20260925-13825,ORD-20260925-13825,MCH-109,DEV-109-POS,2026-09-25 10:34:19,2026-09-25 10:34:39,2026-09-25 10:35:01,2026-09-25 10:55:45,5,900
KDS-ORD-20260925-13826,ORD-20260925-13826,MCH-112,DEV-112-POS,2026-09-25 08:00:05,2026-09-25 08:00:25,2026-09-25 08:00:37,2026-09-25 08:22:46,6,900
KDS-ORD-20260925-13827,ORD-20260925-13827,MCH-114,DEV-114-POS,2026-09-25 13:16:24,2026-09-25 13:16:44,2026-09-25 13:16:42,2026-09-25 13:51:19,16,720
KDS-ORD-20260925-13828,ORD-20260925-13828,MCH-106,DEV-106-POS,2026-09-25 14:31:19,2026-09-25 14:31:39,2026-09-25 14:32:15,2026-09-25 15:02:40,12,720
KDS-ORD-20260925-13829,ORD-20260925-13829,MCH-106,DEV-106-POS,2026-09-25 20:35:15,2026-09-25 20:35:35,2026-09-25 20:35:58,2026-09-25 21:04:06,10,720
KDS-ORD-20260925-13830,ORD-20260925-13830,MCH-103,DEV-103-POS,2026-09-25 10:34:46,2026-09-25 10:35:06,2026-09-25 10:35:06,2026-09-25 10:50:39,3,720
KDS-ORD-20260925-13831,ORD-20260925-13831,MCH-107,DEV-107-POS,2026-09-25 12:16:35,2026-09-25 12:16:55,2026-09-25 12:17:08,2026-09-25 12:52:56,13,900
KDS-ORD-20260925-13832,ORD-20260925-13832,MCH-103,DEV-103-POS,2026-09-25 20:23:04,2026-09-25 20:23:24,2026-09-25 20:23:41,2026-09-25 20:53:46,12,720
KDS-ORD-20260925-13833,ORD-20260925-13833,MCH-114,DEV-114-POS,2026-09-25 20:52:28,2026-09-25 20:52:48,2026-09-25 20:53:10,2026-09-25 21:21:57,14,720
KDS-ORD-20260925-13834,ORD-20260925-13834,MCH-113,DEV-113-POS,2026-09-25 12:29:55,2026-09-25 12:30:15,2026-09-25 12:30:45,2026-09-25 13:00:44,10,720
KDS-ORD-20260925-13835,ORD-20260925-13835,MCH-105,DEV-105-POS,2026-09-25 13:09:04,2026-09-25 13:09:24,2026-09-25 13:10:04,2026-09-25 13:38:28,6,900
KDS-ORD-20260925-13836,ORD-20260925-13836,MCH-114,DEV-114-POS,2026-09-25 12:44:02,2026-09-25 12:44:22,2026-09-25 12:44:19,2026-09-25 13:09:24,9,720
KDS-ORD-20260925-13837,ORD-20260925-13837,MCH-113,DEV-113-POS,2026-09-25 21:26:32,2026-09-25 21:26:52,2026-09-25 21:27:27,2026-09-25 22:01:52,13,720
KDS-ORD-20260925-13838,ORD-20260925-13838,MCH-101,DEV-101-POS,2026-09-25 08:27:00,2026-09-25 08:27:20,2026-09-25 08:27:40,2026-09-25 08:40:21,4,720
KDS-ORD-20260925-13839,ORD-20260925-13839,MCH-113,DEV-113-POS,2026-09-25 21:11:11,2026-09-25 21:11:31,2026-09-25 21:11:28,2026-09-25 21:41:26,10,720
KDS-ORD-20260925-13840,ORD-20260925-13840,MCH-112,DEV-112-POS,2026-09-25 19:34:47,2026-09-25 19:35:07,2026-09-25 19:35:42,2026-09-25 20:12:49,12,900
KDS-ORD-20260925-13841,ORD-20260925-13841,MCH-107,DEV-107-POS,2026-09-25 15:33:04,2026-09-25 15:33:24,2026-09-25 15:33:42,2026-09-25 15:52:37,2,900
KDS-ORD-20260925-13842,ORD-20260925-13842,MCH-105,DEV-105-POS,2026-09-25 05:26:07,2026-09-25 05:26:27,2026-09-25 05:26:40,2026-09-25 05:44:50,5,900
KDS-ORD-20260925-13843,ORD-20260925-13843,MCH-107,DEV-107-POS,2026-09-25 13:44:22,2026-09-25 13:44:42,2026-09-25 13:44:40,2026-09-25 14:21:15,10,900
KDS-ORD-20260925-13844,ORD-20260925-13844,MCH-110,DEV-110-POS,2026-09-25 13:08:38,2026-09-25 13:08:58,2026-09-25 13:09:31,2026-09-25 13:46:41,16,720
KDS-ORD-20260925-13845,ORD-20260925-13845,MCH-102,DEV-102-POS,2026-09-25 09:30:41,2026-09-25 09:31:01,2026-09-25 09:31:12,2026-09-25 09:49:16,5,720
KDS-ORD-20260925-13846,ORD-20260925-13846,MCH-106,DEV-106-POS,2026-09-25 18:38:46,2026-09-25 18:39:06,2026-09-25 18:39:23,2026-09-25 18:49:22,2,720
KDS-ORD-20260925-13847,ORD-20260925-13847,MCH-107,DEV-107-POS,2026-09-25 22:27:42,2026-09-25 22:28:02,2026-09-25 22:28:34,2026-09-25 22:45:37,4,900
KDS-ORD-20260925-13848,ORD-20260925-13848,MCH-112,DEV-112-POS,2026-09-25 16:38:53,2026-09-25 16:39:13,2026-09-25 16:39:13,2026-09-25 16:56:53,4,900
KDS-ORD-20260925-13849,ORD-20260925-13849,MCH-109,DEV-109-POS,2026-09-25 19:31:00,2026-09-25 19:31:20,2026-09-25 19:31:45,2026-09-25 20:04:47,13,900
KDS-ORD-20260925-13850,ORD-20260925-13850,MCH-110,DEV-110-POS,2026-09-25 07:14:18,2026-09-25 07:14:38,2026-09-25 07:15:04,2026-09-25 07:27:21,5,720
KDS-ORD-20260925-13851,ORD-20260925-13851,MCH-110,DEV-110-POS,2026-09-25 13:58:38,2026-09-25 13:58:58,2026-09-25 13:59:23,2026-09-25 14:22:54,11,720
KDS-ORD-20260925-13852,ORD-20260925-13852,MCH-101,DEV-101-POS,2026-09-25 08:30:18,2026-09-25 08:30:38,2026-09-25 08:30:43,2026-09-25 08:44:02,2,720
KDS-ORD-20260925-13853,ORD-20260925-13853,MCH-115,DEV-115-POS,2026-09-25 17:42:25,2026-09-25 17:42:45,2026-09-25 17:43:10,2026-09-25 18:01:56,6,1080
KDS-ORD-20260925-13854,ORD-20260925-13854,MCH-114,DEV-114-POS,2026-09-25 21:36:18,2026-09-25 21:36:38,2026-09-25 21:37:02,2026-09-25 21:57:43,7,720
KDS-ORD-20260925-13855,ORD-20260925-13855,MCH-101,DEV-101-POS,2026-09-25 18:56:11,2026-09-25 18:56:31,2026-09-25 18:56:46,2026-09-25 19:09:54,2,720
KDS-ORD-20260925-13856,ORD-20260925-13856,MCH-101,DEV-101-POS,2026-09-25 07:36:19,2026-09-25 07:36:39,2026-09-25 07:36:58,2026-09-25 07:53:34,4,720
KDS-ORD-20260925-13857,ORD-20260925-13857,MCH-115,DEV-115-POS,2026-09-25 12:15:09,2026-09-25 12:15:29,2026-09-25 12:15:48,2026-09-25 12:56:31,11,1080
KDS-ORD-20260925-13858,ORD-20260925-13858,MCH-107,DEV-107-POS,2026-09-25 15:30:11,2026-09-25 15:30:31,2026-09-25 15:30:45,2026-09-25 15:50:29,2,900
KDS-ORD-20260925-13859,ORD-20260925-13859,MCH-103,DEV-103-POS,2026-09-25 13:29:12,2026-09-25 13:29:32,2026-09-25 13:30:11,2026-09-25 13:54:32,9,720
KDS-ORD-20260925-13860,ORD-20260925-13860,MCH-110,DEV-110-POS,2026-09-25 21:00:25,2026-09-25 21:00:45,2026-09-25 21:00:50,2026-09-25 21:27:53,9,720
KDS-ORD-20260925-13861,ORD-20260925-13861,MCH-115,DEV-115-POS,2026-09-25 20:58:12,2026-09-25 20:58:32,2026-09-25 20:58:50,2026-09-25 21:39:26,14,1080
KDS-ORD-20260925-13862,ORD-20260925-13862,MCH-101,DEV-101-POS,2026-09-25 17:36:41,2026-09-25 17:37:01,2026-09-25 17:37:09,2026-09-25 17:51:48,3,720
KDS-ORD-20260925-13863,ORD-20260925-13863,MCH-112,DEV-112-POS,2026-09-25 12:25:02,2026-09-25 12:25:22,2026-09-25 12:25:17,2026-09-25 12:54:58,10,900
KDS-ORD-20260925-13864,ORD-20260925-13864,MCH-103,DEV-103-POS,2026-09-25 11:35:03,2026-09-25 11:35:23,2026-09-25 11:35:23,2026-09-25 11:49:58,4,720
KDS-ORD-20260925-13865,ORD-20260925-13865,MCH-103,DEV-103-POS,2026-09-25 08:06:57,2026-09-25 08:07:17,2026-09-25 08:07:35,2026-09-25 08:20:27,4,720
KDS-ORD-20260925-13866,ORD-20260925-13866,MCH-103,DEV-103-POS,2026-09-25 12:33:33,2026-09-25 12:33:53,2026-09-25 12:33:54,2026-09-25 13:02:13,11,720
KDS-ORD-20260925-13867,ORD-20260925-13867,MCH-108,DEV-108-POS,2026-09-25 14:01:25,2026-09-25 14:01:45,2026-09-25 14:01:51,2026-09-25 14:35:44,14,900
KDS-ORD-20260925-13868,ORD-20260925-13868,MCH-115,DEV-115-POS,2026-09-25 19:00:46,2026-09-25 19:01:06,2026-09-25 19:01:13,2026-09-25 19:35:11,7,1080
KDS-ORD-20260925-13869,ORD-20260925-13869,MCH-103,DEV-103-POS,2026-09-25 18:14:02,2026-09-25 18:14:22,2026-09-25 18:14:17,2026-09-25 18:27:22,4,720
KDS-ORD-20260925-13870,ORD-20260925-13870,MCH-112,DEV-112-POS,2026-09-25 07:59:29,2026-09-25 07:59:49,2026-09-25 08:00:06,2026-09-25 08:15:27,2,900
KDS-ORD-20260925-13871,ORD-20260925-13871,MCH-106,DEV-106-POS,2026-09-25 12:55:29,2026-09-25 12:55:49,2026-09-25 12:56:14,2026-09-25 13:29:34,13,720
KDS-ORD-20260925-13872,ORD-20260925-13872,MCH-109,DEV-109-POS,2026-09-25 10:57:41,2026-09-25 10:58:01,2026-09-25 10:58:00,2026-09-25 11:14:39,6,900
KDS-ORD-20260925-13873,ORD-20260925-13873,MCH-107,DEV-107-POS,2026-09-25 09:16:15,2026-09-25 09:16:35,2026-09-25 09:16:44,2026-09-25 09:34:04,2,900
KDS-ORD-20260925-13874,ORD-20260925-13874,MCH-111,DEV-111-POS,2026-09-25 20:44:29,2026-09-25 20:44:49,2026-09-25 20:45:04,2026-09-25 21:23:06,14,1080
KDS-ORD-20260925-13875,ORD-20260925-13875,MCH-111,DEV-111-POS,2026-09-25 06:05:45,2026-09-25 06:06:05,2026-09-25 06:06:29,2026-09-25 06:28:47,5,1080
KDS-ORD-20260925-13876,ORD-20260925-13876,MCH-110,DEV-110-POS,2026-09-25 13:34:47,2026-09-25 13:35:07,2026-09-25 13:35:13,2026-09-25 14:13:56,16,720
KDS-ORD-20260925-13877,ORD-20260925-13877,MCH-101,DEV-101-POS,2026-09-25 09:53:51,2026-09-25 09:54:11,2026-09-25 09:54:39,2026-09-25 10:09:45,4,720
KDS-ORD-20260925-13878,ORD-20260925-13878,MCH-115,DEV-115-POS,2026-09-25 21:55:13,2026-09-25 21:55:33,2026-09-25 21:55:36,2026-09-25 22:29:53,6,1080
KDS-ORD-20260925-13879,ORD-20260925-13879,MCH-109,DEV-109-POS,2026-09-25 16:00:47,2026-09-25 16:01:07,2026-09-25 16:01:38,2026-09-25 16:15:57,2,900
KDS-ORD-20260925-13880,ORD-20260925-13880,MCH-102,DEV-102-POS,2026-09-25 11:20:05,2026-09-25 11:20:25,2026-09-25 11:20:55,2026-09-25 11:37:59,5,720
KDS-ORD-20260925-13881,ORD-20260925-13881,MCH-112,DEV-112-POS,2026-09-25 14:43:00,2026-09-25 14:43:20,2026-09-25 14:43:39,,11,900
KDS-ORD-20260925-13882,ORD-20260925-13882,MCH-114,DEV-114-POS,2026-09-25 19:27:29,2026-09-25 19:27:49,2026-09-25 19:28:00,,13,720
KDS-ORD-20260925-13883,ORD-20260925-13883,MCH-101,DEV-101-POS,2026-09-25 22:31:24,2026-09-25 22:31:44,2026-09-25 22:32:12,2026-09-25 22:46:47,3,720
KDS-ORD-20260925-13884,ORD-20260925-13884,MCH-102,DEV-102-POS,2026-09-25 10:39:00,2026-09-25 10:39:20,2026-09-25 10:39:51,2026-09-25 10:57:38,4,720
KDS-ORD-20260925-13885,ORD-20260925-13885,MCH-114,DEV-114-POS,2026-09-25 22:00:27,2026-09-25 22:00:47,2026-09-25 22:00:42,2026-09-25 22:36:30,15,720
KDS-ORD-20260925-13886,ORD-20260925-13886,MCH-113,DEV-113-POS,2026-09-25 21:35:27,2026-09-25 21:35:47,2026-09-25 21:36:21,2026-09-25 22:01:32,9,720
KDS-ORD-20260925-13887,ORD-20260925-13887,MCH-106,DEV-106-POS,2026-09-25 21:29:13,2026-09-25 21:29:33,2026-09-25 21:29:50,2026-09-25 21:59:04,12,720
KDS-ORD-20260925-13888,ORD-20260925-13888,MCH-114,DEV-114-POS,2026-09-25 18:11:52,2026-09-25 18:12:12,2026-09-25 18:12:46,2026-09-25 18:29:02,6,720
KDS-ORD-20260925-13889,ORD-20260925-13889,MCH-103,DEV-103-POS,2026-09-25 18:54:55,2026-09-25 18:55:15,2026-09-25 18:55:53,2026-09-25 19:08:03,2,720
KDS-ORD-20260925-13890,ORD-20260925-13890,MCH-112,DEV-112-POS,2026-09-25 13:50:56,2026-09-25 13:51:16,2026-09-25 13:51:34,2026-09-25 14:20:19,11,900
KDS-ORD-20260925-13891,ORD-20260925-13891,MCH-113,DEV-113-POS,2026-09-25 19:39:48,2026-09-25 19:40:08,2026-09-25 19:40:05,2026-09-25 20:15:09,16,720
KDS-ORD-20260925-13892,ORD-20260925-13892,MCH-109,DEV-109-POS,2026-09-25 15:35:50,2026-09-25 15:36:10,2026-09-25 15:36:50,2026-09-25 15:54:14,3,900
KDS-ORD-20260925-13893,ORD-20260925-13893,MCH-105,DEV-105-POS,2026-09-25 19:56:26,2026-09-25 19:56:46,2026-09-25 19:56:45,2026-09-25 20:22:44,7,900
KDS-ORD-20260925-13894,ORD-20260925-13894,MCH-109,DEV-109-POS,2026-09-25 13:06:51,2026-09-25 13:07:11,2026-09-25 13:07:43,2026-09-25 13:43:47,15,900
KDS-ORD-20260925-13895,ORD-20260925-13895,MCH-110,DEV-110-POS,2026-09-25 19:42:06,2026-09-25 19:42:26,2026-09-25 19:42:40,2026-09-25 20:10:18,10,720
KDS-ORD-20260925-13896,ORD-20260925-13896,MCH-102,DEV-102-POS,2026-09-25 20:55:23,2026-09-25 20:55:43,2026-09-25 20:56:05,2026-09-25 21:22:40,12,720
KDS-ORD-20260925-13897,ORD-20260925-13897,MCH-102,DEV-102-POS,2026-09-25 09:08:17,2026-09-25 09:08:37,2026-09-25 09:08:47,2026-09-25 09:29:36,6,720
KDS-ORD-20260925-13898,ORD-20260925-13898,MCH-110,DEV-110-POS,2026-09-25 20:34:10,2026-09-25 20:34:30,2026-09-25 20:34:58,2026-09-25 21:02:45,15,720
KDS-ORD-20260925-13899,ORD-20260925-13899,MCH-106,DEV-106-POS,2026-09-25 15:24:13,2026-09-25 15:24:33,2026-09-25 15:24:51,2026-09-25 15:41:10,4,720
KDS-ORD-20260925-13900,ORD-20260925-13900,MCH-111,DEV-111-POS,2026-09-25 20:10:30,2026-09-25 20:10:50,2026-09-25 20:11:19,2026-09-25 20:50:16,12,1080
KDS-ORD-20260925-13901,ORD-20260925-13901,MCH-110,DEV-110-POS,2026-09-25 13:23:17,2026-09-25 13:23:37,2026-09-25 13:24:15,2026-09-25 13:47:54,7,720
KDS-ORD-20260925-13902,ORD-20260925-13902,MCH-102,DEV-102-POS,2026-09-25 12:48:19,2026-09-25 12:48:39,2026-09-25 12:48:56,2026-09-25 13:19:36,9,720
KDS-ORD-20260925-13903,ORD-20260925-13903,MCH-104,DEV-104-POS,2026-09-25 21:44:16,2026-09-25 21:44:36,2026-09-25 21:44:51,2026-09-25 22:30:10,15,1080
KDS-ORD-20260925-13904,ORD-20260925-13904,MCH-112,DEV-112-POS,2026-09-25 11:36:41,2026-09-25 11:37:01,2026-09-25 11:37:25,2026-09-25 11:54:51,3,900
KDS-ORD-20260925-13905,ORD-20260925-13905,MCH-101,DEV-101-POS,2026-09-25 20:52:26,2026-09-25 20:52:46,2026-09-25 20:53:21,2026-09-25 21:20:25,14,720
KDS-ORD-20260925-13906,ORD-20260925-13906,MCH-114,DEV-114-POS,2026-09-25 14:48:45,2026-09-25 14:49:05,2026-09-25 14:49:13,2026-09-25 15:12:45,12,720
KDS-ORD-20260925-13907,ORD-20260925-13907,MCH-109,DEV-109-POS,2026-09-25 14:02:47,2026-09-25 14:03:07,2026-09-25 14:03:41,2026-09-25 14:28:55,11,900
KDS-ORD-20260925-13908,ORD-20260925-13908,MCH-110,DEV-110-POS,2026-09-25 12:18:59,2026-09-25 12:19:19,2026-09-25 12:19:39,2026-09-25 12:49:04,12,720
KDS-ORD-20260925-13909,ORD-20260925-13909,MCH-110,DEV-110-POS,2026-09-25 16:47:52,2026-09-25 16:48:12,2026-09-25 16:48:49,2026-09-25 17:08:57,6,720
KDS-ORD-20260925-13910,ORD-20260925-13910,MCH-106,DEV-106-POS,2026-09-25 12:03:15,2026-09-25 12:03:35,2026-09-25 12:03:56,2026-09-25 12:32:07,16,720
KDS-ORD-20260925-13911,ORD-20260925-13911,MCH-114,DEV-114-POS,2026-09-25 05:30:04,2026-09-25 05:30:24,2026-09-25 05:30:45,2026-09-25 05:43:57,2,720
KDS-ORD-20260925-13912,ORD-20260925-13912,MCH-106,DEV-106-POS,2026-09-25 11:02:32,2026-09-25 11:02:52,2026-09-25 11:03:28,2026-09-25 11:21:12,6,720
KDS-ORD-20260925-13913,ORD-20260925-13913,MCH-108,DEV-108-POS,2026-09-25 01:00:13,2026-09-25 01:00:33,2026-09-25 01:01:06,2026-09-25 01:21:44,5,900
KDS-ORD-20260925-13914,ORD-20260925-13914,MCH-111,DEV-111-POS,2026-09-25 22:17:00,2026-09-25 22:17:20,2026-09-25 22:17:41,2026-09-25 22:43:28,6,1080
KDS-ORD-20260925-13915,ORD-20260925-13915,MCH-115,DEV-115-POS,2026-09-25 22:22:37,2026-09-25 22:22:57,2026-09-25 22:23:11,2026-09-25 22:47:19,5,1080
KDS-ORD-20260925-13916,ORD-20260925-13916,MCH-102,DEV-102-POS,2026-09-25 12:09:57,2026-09-25 12:10:17,2026-09-25 12:10:22,2026-09-25 12:38:00,12,720
KDS-ORD-20260925-13917,ORD-20260925-13917,MCH-108,DEV-108-POS,2026-09-25 19:46:08,2026-09-25 19:46:28,2026-09-25 19:47:04,2026-09-25 20:17:31,12,900
KDS-ORD-20260925-13918,ORD-20260925-13918,MCH-111,DEV-111-POS,2026-09-25 12:14:12,2026-09-25 12:14:32,2026-09-25 12:14:27,2026-09-25 12:51:53,14,1080
KDS-ORD-20260925-13919,ORD-20260925-13919,MCH-108,DEV-108-POS,2026-09-25 18:42:00,2026-09-25 18:42:20,2026-09-25 18:42:51,2026-09-25 19:00:10,4,900
KDS-ORD-20260925-13920,ORD-20260925-13920,MCH-107,DEV-107-POS,2026-09-25 20:31:10,2026-09-25 20:31:30,2026-09-25 20:31:26,2026-09-25 21:02:46,10,900
KDS-ORD-20260925-13921,ORD-20260925-13921,MCH-108,DEV-108-POS,2026-09-25 21:03:38,2026-09-25 21:03:58,2026-09-25 21:04:14,2026-09-25 21:35:25,10,900
KDS-ORD-20260925-13922,ORD-20260925-13922,MCH-108,DEV-108-POS,2026-09-25 13:48:04,2026-09-25 13:48:24,2026-09-25 13:49:02,2026-09-25 14:18:25,7,900
KDS-ORD-20260925-13923,ORD-20260925-13923,MCH-101,DEV-101-POS,2026-09-25 20:13:50,2026-09-25 20:14:10,2026-09-25 20:14:11,2026-09-25 20:40:15,12,720
KDS-ORD-20260925-13924,ORD-20260925-13924,MCH-102,DEV-102-POS,2026-09-25 11:58:44,2026-09-25 11:59:04,2026-09-25 11:59:36,2026-09-25 12:09:27,2,720
KDS-ORD-20260925-13925,ORD-20260925-13925,MCH-107,DEV-107-POS,2026-09-25 23:53:10,2026-09-25 23:53:30,2026-09-25 23:53:31,2026-09-26 00:12:32,3,900
KDS-ORD-20260925-13926,ORD-20260925-13926,MCH-103,DEV-103-POS,2026-09-25 04:36:58,2026-09-25 04:37:18,2026-09-25 04:37:32,2026-09-25 04:53:24,4,720
KDS-ORD-20260925-13927,ORD-20260925-13927,MCH-101,DEV-101-POS,2026-09-25 17:38:19,2026-09-25 17:38:39,2026-09-25 17:38:36,2026-09-25 17:58:28,6,720
KDS-ORD-20260925-13928,ORD-20260925-13928,MCH-115,DEV-115-POS,2026-09-25 18:38:53,2026-09-25 18:39:13,2026-09-25 18:39:28,2026-09-25 19:00:54,3,1080
KDS-ORD-20260925-13929,ORD-20260925-13929,MCH-104,DEV-104-POS,2026-09-25 19:23:09,2026-09-25 19:23:29,2026-09-25 19:24:05,2026-09-25 20:03:17,13,1080
KDS-ORD-20260925-13930,ORD-20260925-13930,MCH-103,DEV-103-POS,2026-09-25 08:19:49,2026-09-25 08:20:09,2026-09-25 08:20:45,2026-09-25 08:34:56,3,720
KDS-ORD-20260925-13931,ORD-20260925-13931,MCH-112,DEV-112-POS,2026-09-25 21:25:06,2026-09-25 21:25:26,2026-09-25 21:25:29,2026-09-25 22:00:46,15,900
KDS-ORD-20260925-13932,ORD-20260925-13932,MCH-104,DEV-104-POS,2026-09-25 10:57:17,2026-09-25 10:57:37,2026-09-25 10:58:07,2026-09-25 11:20:15,4,1080
KDS-ORD-20260925-13933,ORD-20260925-13933,MCH-107,DEV-107-POS,2026-09-25 18:17:59,2026-09-25 18:18:19,2026-09-25 18:18:58,2026-09-25 18:35:33,2,900
KDS-ORD-20260925-13934,ORD-20260925-13934,MCH-109,DEV-109-POS,2026-09-25 10:51:20,2026-09-25 10:51:40,2026-09-25 10:52:08,2026-09-25 11:12:37,5,900
KDS-ORD-20260925-13935,ORD-20260925-13935,MCH-108,DEV-108-POS,2026-09-25 12:19:37,2026-09-25 12:19:57,2026-09-25 12:20:34,2026-09-25 12:46:02,6,900
KDS-ORD-20260925-13936,ORD-20260925-13936,MCH-107,DEV-107-POS,2026-09-25 15:12:45,2026-09-25 15:13:05,2026-09-25 15:13:08,2026-09-25 15:30:49,6,900
KDS-ORD-20260925-13937,ORD-20260925-13937,MCH-115,DEV-115-POS,2026-09-25 13:41:58,2026-09-25 13:42:18,2026-09-25 13:42:34,2026-09-25 14:17:09,11,1080
KDS-ORD-20260925-13938,ORD-20260925-13938,MCH-105,DEV-105-POS,2026-09-25 09:13:54,2026-09-25 09:14:14,2026-09-25 09:14:53,2026-09-25 09:31:08,3,900
KDS-ORD-20260925-13939,ORD-20260925-13939,MCH-113,DEV-113-POS,2026-09-25 09:13:44,2026-09-25 09:14:04,2026-09-25 09:14:37,2026-09-25 09:33:28,4,720
KDS-ORD-20260925-13940,ORD-20260925-13940,MCH-115,DEV-115-POS,2026-09-25 13:42:00,2026-09-25 13:42:20,2026-09-25 13:42:18,2026-09-25 14:28:19,16,1080
KDS-ORD-20260925-13941,ORD-20260925-13941,MCH-110,DEV-110-POS,2026-09-25 19:27:41,2026-09-25 19:28:01,2026-09-25 19:28:29,2026-09-25 19:57:28,12,720
KDS-ORD-20260925-13942,ORD-20260925-13942,MCH-112,DEV-112-POS,2026-09-25 21:44:33,2026-09-25 21:44:53,2026-09-25 21:45:21,,6,900
KDS-ORD-20260925-13943,ORD-20260925-13943,MCH-113,DEV-113-POS,2026-09-25 07:41:59,2026-09-25 07:42:19,2026-09-25 07:42:47,2026-09-25 08:00:25,6,720
KDS-ORD-20260925-13944,ORD-20260925-13944,MCH-113,DEV-113-POS,2026-09-25 12:45:28,2026-09-25 12:45:48,2026-09-25 12:45:57,,13,720
KDS-ORD-20260925-13945,ORD-20260925-13945,MCH-102,DEV-102-POS,2026-09-25 08:54:39,2026-09-25 08:54:59,2026-09-25 08:55:15,2026-09-25 09:13:13,5,720
KDS-ORD-20260925-13946,ORD-20260925-13946,MCH-111,DEV-111-POS,2026-09-25 03:21:11,2026-09-25 03:21:31,2026-09-25 03:21:40,2026-09-25 03:44:41,4,1080
KDS-ORD-20260925-13947,ORD-20260925-13947,MCH-111,DEV-111-POS,2026-09-25 18:34:34,2026-09-25 18:34:54,2026-09-25 18:35:16,2026-09-25 18:55:08,5,1080
KDS-ORD-20260925-13948,ORD-20260925-13948,MCH-106,DEV-106-POS,2026-09-25 17:04:23,2026-09-25 17:04:43,2026-09-25 17:05:05,2026-09-25 17:22:07,6,720
KDS-ORD-20260925-13949,ORD-20260925-13949,MCH-107,DEV-107-POS,2026-09-25 09:29:17,2026-09-25 09:29:37,2026-09-25 09:29:36,2026-09-25 09:45:26,3,900
KDS-ORD-20260925-13950,ORD-20260925-13950,MCH-112,DEV-112-POS,2026-09-25 11:05:34,2026-09-25 11:05:54,2026-09-25 11:06:33,2026-09-25 11:20:26,5,900
KDS-ORD-20260925-13951,ORD-20260925-13951,MCH-105,DEV-105-POS,2026-09-25 04:23:19,2026-09-25 04:23:39,2026-09-25 04:23:52,2026-09-25 04:41:27,2,900
KDS-ORD-20260925-13952,ORD-20260925-13952,MCH-115,DEV-115-POS,2026-09-25 20:50:22,2026-09-25 20:50:42,2026-09-25 20:50:47,2026-09-25 21:26:42,6,1080
KDS-ORD-20260925-13953,ORD-20260925-13953,MCH-114,DEV-114-POS,2026-09-25 22:14:27,2026-09-25 22:14:47,2026-09-25 22:15:10,2026-09-25 22:32:11,6,720
KDS-ORD-20260925-13954,ORD-20260925-13954,MCH-106,DEV-106-POS,2026-09-25 09:23:30,2026-09-25 09:23:50,2026-09-25 09:24:02,2026-09-25 09:38:07,2,720
KDS-ORD-20260925-13955,ORD-20260925-13955,MCH-113,DEV-113-POS,2026-09-25 11:46:20,2026-09-25 11:46:40,2026-09-25 11:46:58,2026-09-25 12:03:53,3,720
KDS-ORD-20260925-13956,ORD-20260925-13956,MCH-106,DEV-106-POS,2026-09-25 20:27:11,2026-09-25 20:27:31,2026-09-25 20:28:01,2026-09-25 20:52:02,8,720
KDS-ORD-20260925-13957,ORD-20260925-13957,MCH-112,DEV-112-POS,2026-09-25 22:01:10,2026-09-25 22:01:30,2026-09-25 22:01:58,2026-09-25 22:40:46,12,900
KDS-ORD-20260925-13958,ORD-20260925-13958,MCH-108,DEV-108-POS,2026-09-25 13:40:58,2026-09-25 13:41:18,2026-09-25 13:41:45,2026-09-25 14:12:01,6,900
KDS-ORD-20260925-13959,ORD-20260925-13959,MCH-114,DEV-114-POS,2026-09-25 06:42:36,2026-09-25 06:42:56,2026-09-25 06:43:05,2026-09-25 06:59:57,5,720
KDS-ORD-20260925-13960,ORD-20260925-13960,MCH-108,DEV-108-POS,2026-09-25 05:18:15,2026-09-25 05:18:35,2026-09-25 05:18:44,2026-09-25 05:34:24,4,900
KDS-ORD-20260925-13961,ORD-20260925-13961,MCH-111,DEV-111-POS,2026-09-25 16:12:48,2026-09-25 16:13:08,2026-09-25 16:13:23,2026-09-25 16:38:36,5,1080
KDS-ORD-20260925-13962,ORD-20260925-13962,MCH-103,DEV-103-POS,2026-09-25 12:13:46,2026-09-25 12:14:06,2026-09-25 12:14:46,,6,720
KDS-ORD-20260925-13963,ORD-20260925-13963,MCH-109,DEV-109-POS,2026-09-25 05:16:33,2026-09-25 05:16:53,2026-09-25 05:16:48,2026-09-25 05:33:36,2,900
KDS-ORD-20260925-13964,ORD-20260925-13964,MCH-104,DEV-104-POS,2026-09-25 16:11:20,2026-09-25 16:11:40,2026-09-25 16:11:46,2026-09-25 16:35:28,5,1080
KDS-ORD-20260925-13965,ORD-20260925-13965,MCH-108,DEV-108-POS,2026-09-25 01:07:38,2026-09-25 01:07:58,2026-09-25 01:08:33,2026-09-25 01:22:34,2,900
KDS-ORD-20260925-13966,ORD-20260925-13966,MCH-101,DEV-101-POS,2026-09-25 20:59:05,2026-09-25 20:59:25,2026-09-25 20:59:51,2026-09-25 21:31:32,11,720
KDS-ORD-20260925-13967,ORD-20260925-13967,MCH-109,DEV-109-POS,2026-09-25 12:16:15,2026-09-25 12:16:35,2026-09-25 12:16:40,2026-09-25 12:47:20,9,900
KDS-ORD-20260925-13968,ORD-20260925-13968,MCH-103,DEV-103-POS,2026-09-25 05:29:54,2026-09-25 05:30:14,2026-09-25 05:30:35,2026-09-25 05:45:32,2,720
KDS-ORD-20260925-13969,ORD-20260925-13969,MCH-111,DEV-111-POS,2026-09-25 17:15:25,2026-09-25 17:15:45,2026-09-25 17:16:19,2026-09-25 17:40:20,4,1080
KDS-ORD-20260925-13970,ORD-20260925-13970,MCH-107,DEV-107-POS,2026-09-25 13:35:22,2026-09-25 13:35:42,2026-09-25 13:36:01,2026-09-25 14:12:29,11,900
KDS-ORD-20260925-13971,ORD-20260925-13971,MCH-105,DEV-105-POS,2026-09-25 22:07:37,2026-09-25 22:07:57,2026-09-25 22:08:28,2026-09-25 22:29:40,4,900
KDS-ORD-20260925-13972,ORD-20260925-13972,MCH-103,DEV-103-POS,2026-09-25 15:21:24,2026-09-25 15:21:44,2026-09-25 15:21:48,2026-09-25 15:38:44,6,720
KDS-ORD-20260925-13973,ORD-20260925-13973,MCH-107,DEV-107-POS,2026-09-25 11:48:47,2026-09-25 11:49:07,2026-09-25 11:49:24,2026-09-25 12:05:14,5,900
KDS-ORD-20260925-13974,ORD-20260925-13974,MCH-106,DEV-106-POS,2026-09-25 19:42:51,2026-09-25 19:43:11,2026-09-25 19:43:45,2026-09-25 20:11:48,13,720
KDS-ORD-20260925-13975,ORD-20260925-13975,MCH-115,DEV-115-POS,2026-09-25 11:17:22,2026-09-25 11:17:42,2026-09-25 11:18:18,2026-09-25 11:39:38,3,1080
KDS-ORD-20260925-13976,ORD-20260925-13976,MCH-107,DEV-107-POS,2026-09-25 21:48:43,2026-09-25 21:49:03,2026-09-25 21:49:25,,15,900
KDS-ORD-20260925-13977,ORD-20260925-13977,MCH-102,DEV-102-POS,2026-09-25 12:18:20,2026-09-25 12:18:40,2026-09-25 12:19:13,2026-09-25 12:55:42,16,720
KDS-ORD-20260925-13978,ORD-20260925-13978,MCH-107,DEV-107-POS,2026-09-25 15:33:21,2026-09-25 15:33:41,2026-09-25 15:33:38,2026-09-25 15:49:53,3,900
KDS-ORD-20260925-13979,ORD-20260925-13979,MCH-110,DEV-110-POS,2026-09-25 06:46:13,2026-09-25 06:46:33,2026-09-25 06:47:01,2026-09-25 07:03:59,6,720
KDS-ORD-20260925-13980,ORD-20260925-13980,MCH-103,DEV-103-POS,2026-09-25 13:45:04,2026-09-25 13:45:24,2026-09-25 13:45:53,2026-09-25 14:10:08,9,720
KDS-ORD-20260925-13981,ORD-20260925-13981,MCH-111,DEV-111-POS,2026-09-25 20:30:35,2026-09-25 20:30:55,2026-09-25 20:31:15,2026-09-25 21:07:20,10,1080
KDS-ORD-20260925-13982,ORD-20260925-13982,MCH-102,DEV-102-POS,2026-09-25 20:44:23,2026-09-25 20:44:43,2026-09-25 20:44:56,2026-09-25 21:17:01,15,720
KDS-ORD-20260925-13983,ORD-20260925-13983,MCH-113,DEV-113-POS,2026-09-25 10:52:17,2026-09-25 10:52:37,2026-09-25 10:52:52,2026-09-25 11:09:00,4,720
KDS-ORD-20260925-13984,ORD-20260925-13984,MCH-102,DEV-102-POS,2026-09-25 10:41:02,2026-09-25 10:41:22,2026-09-25 10:41:44,2026-09-25 10:59:34,3,720
KDS-ORD-20260925-13985,ORD-20260925-13985,MCH-106,DEV-106-POS,2026-09-25 21:02:08,2026-09-25 21:02:28,2026-09-25 21:03:05,2026-09-25 21:35:13,13,720
KDS-ORD-20260925-13986,ORD-20260925-13986,MCH-103,DEV-103-POS,2026-09-25 21:45:20,2026-09-25 21:45:40,2026-09-25 21:46:07,2026-09-25 22:06:11,6,720
KDS-ORD-20260925-13987,ORD-20260925-13987,MCH-107,DEV-107-POS,2026-09-25 08:46:01,2026-09-25 08:46:21,2026-09-25 08:46:48,2026-09-25 09:07:09,5,900
KDS-ORD-20260925-13988,ORD-20260925-13988,MCH-108,DEV-108-POS,2026-09-25 13:35:42,2026-09-25 13:36:02,2026-09-25 13:36:30,2026-09-25 14:15:44,14,900
KDS-ORD-20260925-13989,ORD-20260925-13989,MCH-104,DEV-104-POS,2026-09-25 12:58:22,2026-09-25 12:58:42,2026-09-25 12:58:48,2026-09-25 13:32:30,8,1080
KDS-ORD-20260925-13990,ORD-20260925-13990,MCH-113,DEV-113-POS,2026-09-25 20:07:19,2026-09-25 20:07:39,2026-09-25 20:08:18,2026-09-25 20:32:51,7,720
KDS-ORD-20260925-13991,ORD-20260925-13991,MCH-105,DEV-105-POS,2026-09-25 07:17:45,2026-09-25 07:18:05,2026-09-25 07:18:02,2026-09-25 07:40:00,5,900
KDS-ORD-20260925-13992,ORD-20260925-13992,MCH-108,DEV-108-POS,2026-09-25 10:28:00,2026-09-25 10:28:20,2026-09-25 10:28:33,2026-09-25 10:45:23,2,900
KDS-ORD-20260925-13993,ORD-20260925-13993,MCH-104,DEV-104-POS,2026-09-25 19:27:50,2026-09-25 19:28:10,2026-09-25 19:28:13,2026-09-25 19:59:56,11,1080
KDS-ORD-20260925-13994,ORD-20260925-13994,MCH-115,DEV-115-POS,2026-09-25 06:51:21,2026-09-25 06:51:41,2026-09-25 06:51:42,2026-09-25 07:11:38,3,1080
KDS-ORD-20260925-13995,ORD-20260925-13995,MCH-112,DEV-112-POS,2026-09-25 14:53:41,2026-09-25 14:54:01,2026-09-25 14:54:05,2026-09-25 15:23:17,6,900
KDS-ORD-20260925-13996,ORD-20260925-13996,MCH-111,DEV-111-POS,2026-09-25 13:16:25,2026-09-25 13:16:45,2026-09-25 13:16:52,2026-09-25 13:48:42,11,1080
KDS-ORD-20260925-13997,ORD-20260925-13997,MCH-112,DEV-112-POS,2026-09-25 12:24:06,2026-09-25 12:24:26,2026-09-25 12:24:45,2026-09-25 13:09:01,15,900
KDS-ORD-20260925-13998,ORD-20260925-13998,MCH-101,DEV-101-POS,2026-09-25 12:39:08,2026-09-25 12:39:28,2026-09-25 12:39:32,2026-09-25 13:09:23,8,720
KDS-ORD-20260925-13999,ORD-20260925-13999,MCH-108,DEV-108-POS,2026-09-25 15:02:43,2026-09-25 15:03:03,2026-09-25 15:03:00,2026-09-25 15:22:37,4,900
KDS-ORD-20260925-14000,ORD-20260925-14000,MCH-115,DEV-115-POS,2026-09-25 09:56:27,2026-09-25 09:56:47,2026-09-25 09:56:53,2026-09-25 10:15:31,3,1080
KDS-ORD-20260925-14001,ORD-20260925-14001,MCH-110,DEV-110-POS,2026-09-25 16:03:29,2026-09-25 16:03:49,2026-09-25 16:03:48,2026-09-25 16:19:00,4,720
KDS-ORD-20260925-14002,ORD-20260925-14002,MCH-103,DEV-103-POS,2026-09-25 20:38:47,2026-09-25 20:39:07,2026-09-25 20:39:42,2026-09-25 21:04:06,8,720
KDS-ORD-20260925-14003,ORD-20260925-14003,MCH-103,DEV-103-POS,2026-09-25 19:42:36,2026-09-25 19:42:56,2026-09-25 19:43:09,2026-09-25 20:08:33,7,720
KDS-ORD-20260925-14004,ORD-20260925-14004,MCH-112,DEV-112-POS,2026-09-25 09:36:05,2026-09-25 09:36:25,2026-09-25 09:36:52,2026-09-25 09:54:23,3,900
KDS-ORD-20260925-14005,ORD-20260925-14005,MCH-109,DEV-109-POS,2026-09-25 09:18:27,2026-09-25 09:18:47,2026-09-25 09:18:51,2026-09-25 09:34:47,4,900
KDS-ORD-20260925-14006,ORD-20260925-14006,MCH-107,DEV-107-POS,2026-09-25 11:01:45,2026-09-25 11:02:05,2026-09-25 11:02:18,2026-09-25 11:18:46,2,900
KDS-ORD-20260925-14007,ORD-20260925-14007,MCH-104,DEV-104-POS,2026-09-25 13:01:34,2026-09-25 13:01:54,2026-09-25 13:02:20,2026-09-25 13:38:41,9,1080
KDS-ORD-20260925-14008,ORD-20260925-14008,MCH-111,DEV-111-POS,2026-09-25 13:42:53,2026-09-25 13:43:13,2026-09-25 13:43:50,2026-09-25 14:30:21,15,1080
KDS-ORD-20260925-14009,ORD-20260925-14009,MCH-106,DEV-106-POS,2026-09-25 19:01:55,2026-09-25 19:02:15,2026-09-25 19:02:15,2026-09-25 19:28:20,13,720
KDS-ORD-20260925-14010,ORD-20260925-14010,MCH-104,DEV-104-POS,2026-09-25 06:57:02,2026-09-25 06:57:22,2026-09-25 06:57:29,2026-09-25 07:13:54,3,1080
KDS-ORD-20260925-14011,ORD-20260925-14011,MCH-113,DEV-113-POS,2026-09-25 05:05:50,2026-09-25 05:06:10,2026-09-25 05:06:16,2026-09-25 05:24:47,6,720
KDS-ORD-20260925-14012,ORD-20260925-14012,MCH-114,DEV-114-POS,2026-09-25 12:36:37,2026-09-25 12:36:57,2026-09-25 12:37:29,2026-09-25 13:10:38,13,720
KDS-ORD-20260925-14013,ORD-20260925-14013,MCH-115,DEV-115-POS,2026-09-25 19:51:27,2026-09-25 19:51:47,2026-09-25 19:52:07,2026-09-25 20:24:31,11,1080
KDS-ORD-20260925-14014,ORD-20260925-14014,MCH-115,DEV-115-POS,2026-09-25 10:55:11,2026-09-25 10:55:31,2026-09-25 10:55:31,2026-09-25 11:14:42,2,1080
KDS-ORD-20260925-14015,ORD-20260925-14015,MCH-115,DEV-115-POS,2026-09-25 18:16:36,2026-09-25 18:16:56,2026-09-25 18:16:55,2026-09-25 18:35:54,3,1080
KDS-ORD-20260925-14016,ORD-20260925-14016,MCH-113,DEV-113-POS,2026-09-25 11:26:43,2026-09-25 11:27:03,2026-09-25 11:27:25,2026-09-25 11:42:57,4,720
KDS-ORD-20260925-14017,ORD-20260925-14017,MCH-102,DEV-102-POS,2026-09-25 21:45:14,2026-09-25 21:45:34,2026-09-25 21:45:53,2026-09-25 22:09:09,11,720
KDS-ORD-20260925-14018,ORD-20260925-14018,MCH-106,DEV-106-POS,2026-09-25 21:16:22,2026-09-25 21:16:42,2026-09-25 21:17:16,2026-09-25 21:42:42,8,720
KDS-ORD-20260925-14019,ORD-20260925-14019,MCH-109,DEV-109-POS,2026-09-25 11:32:33,2026-09-25 11:32:53,2026-09-25 11:32:56,2026-09-25 11:47:20,2,900
KDS-ORD-20260925-14020,ORD-20260925-14020,MCH-109,DEV-109-POS,2026-09-25 10:44:22,2026-09-25 10:44:42,2026-09-25 10:45:18,2026-09-25 11:06:34,5,900
KDS-ORD-20260925-14021,ORD-20260925-14021,MCH-110,DEV-110-POS,2026-09-25 13:01:06,2026-09-25 13:01:26,2026-09-25 13:01:55,2026-09-25 13:36:19,14,720
KDS-ORD-20260925-14022,ORD-20260925-14022,MCH-107,DEV-107-POS,2026-09-25 11:35:43,2026-09-25 11:36:03,2026-09-25 11:36:07,2026-09-25 11:56:18,6,900
KDS-ORD-20260925-14023,ORD-20260925-14023,MCH-110,DEV-110-POS,2026-09-25 18:39:32,2026-09-25 18:39:52,2026-09-25 18:40:07,2026-09-25 18:55:24,3,720
KDS-ORD-20260925-14024,ORD-20260925-14024,MCH-102,DEV-102-POS,2026-09-25 20:47:15,2026-09-25 20:47:35,2026-09-25 20:47:56,2026-09-25 21:21:16,10,720
KDS-ORD-20260925-14025,ORD-20260925-14025,MCH-102,DEV-102-POS,2026-09-25 18:23:56,2026-09-25 18:24:16,2026-09-25 18:24:44,2026-09-25 18:45:24,6,720
KDS-ORD-20260925-14026,ORD-20260925-14026,MCH-112,DEV-112-POS,2026-09-25 20:29:01,2026-09-25 20:29:21,2026-09-25 20:29:57,2026-09-25 21:02:13,13,900
KDS-ORD-20260925-14027,ORD-20260925-14027,MCH-113,DEV-113-POS,2026-09-25 13:38:31,2026-09-25 13:38:51,2026-09-25 13:39:00,2026-09-25 14:15:11,16,720
KDS-ORD-20260925-14028,ORD-20260925-14028,MCH-104,DEV-104-POS,2026-09-25 09:36:16,2026-09-25 09:36:36,2026-09-25 09:36:53,2026-09-25 09:59:52,6,1080
KDS-ORD-20260925-14029,ORD-20260925-14029,MCH-103,DEV-103-POS,2026-09-25 19:34:10,2026-09-25 19:34:30,2026-09-25 19:34:54,2026-09-25 20:10:20,13,720
KDS-ORD-20260925-14030,ORD-20260925-14030,MCH-102,DEV-102-POS,2026-09-25 12:41:34,2026-09-25 12:41:54,2026-09-25 12:42:17,2026-09-25 13:08:50,7,720
KDS-ORD-20260925-14031,ORD-20260925-14031,MCH-103,DEV-103-POS,2026-09-25 18:53:13,2026-09-25 18:53:33,2026-09-25 18:53:33,2026-09-25 19:08:07,4,720
KDS-ORD-20260925-14032,ORD-20260925-14032,MCH-114,DEV-114-POS,2026-09-25 11:45:54,2026-09-25 11:46:14,2026-09-25 11:46:43,2026-09-25 12:01:19,2,720
KDS-ORD-20260925-14033,ORD-20260925-14033,MCH-115,DEV-115-POS,2026-09-25 07:35:20,2026-09-25 07:35:40,2026-09-25 07:35:54,2026-09-25 07:58:36,2,1080
KDS-ORD-20260925-14034,ORD-20260925-14034,MCH-111,DEV-111-POS,2026-09-25 23:47:56,2026-09-25 23:48:16,2026-09-25 23:48:15,2026-09-26 00:09:45,3,1080
KDS-ORD-20260925-14035,ORD-20260925-14035,MCH-102,DEV-102-POS,2026-09-25 09:22:08,2026-09-25 09:22:28,2026-09-25 09:23:01,2026-09-25 09:38:28,4,720
KDS-ORD-20260925-14036,ORD-20260925-14036,MCH-101,DEV-101-POS,2026-09-25 23:26:29,2026-09-25 23:26:49,2026-09-25 23:27:00,2026-09-25 23:43:53,6,720
KDS-ORD-20260925-14037,ORD-20260925-14037,MCH-115,DEV-115-POS,2026-09-25 22:59:15,2026-09-25 22:59:35,2026-09-25 23:00:02,2026-09-25 23:20:50,4,1080
KDS-ORD-20260925-14038,ORD-20260925-14038,MCH-110,DEV-110-POS,2026-09-25 20:24:52,2026-09-25 20:25:12,2026-09-25 20:25:08,2026-09-25 20:56:32,12,720
KDS-ORD-20260925-14039,ORD-20260925-14039,MCH-114,DEV-114-POS,2026-09-25 18:17:02,2026-09-25 18:17:22,2026-09-25 18:17:39,2026-09-25 18:32:13,2,720
KDS-ORD-20260925-14040,ORD-20260925-14040,MCH-104,DEV-104-POS,2026-09-25 16:44:42,2026-09-25 16:45:02,2026-09-25 16:45:32,2026-09-25 17:06:35,3,1080
KDS-ORD-20260925-14041,ORD-20260925-14041,MCH-112,DEV-112-POS,2026-09-25 20:42:48,2026-09-25 20:43:08,2026-09-25 20:43:24,,16,900
KDS-ORD-20260925-14042,ORD-20260925-14042,MCH-106,DEV-106-POS,2026-09-25 11:09:16,2026-09-25 11:09:36,2026-09-25 11:09:55,2026-09-25 11:24:10,4,720
KDS-ORD-20260925-14043,ORD-20260925-14043,MCH-105,DEV-105-POS,2026-09-25 13:59:34,2026-09-25 13:59:54,2026-09-25 14:00:25,2026-09-25 14:39:06,11,900
KDS-ORD-20260925-14044,ORD-20260925-14044,MCH-102,DEV-102-POS,2026-09-25 17:23:01,2026-09-25 17:23:21,2026-09-25 17:23:19,2026-09-25 17:38:59,4,720
KDS-ORD-20260925-14045,ORD-20260925-14045,MCH-104,DEV-104-POS,2026-09-25 13:34:05,2026-09-25 13:34:25,2026-09-25 13:34:36,2026-09-25 14:08:02,15,1080
KDS-ORD-20260925-14046,ORD-20260925-14046,MCH-112,DEV-112-POS,2026-09-25 13:40:03,2026-09-25 13:40:23,2026-09-25 13:40:35,2026-09-25 14:13:06,15,900
KDS-ORD-20260925-14047,ORD-20260925-14047,MCH-109,DEV-109-POS,2026-09-25 12:25:14,2026-09-25 12:25:34,2026-09-25 12:25:52,2026-09-25 13:01:54,14,900
KDS-ORD-20260925-14048,ORD-20260925-14048,MCH-105,DEV-105-POS,2026-09-25 16:31:28,2026-09-25 16:31:48,2026-09-25 16:32:11,2026-09-25 16:54:46,6,900
KDS-ORD-20260925-14049,ORD-20260925-14049,MCH-101,DEV-101-POS,2026-09-25 20:45:45,2026-09-25 20:46:05,2026-09-25 20:46:30,2026-09-25 21:15:56,13,720
KDS-ORD-20260925-14050,ORD-20260925-14050,MCH-101,DEV-101-POS,2026-09-25 10:38:39,2026-09-25 10:38:59,2026-09-25 10:39:07,2026-09-25 10:55:28,4,720
KDS-ORD-20260925-14051,ORD-20260925-14051,MCH-113,DEV-113-POS,2026-09-25 21:15:20,2026-09-25 21:15:40,2026-09-25 21:16:09,2026-09-25 21:49:55,12,720
KDS-ORD-20260925-14052,ORD-20260925-14052,MCH-103,DEV-103-POS,2026-09-25 19:41:09,2026-09-25 19:41:29,2026-09-25 19:41:45,2026-09-25 20:20:25,16,720
KDS-ORD-20260925-14053,ORD-20260925-14053,MCH-110,DEV-110-POS,2026-09-25 20:52:06,2026-09-25 20:52:26,2026-09-25 20:53:00,2026-09-25 21:20:45,10,720
KDS-ORD-20260925-14054,ORD-20260925-14054,MCH-107,DEV-107-POS,2026-09-25 16:43:15,2026-09-25 16:43:35,2026-09-25 16:44:08,2026-09-25 17:03:35,5,900
KDS-ORD-20260925-14055,ORD-20260925-14055,MCH-102,DEV-102-POS,2026-09-25 20:12:31,2026-09-25 20:12:51,2026-09-25 20:13:11,2026-09-25 20:35:21,6,720
KDS-ORD-20260925-14056,ORD-20260925-14056,MCH-114,DEV-114-POS,2026-09-25 03:37:35,2026-09-25 03:37:55,2026-09-25 03:38:22,2026-09-25 03:51:39,2,720
KDS-ORD-20260925-14057,ORD-20260925-14057,MCH-103,DEV-103-POS,2026-09-25 20:06:56,2026-09-25 20:07:16,2026-09-25 20:07:39,2026-09-25 20:34:33,9,720
KDS-ORD-20260925-14058,ORD-20260925-14058,MCH-109,DEV-109-POS,2026-09-25 05:01:52,2026-09-25 05:02:12,2026-09-25 05:02:21,2026-09-25 05:22:43,5,900
KDS-ORD-20260925-14059,ORD-20260925-14059,MCH-101,DEV-101-POS,2026-09-25 21:48:46,2026-09-25 21:49:06,2026-09-25 21:49:02,2026-09-25 22:15:25,15,720
KDS-ORD-20260925-14060,ORD-20260925-14060,MCH-103,DEV-103-POS,2026-09-25 23:50:58,2026-09-25 23:51:18,2026-09-25 23:51:33,2026-09-26 00:08:04,2,720
KDS-ORD-20260925-14061,ORD-20260925-14061,MCH-114,DEV-114-POS,2026-09-25 11:08:46,2026-09-25 11:09:06,2026-09-25 11:09:32,2026-09-25 11:20:45,2,720
KDS-ORD-20260925-14062,ORD-20260925-14062,MCH-114,DEV-114-POS,2026-09-25 10:32:50,2026-09-25 10:33:10,2026-09-25 10:33:40,2026-09-25 10:48:38,3,720
KDS-ORD-20260925-14063,ORD-20260925-14063,MCH-111,DEV-111-POS,2026-09-25 19:37:48,2026-09-25 19:38:08,2026-09-25 19:38:41,2026-09-25 20:17:06,15,1080
KDS-ORD-20260925-14064,ORD-20260925-14064,MCH-109,DEV-109-POS,2026-09-25 11:52:11,2026-09-25 11:52:31,2026-09-25 11:52:44,2026-09-25 12:10:46,4,900
KDS-ORD-20260925-14065,ORD-20260925-14065,MCH-105,DEV-105-POS,2026-09-25 20:47:16,2026-09-25 20:47:36,2026-09-25 20:47:34,2026-09-25 21:17:00,6,900
KDS-ORD-20260925-14066,ORD-20260925-14066,MCH-113,DEV-113-POS,2026-09-25 08:48:52,2026-09-25 08:49:12,2026-09-25 08:49:35,2026-09-25 09:07:30,5,720
KDS-ORD-20260925-14067,ORD-20260925-14067,MCH-101,DEV-101-POS,2026-09-25 08:57:24,2026-09-25 08:57:44,2026-09-25 08:57:50,2026-09-25 09:11:58,2,720
KDS-ORD-20260925-14068,ORD-20260925-14068,MCH-103,DEV-103-POS,2026-09-25 22:47:34,2026-09-25 22:47:54,2026-09-25 22:48:03,2026-09-25 23:07:20,5,720
KDS-ORD-20260925-14069,ORD-20260925-14069,MCH-103,DEV-103-POS,2026-09-25 18:03:46,2026-09-25 18:04:06,2026-09-25 18:04:38,2026-09-25 18:23:34,6,720
KDS-ORD-20260925-14070,ORD-20260925-14070,MCH-109,DEV-109-POS,2026-09-25 20:50:51,2026-09-25 20:51:11,2026-09-25 20:51:25,2026-09-25 21:18:02,8,900
KDS-ORD-20260925-14071,ORD-20260925-14071,MCH-107,DEV-107-POS,2026-09-25 12:22:27,2026-09-25 12:22:47,2026-09-25 12:23:07,,6,900
KDS-ORD-20260925-14072,ORD-20260925-14072,MCH-113,DEV-113-POS,2026-09-25 19:21:36,2026-09-25 19:21:56,2026-09-25 19:22:28,2026-09-25 19:45:10,10,720
KDS-ORD-20260925-14073,ORD-20260925-14073,MCH-110,DEV-110-POS,2026-09-25 17:33:29,2026-09-25 17:33:49,2026-09-25 17:33:48,2026-09-25 17:50:14,2,720
KDS-ORD-20260925-14074,ORD-20260925-14074,MCH-106,DEV-106-POS,2026-09-25 17:21:15,2026-09-25 17:21:35,2026-09-25 17:22:12,2026-09-25 17:39:12,4,720
KDS-ORD-20260925-14075,ORD-20260925-14075,MCH-113,DEV-113-POS,2026-09-25 19:56:11,2026-09-25 19:56:31,2026-09-25 19:56:37,,12,720
KDS-ORD-20260925-14076,ORD-20260925-14076,MCH-108,DEV-108-POS,2026-09-25 16:41:05,2026-09-25 16:41:25,2026-09-25 16:41:43,2026-09-25 16:58:25,3,900
KDS-ORD-20260925-14077,ORD-20260925-14077,MCH-114,DEV-114-POS,2026-09-25 13:13:03,2026-09-25 13:13:23,2026-09-25 13:13:30,2026-09-25 13:39:33,11,720
KDS-ORD-20260925-14078,ORD-20260925-14078,MCH-114,DEV-114-POS,2026-09-25 11:59:56,2026-09-25 12:00:16,2026-09-25 12:00:44,2026-09-25 12:20:12,6,720
KDS-ORD-20260925-14079,ORD-20260925-14079,MCH-115,DEV-115-POS,2026-09-25 20:07:38,2026-09-25 20:07:58,2026-09-25 20:08:19,2026-09-25 20:49:06,12,1080
KDS-ORD-20260925-14080,ORD-20260925-14080,MCH-112,DEV-112-POS,2026-09-25 10:24:25,2026-09-25 10:24:45,2026-09-25 10:25:08,2026-09-25 10:42:55,6,900
KDS-ORD-20260925-14081,ORD-20260925-14081,MCH-113,DEV-113-POS,2026-09-25 19:47:23,2026-09-25 19:47:43,2026-09-25 19:47:48,2026-09-25 20:16:35,10,720
KDS-ORD-20260925-14082,ORD-20260925-14082,MCH-108,DEV-108-POS,2026-09-25 11:51:04,2026-09-25 11:51:24,2026-09-25 11:51:43,2026-09-25 12:09:22,5,900
KDS-ORD-20260925-14083,ORD-20260925-14083,MCH-110,DEV-110-POS,2026-09-25 18:40:44,2026-09-25 18:41:04,2026-09-25 18:41:25,2026-09-25 18:55:18,2,720
KDS-ORD-20260925-14084,ORD-20260925-14084,MCH-113,DEV-113-POS,2026-09-25 19:24:04,2026-09-25 19:24:24,2026-09-25 19:24:30,,9,720
KDS-ORD-20260925-14085,ORD-20260925-14085,MCH-112,DEV-112-POS,2026-09-25 10:28:20,2026-09-25 10:28:40,2026-09-25 10:28:41,2026-09-25 10:46:20,3,900
KDS-ORD-20260925-14086,ORD-20260925-14086,MCH-113,DEV-113-POS,2026-09-25 06:53:12,2026-09-25 06:53:32,2026-09-25 06:54:05,2026-09-25 07:12:40,6,720
KDS-ORD-20260925-14087,ORD-20260925-14087,MCH-115,DEV-115-POS,2026-09-25 08:25:38,2026-09-25 08:25:58,2026-09-25 08:26:22,2026-09-25 08:47:08,3,1080
KDS-ORD-20260925-14088,ORD-20260925-14088,MCH-103,DEV-103-POS,2026-09-25 17:54:40,2026-09-25 17:55:00,2026-09-25 17:55:12,2026-09-25 18:10:05,4,720
KDS-ORD-20260925-14089,ORD-20260925-14089,MCH-114,DEV-114-POS,2026-09-25 20:03:38,2026-09-25 20:03:58,2026-09-25 20:04:27,2026-09-25 20:37:14,10,720
KDS-ORD-20260925-14090,ORD-20260925-14090,MCH-107,DEV-107-POS,2026-09-25 06:26:17,2026-09-25 06:26:37,2026-09-25 06:27:03,2026-09-25 06:47:37,4,900
KDS-ORD-20260925-14091,ORD-20260925-14091,MCH-110,DEV-110-POS,2026-09-25 19:02:54,2026-09-25 19:03:14,2026-09-25 19:03:26,2026-09-25 19:27:27,10,720
KDS-ORD-20260925-14092,ORD-20260925-14092,MCH-106,DEV-106-POS,2026-09-25 12:43:43,2026-09-25 12:44:03,2026-09-25 12:44:35,2026-09-25 13:17:44,10,720
KDS-ORD-20260925-14093,ORD-20260925-14093,MCH-109,DEV-109-POS,2026-09-25 13:56:42,2026-09-25 13:57:02,2026-09-25 13:57:36,2026-09-25 14:35:03,11,900
KDS-ORD-20260925-14094,ORD-20260925-14094,MCH-108,DEV-108-POS,2026-09-25 21:28:33,2026-09-25 21:28:53,2026-09-25 21:29:20,2026-09-25 22:03:07,13,900
KDS-ORD-20260925-14095,ORD-20260925-14095,MCH-101,DEV-101-POS,2026-09-25 12:22:47,2026-09-25 12:23:07,2026-09-25 12:23:15,2026-09-25 12:50:21,13,720
KDS-ORD-20260925-14096,ORD-20260925-14096,MCH-108,DEV-108-POS,2026-09-25 13:19:56,2026-09-25 13:20:16,2026-09-25 13:20:27,2026-09-25 13:58:38,15,900
KDS-ORD-20260925-14097,ORD-20260925-14097,MCH-112,DEV-112-POS,2026-09-25 02:36:23,2026-09-25 02:36:43,2026-09-25 02:37:06,2026-09-25 02:53:32,2,900
KDS-ORD-20260925-14098,ORD-20260925-14098,MCH-115,DEV-115-POS,2026-09-25 07:50:47,2026-09-25 07:51:07,2026-09-25 07:51:18,2026-09-25 08:13:50,6,1080
KDS-ORD-20260925-14099,ORD-20260925-14099,MCH-110,DEV-110-POS,2026-09-25 11:25:48,2026-09-25 11:26:08,2026-09-25 11:26:26,2026-09-25 11:44:19,4,720
KDS-ORD-20260925-14100,ORD-20260925-14100,MCH-108,DEV-108-POS,2026-09-25 05:13:07,2026-09-25 05:13:27,2026-09-25 05:13:22,2026-09-25 05:32:23,3,900
KDS-ORD-20260925-14101,ORD-20260925-14101,MCH-110,DEV-110-POS,2026-09-25 18:02:49,2026-09-25 18:03:09,2026-09-25 18:03:36,2026-09-25 18:19:44,5,720
KDS-ORD-20260925-14102,ORD-20260925-14102,MCH-110,DEV-110-POS,2026-09-25 13:54:45,2026-09-25 13:55:05,2026-09-25 13:55:04,2026-09-25 14:22:07,14,720
KDS-ORD-20260925-14103,ORD-20260925-14103,MCH-103,DEV-103-POS,2026-09-25 15:11:23,2026-09-25 15:11:43,2026-09-25 15:11:57,2026-09-25 15:27:18,3,720
KDS-ORD-20260925-14104,ORD-20260925-14104,MCH-106,DEV-106-POS,2026-09-25 09:46:59,2026-09-25 09:47:19,2026-09-25 09:47:53,2026-09-25 10:08:13,4,720
KDS-ORD-20260925-14105,ORD-20260925-14105,MCH-104,DEV-104-POS,2026-09-25 11:59:21,2026-09-25 11:59:41,2026-09-25 11:59:56,2026-09-25 12:26:33,5,1080
KDS-ORD-20260925-14106,ORD-20260925-14106,MCH-104,DEV-104-POS,2026-09-25 18:01:46,2026-09-25 18:02:06,2026-09-25 18:02:12,2026-09-25 18:25:57,5,1080
KDS-ORD-20260925-14107,ORD-20260925-14107,MCH-107,DEV-107-POS,2026-09-25 22:17:52,2026-09-25 22:18:12,2026-09-25 22:18:07,2026-09-25 22:38:26,3,900
KDS-ORD-20260925-14108,ORD-20260925-14108,MCH-105,DEV-105-POS,2026-09-25 06:40:28,2026-09-25 06:40:48,2026-09-25 06:41:27,2026-09-25 06:59:10,2,900
KDS-ORD-20260925-14109,ORD-20260925-14109,MCH-101,DEV-101-POS,2026-09-25 21:23:46,2026-09-25 21:24:06,2026-09-25 21:24:03,,15,720
KDS-ORD-20260925-14110,ORD-20260925-14110,MCH-103,DEV-103-POS,2026-09-25 16:32:58,2026-09-25 16:33:18,2026-09-25 16:33:14,2026-09-25 16:50:33,6,720
KDS-ORD-20260925-14111,ORD-20260925-14111,MCH-107,DEV-107-POS,2026-09-25 16:59:25,2026-09-25 16:59:45,2026-09-25 16:59:53,2026-09-25 17:19:02,4,900
KDS-ORD-20260925-14112,ORD-20260925-14112,MCH-114,DEV-114-POS,2026-09-25 14:14:56,2026-09-25 14:15:16,2026-09-25 14:15:38,2026-09-25 14:46:01,9,720
KDS-ORD-20260925-14113,ORD-20260925-14113,MCH-113,DEV-113-POS,2026-09-25 07:08:36,2026-09-25 07:08:56,2026-09-25 07:09:34,2026-09-25 07:26:37,6,720
KDS-ORD-20260925-14114,ORD-20260925-14114,MCH-101,DEV-101-POS,2026-09-25 07:21:09,2026-09-25 07:21:29,2026-09-25 07:21:39,2026-09-25 07:34:42,2,720
KDS-ORD-20260925-14115,ORD-20260925-14115,MCH-112,DEV-112-POS,2026-09-25 17:43:55,2026-09-25 17:44:15,2026-09-25 17:44:20,2026-09-25 18:02:54,5,900
KDS-ORD-20260925-14116,ORD-20260925-14116,MCH-115,DEV-115-POS,2026-09-25 12:29:55,2026-09-25 12:30:15,2026-09-25 12:30:26,2026-09-25 13:02:44,10,1080
KDS-ORD-20260925-14117,ORD-20260925-14117,MCH-112,DEV-112-POS,2026-09-25 21:28:40,2026-09-25 21:29:00,2026-09-25 21:29:20,,7,900
KDS-ORD-20260925-14118,ORD-20260925-14118,MCH-115,DEV-115-POS,2026-09-25 13:44:25,2026-09-25 13:44:45,2026-09-25 13:45:06,2026-09-25 14:15:38,6,1080
KDS-ORD-20260925-14119,ORD-20260925-14119,MCH-106,DEV-106-POS,2026-09-25 09:33:53,2026-09-25 09:34:13,2026-09-25 09:34:32,2026-09-25 09:49:12,4,720
KDS-ORD-20260925-14120,ORD-20260925-14120,MCH-101,DEV-101-POS,2026-09-25 19:24:24,2026-09-25 19:24:44,2026-09-25 19:25:07,2026-09-25 19:52:44,8,720
KDS-ORD-20260925-14121,ORD-20260925-14121,MCH-113,DEV-113-POS,2026-09-25 11:02:39,2026-09-25 11:02:59,2026-09-25 11:03:34,2026-09-25 11:19:43,4,720
KDS-ORD-20260925-14122,ORD-20260925-14122,MCH-109,DEV-109-POS,2026-09-25 15:50:04,2026-09-25 15:50:24,2026-09-25 15:50:58,2026-09-25 16:07:23,3,900
KDS-ORD-20260925-14123,ORD-20260925-14123,MCH-109,DEV-109-POS,2026-09-25 19:40:48,2026-09-25 19:41:08,2026-09-25 19:41:06,2026-09-25 20:18:47,14,900
KDS-ORD-20260925-14124,ORD-20260925-14124,MCH-105,DEV-105-POS,2026-09-25 21:52:55,2026-09-25 21:53:15,2026-09-25 21:53:19,2026-09-25 22:30:44,15,900
KDS-ORD-20260925-14125,ORD-20260925-14125,MCH-103,DEV-103-POS,2026-09-25 20:21:20,2026-09-25 20:21:40,2026-09-25 20:21:50,,11,720
KDS-ORD-20260925-14126,ORD-20260925-14126,MCH-106,DEV-106-POS,2026-09-25 19:52:38,2026-09-25 19:52:58,2026-09-25 19:52:53,2026-09-25 20:24:12,10,720
KDS-ORD-20260925-14127,ORD-20260925-14127,MCH-115,DEV-115-POS,2026-09-25 19:59:39,2026-09-25 19:59:59,2026-09-25 20:00:26,2026-09-25 20:44:14,15,1080
KDS-ORD-20260925-14128,ORD-20260925-14128,MCH-110,DEV-110-POS,2026-09-25 21:25:35,2026-09-25 21:25:55,2026-09-25 21:26:34,2026-09-25 21:57:05,10,720
KDS-ORD-20260925-14129,ORD-20260925-14129,MCH-102,DEV-102-POS,2026-09-25 11:32:14,2026-09-25 11:32:34,2026-09-25 11:33:08,2026-09-25 11:51:52,5,720
KDS-ORD-20260925-14130,ORD-20260925-14130,MCH-103,DEV-103-POS,2026-09-25 00:56:12,2026-09-25 00:56:32,2026-09-25 00:57:09,2026-09-25 01:10:05,5,720
KDS-ORD-20260925-14131,ORD-20260925-14131,MCH-110,DEV-110-POS,2026-09-25 11:00:55,2026-09-25 11:01:15,2026-09-25 11:01:31,2026-09-25 11:17:56,2,720
KDS-ORD-20260925-14132,ORD-20260925-14132,MCH-110,DEV-110-POS,2026-09-25 10:57:09,2026-09-25 10:57:29,2026-09-25 10:57:25,2026-09-25 11:11:57,3,720
KDS-ORD-20260925-14133,ORD-20260925-14133,MCH-106,DEV-106-POS,2026-09-25 18:17:51,2026-09-25 18:18:11,2026-09-25 18:18:29,2026-09-25 18:34:20,5,720
KDS-ORD-20260925-14134,ORD-20260925-14134,MCH-115,DEV-115-POS,2026-09-25 18:17:25,2026-09-25 18:17:45,2026-09-25 18:18:09,2026-09-25 18:39:38,6,1080
KDS-ORD-20260925-14135,ORD-20260925-14135,MCH-113,DEV-113-POS,2026-09-25 17:11:36,2026-09-25 17:11:56,2026-09-25 17:12:32,2026-09-25 17:30:02,5,720
KDS-ORD-20260925-14136,ORD-20260925-14136,MCH-112,DEV-112-POS,2026-09-25 03:05:30,2026-09-25 03:05:50,2026-09-25 03:05:47,2026-09-25 03:23:53,6,900
KDS-ORD-20260925-14137,ORD-20260925-14137,MCH-115,DEV-115-POS,2026-09-25 19:35:12,2026-09-25 19:35:32,2026-09-25 19:35:49,2026-09-25 20:07:57,6,1080
KDS-ORD-20260925-14138,ORD-20260925-14138,MCH-112,DEV-112-POS,2026-09-25 12:18:16,2026-09-25 12:18:36,2026-09-25 12:18:59,2026-09-25 12:56:04,12,900
KDS-ORD-20260925-14139,ORD-20260925-14139,MCH-104,DEV-104-POS,2026-09-25 18:56:56,2026-09-25 18:57:16,2026-09-25 18:57:50,2026-09-25 19:22:47,6,1080
KDS-ORD-20260925-14140,ORD-20260925-14140,MCH-101,DEV-101-POS,2026-09-25 16:04:17,2026-09-25 16:04:37,2026-09-25 16:04:32,2026-09-25 16:21:22,4,720
KDS-ORD-20260925-14141,ORD-20260925-14141,MCH-109,DEV-109-POS,2026-09-25 12:00:51,2026-09-25 12:01:11,2026-09-25 12:01:30,2026-09-25 12:43:12,15,900
KDS-ORD-20260925-14142,ORD-20260925-14142,MCH-106,DEV-106-POS,2026-09-25 09:13:45,2026-09-25 09:14:05,2026-09-25 09:14:26,2026-09-25 09:32:06,4,720
KDS-ORD-20260925-14143,ORD-20260925-14143,MCH-113,DEV-113-POS,2026-09-25 08:03:58,2026-09-25 08:04:18,2026-09-25 08:04:13,2026-09-25 08:21:27,6,720
KDS-ORD-20260925-14144,ORD-20260925-14144,MCH-110,DEV-110-POS,2026-09-25 20:54:58,2026-09-25 20:55:18,2026-09-25 20:55:32,2026-09-25 21:35:39,16,720
KDS-ORD-20260925-14145,ORD-20260925-14145,MCH-102,DEV-102-POS,2026-09-25 21:29:09,2026-09-25 21:29:29,2026-09-25 21:30:05,2026-09-25 22:02:44,16,720
KDS-ORD-20260925-14146,ORD-20260925-14146,MCH-104,DEV-104-POS,2026-09-25 18:36:41,2026-09-25 18:37:01,2026-09-25 18:37:04,2026-09-25 19:02:52,5,1080
KDS-ORD-20260925-14147,ORD-20260925-14147,MCH-109,DEV-109-POS,2026-09-25 08:26:32,2026-09-25 08:26:52,2026-09-25 08:27:00,2026-09-25 08:47:40,6,900
KDS-ORD-20260925-14148,ORD-20260925-14148,MCH-110,DEV-110-POS,2026-09-25 13:08:02,2026-09-25 13:08:22,2026-09-25 13:08:27,2026-09-25 13:32:54,8,720
KDS-ORD-20260925-14149,ORD-20260925-14149,MCH-105,DEV-105-POS,2026-09-25 19:24:09,2026-09-25 19:24:29,2026-09-25 19:24:28,2026-09-25 19:54:25,9,900
KDS-ORD-20260925-14150,ORD-20260925-14150,MCH-104,DEV-104-POS,2026-09-25 20:44:21,2026-09-25 20:44:41,2026-09-25 20:44:42,2026-09-25 21:18:10,8,1080
KDS-ORD-20260925-14151,ORD-20260925-14151,MCH-103,DEV-103-POS,2026-09-25 08:50:37,2026-09-25 08:50:57,2026-09-25 08:50:57,2026-09-25 09:08:02,5,720
KDS-ORD-20260925-14152,ORD-20260925-14152,MCH-107,DEV-107-POS,2026-09-25 00:16:11,2026-09-25 00:16:31,2026-09-25 00:16:39,2026-09-25 00:34:57,6,900
KDS-ORD-20260925-14153,ORD-20260925-14153,MCH-115,DEV-115-POS,2026-09-25 20:00:02,2026-09-25 20:00:22,2026-09-25 20:00:28,2026-09-25 20:31:52,8,1080
KDS-ORD-20260925-14154,ORD-20260925-14154,MCH-104,DEV-104-POS,2026-09-25 12:25:30,2026-09-25 12:25:50,2026-09-25 12:26:00,,8,1080
KDS-ORD-20260925-14155,ORD-20260925-14155,MCH-110,DEV-110-POS,2026-09-25 11:43:39,2026-09-25 11:43:59,2026-09-25 11:44:04,2026-09-25 12:03:50,6,720
KDS-ORD-20260925-14156,ORD-20260925-14156,MCH-111,DEV-111-POS,2026-09-25 02:08:14,2026-09-25 02:08:34,2026-09-25 02:08:46,2026-09-25 02:29:58,3,1080
KDS-ORD-20260925-14157,ORD-20260925-14157,MCH-104,DEV-104-POS,2026-09-25 15:21:36,2026-09-25 15:21:56,2026-09-25 15:22:03,2026-09-25 15:40:56,5,1080
KDS-ORD-20260925-14158,ORD-20260925-14158,MCH-111,DEV-111-POS,2026-09-25 20:16:10,2026-09-25 20:16:30,2026-09-25 20:16:28,2026-09-25 20:53:58,11,1080
KDS-ORD-20260925-14159,ORD-20260925-14159,MCH-107,DEV-107-POS,2026-09-25 22:30:40,2026-09-25 22:31:00,2026-09-25 22:31:21,2026-09-25 22:49:25,4,900
KDS-ORD-20260925-14160,ORD-20260925-14160,MCH-107,DEV-107-POS,2026-09-25 16:32:15,2026-09-25 16:32:35,2026-09-25 16:32:50,2026-09-25 16:54:18,4,900
KDS-ORD-20260925-14161,ORD-20260925-14161,MCH-102,DEV-102-POS,2026-09-25 14:40:38,2026-09-25 14:40:58,2026-09-25 14:40:57,2026-09-25 15:17:17,15,720
KDS-ORD-20260925-14162,ORD-20260925-14162,MCH-113,DEV-113-POS,2026-09-25 07:20:00,2026-09-25 07:20:20,2026-09-25 07:20:34,2026-09-25 07:33:49,5,720
KDS-ORD-20260925-14163,ORD-20260925-14163,MCH-103,DEV-103-POS,2026-09-25 15:17:31,2026-09-25 15:17:51,2026-09-25 15:18:21,2026-09-25 15:36:49,5,720
KDS-ORD-20260925-14164,ORD-20260925-14164,MCH-102,DEV-102-POS,2026-09-25 12:49:11,2026-09-25 12:49:31,2026-09-25 12:50:08,,9,720
KDS-ORD-20260925-14165,ORD-20260925-14165,MCH-105,DEV-105-POS,2026-09-25 17:10:19,2026-09-25 17:10:39,2026-09-25 17:11:06,2026-09-25 17:30:23,6,900
KDS-ORD-20260925-14166,ORD-20260925-14166,MCH-109,DEV-109-POS,2026-09-25 12:34:36,2026-09-25 12:34:56,2026-09-25 12:35:34,2026-09-25 13:10:22,15,900
KDS-ORD-20260925-14167,ORD-20260925-14167,MCH-107,DEV-107-POS,2026-09-25 11:34:36,2026-09-25 11:34:56,2026-09-25 11:35:08,2026-09-25 11:53:00,3,900
KDS-ORD-20260925-14168,ORD-20260925-14168,MCH-104,DEV-104-POS,2026-09-25 08:13:47,2026-09-25 08:14:07,2026-09-25 08:14:03,2026-09-25 08:34:02,2,1080
KDS-ORD-20260925-14169,ORD-20260925-14169,MCH-114,DEV-114-POS,2026-09-25 12:40:01,2026-09-25 12:40:21,2026-09-25 12:40:56,2026-09-25 13:15:16,15,720
KDS-ORD-20260925-14170,ORD-20260925-14170,MCH-104,DEV-104-POS,2026-09-25 08:45:48,2026-09-25 08:46:08,2026-09-25 08:46:46,2026-09-25 09:08:28,6,1080
KDS-ORD-20260925-14171,ORD-20260925-14171,MCH-109,DEV-109-POS,2026-09-25 09:01:02,2026-09-25 09:01:22,2026-09-25 09:01:24,2026-09-25 09:18:07,3,900
KDS-ORD-20260925-14172,ORD-20260925-14172,MCH-112,DEV-112-POS,2026-09-25 23:34:57,2026-09-25 23:35:17,2026-09-25 23:35:47,2026-09-25 23:54:41,4,900
KDS-ORD-20260925-14173,ORD-20260925-14173,MCH-105,DEV-105-POS,2026-09-25 13:20:47,2026-09-25 13:21:07,2026-09-25 13:21:14,2026-09-25 13:56:52,9,900
KDS-ORD-20260925-14174,ORD-20260925-14174,MCH-104,DEV-104-POS,2026-09-25 15:22:15,2026-09-25 15:22:35,2026-09-25 15:23:13,2026-09-25 15:46:10,4,1080
KDS-ORD-20260925-14175,ORD-20260925-14175,MCH-102,DEV-102-POS,2026-09-25 22:01:14,2026-09-25 22:01:34,2026-09-25 22:01:48,2026-09-25 22:29:32,11,720
KDS-ORD-20260925-14176,ORD-20260925-14176,MCH-109,DEV-109-POS,2026-09-25 23:43:44,2026-09-25 23:44:04,2026-09-25 23:44:11,2026-09-26 00:02:36,4,900
KDS-ORD-20260925-14177,ORD-20260925-14177,MCH-105,DEV-105-POS,2026-09-25 16:41:02,2026-09-25 16:41:22,2026-09-25 16:41:44,2026-09-25 16:57:33,2,900
KDS-ORD-20260925-14178,ORD-20260925-14178,MCH-111,DEV-111-POS,2026-09-25 20:34:54,2026-09-25 20:35:14,2026-09-25 20:35:16,2026-09-25 21:09:15,7,1080
KDS-ORD-20260925-14179,ORD-20260925-14179,MCH-101,DEV-101-POS,2026-09-25 12:08:58,2026-09-25 12:09:18,2026-09-25 12:09:39,2026-09-25 12:33:12,8,720
KDS-ORD-20260925-14180,ORD-20260925-14180,MCH-106,DEV-106-POS,2026-09-25 12:51:40,2026-09-25 12:52:00,2026-09-25 12:52:09,2026-09-25 13:28:05,14,720
KDS-ORD-20260925-14181,ORD-20260925-14181,MCH-111,DEV-111-POS,2026-09-25 13:59:15,2026-09-25 13:59:35,2026-09-25 13:59:37,2026-09-25 14:49:45,16,1080
KDS-ORD-20260925-14182,ORD-20260925-14182,MCH-112,DEV-112-POS,2026-09-25 18:11:57,2026-09-25 18:12:17,2026-09-25 18:12:38,2026-09-25 18:34:34,5,900
KDS-ORD-20260925-14183,ORD-20260925-14183,MCH-107,DEV-107-POS,2026-09-25 18:59:24,2026-09-25 18:59:44,2026-09-25 18:59:56,2026-09-25 19:28:44,8,900
KDS-ORD-20260925-14184,ORD-20260925-14184,MCH-112,DEV-112-POS,2026-09-25 12:23:24,2026-09-25 12:23:44,2026-09-25 12:23:54,2026-09-25 12:54:22,11,900
KDS-ORD-20260925-14185,ORD-20260925-14185,MCH-103,DEV-103-POS,2026-09-25 09:34:54,2026-09-25 09:35:14,2026-09-25 09:35:51,2026-09-25 09:47:28,4,720
KDS-ORD-20260925-14186,ORD-20260925-14186,MCH-104,DEV-104-POS,2026-09-25 18:40:58,2026-09-25 18:41:18,2026-09-25 18:41:31,2026-09-25 18:59:50,2,1080
KDS-ORD-20260925-14187,ORD-20260925-14187,MCH-102,DEV-102-POS,2026-09-25 08:09:59,2026-09-25 08:10:19,2026-09-25 08:10:28,2026-09-25 08:28:59,4,720
KDS-ORD-20260925-14188,ORD-20260925-14188,MCH-112,DEV-112-POS,2026-09-25 16:13:21,2026-09-25 16:13:41,2026-09-25 16:14:12,2026-09-25 16:36:02,5,900
KDS-ORD-20260925-14189,ORD-20260925-14189,MCH-112,DEV-112-POS,2026-09-25 19:09:42,2026-09-25 19:10:02,2026-09-25 19:10:01,2026-09-25 19:38:06,11,900
KDS-ORD-20260925-14190,ORD-20260925-14190,MCH-101,DEV-101-POS,2026-09-25 19:25:19,2026-09-25 19:25:39,2026-09-25 19:25:43,2026-09-25 19:54:03,11,720
KDS-ORD-20260925-14191,ORD-20260925-14191,MCH-115,DEV-115-POS,2026-09-25 19:11:44,2026-09-25 19:12:04,2026-09-25 19:12:11,2026-09-25 19:50:43,16,1080
KDS-ORD-20260925-14192,ORD-20260925-14192,MCH-108,DEV-108-POS,2026-09-25 21:14:14,2026-09-25 21:14:34,2026-09-25 21:15:09,2026-09-25 21:49:44,13,900
KDS-ORD-20260925-14193,ORD-20260925-14193,MCH-101,DEV-101-POS,2026-09-25 14:24:43,2026-09-25 14:25:03,2026-09-25 14:25:31,2026-09-25 14:52:05,8,720
KDS-ORD-20260925-14194,ORD-20260925-14194,MCH-110,DEV-110-POS,2026-09-25 19:53:37,2026-09-25 19:53:57,2026-09-25 19:54:34,2026-09-25 20:15:50,6,720
KDS-ORD-20260925-14195,ORD-20260925-14195,MCH-104,DEV-104-POS,2026-09-25 17:52:56,2026-09-25 17:53:16,2026-09-25 17:53:12,2026-09-25 18:13:16,2,1080
KDS-ORD-20260925-14196,ORD-20260925-14196,MCH-108,DEV-108-POS,2026-09-25 10:00:40,2026-09-25 10:01:00,2026-09-25 10:00:56,2026-09-25 10:20:51,4,900
KDS-ORD-20260925-14197,ORD-20260925-14197,MCH-110,DEV-110-POS,2026-09-25 05:00:10,2026-09-25 05:00:30,2026-09-25 05:00:55,2026-09-25 05:19:25,6,720
KDS-ORD-20260925-14198,ORD-20260925-14198,MCH-108,DEV-108-POS,2026-09-25 11:06:21,2026-09-25 11:06:41,2026-09-25 11:06:58,2026-09-25 11:27:28,5,900
KDS-ORD-20260925-14199,ORD-20260925-14199,MCH-114,DEV-114-POS,2026-09-25 13:49:36,2026-09-25 13:49:56,2026-09-25 13:50:18,2026-09-25 14:16:53,11,720
KDS-ORD-20260925-14200,ORD-20260925-14200,MCH-113,DEV-113-POS,2026-09-25 17:19:24,2026-09-25 17:19:44,2026-09-25 17:19:48,2026-09-25 17:36:43,4,720
KDS-ORD-20260925-14201,ORD-20260925-14201,MCH-107,DEV-107-POS,2026-09-25 20:40:32,2026-09-25 20:40:52,2026-09-25 20:41:13,2026-09-25 21:14:52,9,900
KDS-ORD-20260925-14202,ORD-20260925-14202,MCH-105,DEV-105-POS,2026-09-25 10:17:06,2026-09-25 10:17:26,2026-09-25 10:17:58,2026-09-25 10:37:20,6,900
KDS-ORD-20260925-14203,ORD-20260925-14203,MCH-111,DEV-111-POS,2026-09-25 08:36:50,2026-09-25 08:37:10,2026-09-25 08:37:44,2026-09-25 08:58:30,6,1080
KDS-ORD-20260925-14204,ORD-20260925-14204,MCH-105,DEV-105-POS,2026-09-25 22:21:30,2026-09-25 22:21:50,2026-09-25 22:22:11,2026-09-25 22:40:12,3,900
KDS-ORD-20260925-14205,ORD-20260925-14205,MCH-113,DEV-113-POS,2026-09-25 08:18:13,2026-09-25 08:18:33,2026-09-25 08:18:59,2026-09-25 08:32:24,4,720
KDS-ORD-20260925-14206,ORD-20260925-14206,MCH-102,DEV-102-POS,2026-09-25 13:59:08,2026-09-25 13:59:28,2026-09-25 13:59:29,2026-09-25 14:26:38,11,720
KDS-ORD-20260925-14207,ORD-20260925-14207,MCH-108,DEV-108-POS,2026-09-25 17:32:23,2026-09-25 17:32:43,2026-09-25 17:32:40,2026-09-25 17:52:39,6,900
KDS-ORD-20260925-14208,ORD-20260925-14208,MCH-109,DEV-109-POS,2026-09-25 15:27:19,2026-09-25 15:27:39,2026-09-25 15:28:14,2026-09-25 15:43:52,3,900
KDS-ORD-20260925-14209,ORD-20260925-14209,MCH-102,DEV-102-POS,2026-09-25 07:48:16,2026-09-25 07:48:36,2026-09-25 07:48:48,2026-09-25 08:05:27,3,720
KDS-ORD-20260925-14210,ORD-20260925-14210,MCH-112,DEV-112-POS,2026-09-25 06:17:46,2026-09-25 06:18:06,2026-09-25 06:18:03,2026-09-25 06:36:30,4,900
KDS-ORD-20260925-14211,ORD-20260925-14211,MCH-105,DEV-105-POS,2026-09-25 08:30:56,2026-09-25 08:31:16,2026-09-25 08:31:56,2026-09-25 08:47:00,2,900
KDS-ORD-20260925-14212,ORD-20260925-14212,MCH-111,DEV-111-POS,2026-09-25 17:19:21,2026-09-25 17:19:41,2026-09-25 17:19:48,2026-09-25 17:42:16,4,1080
KDS-ORD-20260925-14213,ORD-20260925-14213,MCH-110,DEV-110-POS,2026-09-25 15:14:01,2026-09-25 15:14:21,2026-09-25 15:14:46,2026-09-25 15:30:13,3,720
KDS-ORD-20260925-14214,ORD-20260925-14214,MCH-110,DEV-110-POS,2026-09-25 11:55:37,2026-09-25 11:55:57,2026-09-25 11:55:57,2026-09-25 12:11:26,3,720
KDS-ORD-20260925-14215,ORD-20260925-14215,MCH-102,DEV-102-POS,2026-09-25 18:43:23,2026-09-25 18:43:43,2026-09-25 18:43:45,2026-09-25 19:06:26,6,720
KDS-ORD-20260925-14216,ORD-20260925-14216,MCH-104,DEV-104-POS,2026-09-25 20:48:49,2026-09-25 20:49:09,2026-09-25 20:49:21,,9,1080
KDS-ORD-20260925-14217,ORD-20260925-14217,MCH-113,DEV-113-POS,2026-09-25 06:46:01,2026-09-25 06:46:21,2026-09-25 06:46:48,2026-09-25 07:03:28,3,720
KDS-ORD-20260925-14218,ORD-20260925-14218,MCH-114,DEV-114-POS,2026-09-25 14:59:02,2026-09-25 14:59:22,2026-09-25 14:59:33,2026-09-25 15:32:41,11,720
KDS-ORD-20260925-14219,ORD-20260925-14219,MCH-103,DEV-103-POS,2026-09-25 19:29:09,2026-09-25 19:29:29,2026-09-25 19:29:25,2026-09-25 19:55:02,12,720
KDS-ORD-20260925-14220,ORD-20260925-14220,MCH-113,DEV-113-POS,2026-09-25 11:40:49,2026-09-25 11:41:09,2026-09-25 11:41:44,2026-09-25 11:57:00,5,720
KDS-ORD-20260925-14221,ORD-20260925-14221,MCH-102,DEV-102-POS,2026-09-25 12:50:17,2026-09-25 12:50:37,2026-09-25 12:51:10,2026-09-25 13:26:24,15,720
KDS-ORD-20260925-14222,ORD-20260925-14222,MCH-115,DEV-115-POS,2026-09-25 17:58:57,2026-09-25 17:59:17,2026-09-25 17:59:14,2026-09-25 18:21:48,3,1080
KDS-ORD-20260925-14223,ORD-20260925-14223,MCH-104,DEV-104-POS,2026-09-25 21:18:59,2026-09-25 21:19:19,2026-09-25 21:19:49,2026-09-25 22:05:26,13,1080
KDS-ORD-20260925-14224,ORD-20260925-14224,MCH-103,DEV-103-POS,2026-09-25 20:48:35,2026-09-25 20:48:55,2026-09-25 20:49:17,2026-09-25 21:19:08,12,720
KDS-ORD-20260925-14225,ORD-20260925-14225,MCH-103,DEV-103-POS,2026-09-25 16:45:04,2026-09-25 16:45:24,2026-09-25 16:46:04,2026-09-25 17:01:46,6,720
KDS-ORD-20260925-14226,ORD-20260925-14226,MCH-111,DEV-111-POS,2026-09-25 19:22:43,2026-09-25 19:23:03,2026-09-25 19:23:07,2026-09-25 19:55:27,8,1080
KDS-ORD-20260925-14227,ORD-20260925-14227,MCH-114,DEV-114-POS,2026-09-25 12:48:34,2026-09-25 12:48:54,2026-09-25 12:49:18,,9,720
KDS-ORD-20260925-14228,ORD-20260925-14228,MCH-103,DEV-103-POS,2026-09-25 18:48:11,2026-09-25 18:48:31,2026-09-25 18:49:08,2026-09-25 19:03:40,2,720
KDS-ORD-20260925-14229,ORD-20260925-14229,MCH-113,DEV-113-POS,2026-09-25 13:53:07,2026-09-25 13:53:27,2026-09-25 13:53:39,2026-09-25 14:19:44,12,720
KDS-ORD-20260925-14230,ORD-20260925-14230,MCH-106,DEV-106-POS,2026-09-25 10:18:07,2026-09-25 10:18:27,2026-09-25 10:19:00,2026-09-25 10:34:42,5,720
KDS-ORD-20260925-14231,ORD-20260925-14231,MCH-108,DEV-108-POS,2026-09-25 19:53:59,2026-09-25 19:54:19,2026-09-25 19:54:35,2026-09-25 20:23:12,6,900
KDS-ORD-20260925-14232,ORD-20260925-14232,MCH-106,DEV-106-POS,2026-09-25 16:13:26,2026-09-25 16:13:46,2026-09-25 16:14:24,2026-09-25 16:27:10,5,720
KDS-ORD-20260925-14233,ORD-20260925-14233,MCH-108,DEV-108-POS,2026-09-25 12:10:46,2026-09-25 12:11:06,2026-09-25 12:11:17,2026-09-25 12:42:09,10,900
KDS-ORD-20260925-14234,ORD-20260925-14234,MCH-108,DEV-108-POS,2026-09-25 21:59:38,2026-09-25 21:59:58,2026-09-25 22:00:21,2026-09-25 22:39:29,13,900
KDS-ORD-20260925-14235,ORD-20260925-14235,MCH-106,DEV-106-POS,2026-09-25 04:57:34,2026-09-25 04:57:54,2026-09-25 04:58:28,2026-09-25 05:10:17,2,720
KDS-ORD-20260925-14236,ORD-20260925-14236,MCH-112,DEV-112-POS,2026-09-25 12:46:12,2026-09-25 12:46:32,2026-09-25 12:47:04,2026-09-25 13:26:25,14,900
KDS-ORD-20260925-14237,ORD-20260925-14237,MCH-112,DEV-112-POS,2026-09-25 06:27:30,2026-09-25 06:27:50,2026-09-25 06:28:14,2026-09-25 06:41:28,2,900
KDS-ORD-20260925-14238,ORD-20260925-14238,MCH-111,DEV-111-POS,2026-09-25 20:19:53,2026-09-25 20:20:13,2026-09-25 20:20:29,2026-09-25 21:00:12,10,1080
KDS-ORD-20260925-14239,ORD-20260925-14239,MCH-107,DEV-107-POS,2026-09-25 19:28:55,2026-09-25 19:29:15,2026-09-25 19:29:50,2026-09-25 20:03:11,11,900
KDS-ORD-20260925-14240,ORD-20260925-14240,MCH-113,DEV-113-POS,2026-09-25 12:49:04,2026-09-25 12:49:24,2026-09-25 12:49:32,2026-09-25 13:14:33,7,720
KDS-ORD-20260925-14241,ORD-20260925-14241,MCH-101,DEV-101-POS,2026-09-25 19:35:38,2026-09-25 19:35:58,2026-09-25 19:36:13,2026-09-25 20:00:22,10,720
KDS-ORD-20260925-14242,ORD-20260925-14242,MCH-105,DEV-105-POS,2026-09-25 12:14:58,2026-09-25 12:15:18,2026-09-25 12:15:27,2026-09-25 12:52:07,10,900
KDS-ORD-20260925-14243,ORD-20260925-14243,MCH-102,DEV-102-POS,2026-09-25 19:20:17,2026-09-25 19:20:37,2026-09-25 19:20:49,2026-09-25 19:45:01,8,720
KDS-ORD-20260925-14244,ORD-20260925-14244,MCH-114,DEV-114-POS,2026-09-25 13:56:33,2026-09-25 13:56:53,2026-09-25 13:57:18,2026-09-25 14:22:06,6,720
KDS-ORD-20260925-14245,ORD-20260925-14245,MCH-115,DEV-115-POS,2026-09-25 13:19:04,2026-09-25 13:19:24,2026-09-25 13:19:20,2026-09-25 13:50:09,7,1080
KDS-ORD-20260925-14246,ORD-20260925-14246,MCH-112,DEV-112-POS,2026-09-25 21:45:38,2026-09-25 21:45:58,2026-09-25 21:46:06,2026-09-25 22:25:50,15,900
KDS-ORD-20260925-14247,ORD-20260925-14247,MCH-111,DEV-111-POS,2026-09-25 11:13:13,2026-09-25 11:13:33,2026-09-25 11:13:32,2026-09-25 11:35:26,4,1080
KDS-ORD-20260925-14248,ORD-20260925-14248,MCH-109,DEV-109-POS,2026-09-25 08:44:01,2026-09-25 08:44:21,2026-09-25 08:44:51,2026-09-25 09:05:09,6,900
KDS-ORD-20260925-14249,ORD-20260925-14249,MCH-107,DEV-107-POS,2026-09-25 16:56:28,2026-09-25 16:56:48,2026-09-25 16:57:10,2026-09-25 17:17:45,6,900
KDS-ORD-20260925-14250,ORD-20260925-14250,MCH-111,DEV-111-POS,2026-09-25 22:07:36,2026-09-25 22:07:56,2026-09-25 22:08:15,2026-09-25 22:32:18,5,1080
KDS-ORD-20260925-14251,ORD-20260925-14251,MCH-102,DEV-102-POS,2026-09-25 12:26:44,2026-09-25 12:27:04,2026-09-25 12:27:31,2026-09-25 13:00:05,10,720
KDS-ORD-20260925-14252,ORD-20260925-14252,MCH-103,DEV-103-POS,2026-09-25 06:22:40,2026-09-25 06:23:00,2026-09-25 06:23:07,2026-09-25 06:34:56,3,720
KDS-ORD-20260925-14253,ORD-20260925-14253,MCH-105,DEV-105-POS,2026-09-25 12:16:01,2026-09-25 12:16:21,2026-09-25 12:16:23,2026-09-25 12:52:00,10,900
KDS-ORD-20260925-14254,ORD-20260925-14254,MCH-102,DEV-102-POS,2026-09-25 14:33:43,2026-09-25 14:34:03,2026-09-25 14:33:59,2026-09-25 14:56:41,8,720
KDS-ORD-20260925-14255,ORD-20260925-14255,MCH-101,DEV-101-POS,2026-09-25 09:39:19,2026-09-25 09:39:39,2026-09-25 09:40:09,2026-09-25 09:53:45,4,720
KDS-ORD-20260925-14256,ORD-20260925-14256,MCH-108,DEV-108-POS,2026-09-25 18:19:46,2026-09-25 18:20:06,2026-09-25 18:20:11,2026-09-25 18:39:35,4,900
KDS-ORD-20260925-14257,ORD-20260925-14257,MCH-106,DEV-106-POS,2026-09-25 23:19:39,2026-09-25 23:19:59,2026-09-25 23:20:05,2026-09-25 23:40:37,6,720
KDS-ORD-20260925-14258,ORD-20260925-14258,MCH-101,DEV-101-POS,2026-09-25 13:06:13,2026-09-25 13:06:33,2026-09-25 13:06:39,2026-09-25 13:32:59,10,720
KDS-ORD-20260925-14259,ORD-20260925-14259,MCH-114,DEV-114-POS,2026-09-25 12:37:34,2026-09-25 12:37:54,2026-09-25 12:38:04,2026-09-25 13:09:55,16,720
KDS-ORD-20260925-14260,ORD-20260925-14260,MCH-101,DEV-101-POS,2026-09-25 13:25:44,2026-09-25 13:26:04,2026-09-25 13:26:37,2026-09-25 14:01:27,12,720
KDS-ORD-20260925-14261,ORD-20260925-14261,MCH-112,DEV-112-POS,2026-09-25 08:41:33,2026-09-25 08:41:53,2026-09-25 08:42:27,2026-09-25 09:00:12,4,900
KDS-ORD-20260925-14262,ORD-20260925-14262,MCH-105,DEV-105-POS,2026-09-25 21:04:28,2026-09-25 21:04:48,2026-09-25 21:04:49,2026-09-25 21:41:50,16,900
KDS-ORD-20260925-14263,ORD-20260925-14263,MCH-115,DEV-115-POS,2026-09-25 13:52:38,2026-09-25 13:52:58,2026-09-25 13:53:18,2026-09-25 14:26:41,15,1080
KDS-ORD-20260925-14264,ORD-20260925-14264,MCH-107,DEV-107-POS,2026-09-25 12:53:09,2026-09-25 12:53:29,2026-09-25 12:53:34,2026-09-25 13:27:56,13,900
KDS-ORD-20260925-14265,ORD-20260925-14265,MCH-103,DEV-103-POS,2026-09-25 18:57:07,2026-09-25 18:57:27,2026-09-25 18:58:00,2026-09-25 19:14:25,6,720
KDS-ORD-20260925-14266,ORD-20260925-14266,MCH-115,DEV-115-POS,2026-09-25 13:28:19,2026-09-25 13:28:39,2026-09-25 13:29:03,2026-09-25 14:12:30,16,1080
KDS-ORD-20260925-14267,ORD-20260925-14267,MCH-108,DEV-108-POS,2026-09-25 18:04:55,2026-09-25 18:05:15,2026-09-25 18:05:15,2026-09-25 18:28:28,6,900
KDS-ORD-20260925-14268,ORD-20260925-14268,MCH-106,DEV-106-POS,2026-09-25 06:10:11,2026-09-25 06:10:31,2026-09-25 06:10:33,2026-09-25 06:23:08,4,720
KDS-ORD-20260925-14269,ORD-20260925-14269,MCH-107,DEV-107-POS,2026-09-25 20:35:43,2026-09-25 20:36:03,2026-09-25 20:36:27,2026-09-25 21:05:48,9,900
KDS-ORD-20260925-14270,ORD-20260925-14270,MCH-111,DEV-111-POS,2026-09-25 21:57:52,2026-09-25 21:58:12,2026-09-25 21:58:20,2026-09-25 22:32:29,6,1080
KDS-ORD-20260925-14271,ORD-20260925-14271,MCH-108,DEV-108-POS,2026-09-25 18:11:00,2026-09-25 18:11:20,2026-09-25 18:11:51,2026-09-25 18:29:47,2,900
KDS-ORD-20260925-14272,ORD-20260925-14272,MCH-105,DEV-105-POS,2026-09-25 22:50:48,2026-09-25 22:51:08,2026-09-25 22:51:19,2026-09-25 23:08:15,4,900
KDS-ORD-20260925-14273,ORD-20260925-14273,MCH-111,DEV-111-POS,2026-09-25 09:12:07,2026-09-25 09:12:27,2026-09-25 09:12:44,2026-09-25 09:37:51,5,1080
KDS-ORD-20260925-14274,ORD-20260925-14274,MCH-114,DEV-114-POS,2026-09-25 13:25:51,2026-09-25 13:26:11,2026-09-25 13:26:48,2026-09-25 14:02:42,13,720
KDS-ORD-20260925-14275,ORD-20260925-14275,MCH-105,DEV-105-POS,2026-09-25 17:06:23,2026-09-25 17:06:43,2026-09-25 17:06:48,2026-09-25 17:22:27,2,900
KDS-ORD-20260925-14276,ORD-20260925-14276,MCH-109,DEV-109-POS,2026-09-25 16:17:25,2026-09-25 16:17:45,2026-09-25 16:17:44,2026-09-25 16:34:08,2,900
KDS-ORD-20260925-14277,ORD-20260925-14277,MCH-105,DEV-105-POS,2026-09-25 13:26:26,2026-09-25 13:26:46,2026-09-25 13:26:56,2026-09-25 13:56:32,6,900
KDS-ORD-20260925-14278,ORD-20260925-14278,MCH-103,DEV-103-POS,2026-09-25 12:54:35,2026-09-25 12:54:55,2026-09-25 12:55:02,2026-09-25 13:21:34,10,720
KDS-ORD-20260925-14279,ORD-20260925-14279,MCH-114,DEV-114-POS,2026-09-25 08:24:15,2026-09-25 08:24:35,2026-09-25 08:25:05,2026-09-25 08:37:14,3,720
KDS-ORD-20260925-14280,ORD-20260925-14280,MCH-108,DEV-108-POS,2026-09-25 12:32:36,2026-09-25 12:32:56,2026-09-25 12:33:11,2026-09-25 13:02:06,7,900
KDS-ORD-20260925-14281,ORD-20260925-14281,MCH-107,DEV-107-POS,2026-09-25 09:37:08,2026-09-25 09:37:28,2026-09-25 09:37:55,2026-09-25 09:57:59,3,900
KDS-ORD-20260925-14282,ORD-20260925-14282,MCH-105,DEV-105-POS,2026-09-25 19:30:14,2026-09-25 19:30:34,2026-09-25 19:30:30,2026-09-25 20:11:27,14,900
KDS-ORD-20260925-14283,ORD-20260925-14283,MCH-101,DEV-101-POS,2026-09-25 10:18:08,2026-09-25 10:18:28,2026-09-25 10:18:29,2026-09-25 10:36:04,6,720
KDS-ORD-20260925-14284,ORD-20260925-14284,MCH-107,DEV-107-POS,2026-09-25 06:53:52,2026-09-25 06:54:12,2026-09-25 06:54:43,2026-09-25 07:10:54,3,900
KDS-ORD-20260925-14285,ORD-20260925-14285,MCH-107,DEV-107-POS,2026-09-25 15:48:05,2026-09-25 15:48:25,2026-09-25 15:49:05,2026-09-25 16:06:35,4,900
KDS-ORD-20260925-14286,ORD-20260925-14286,MCH-108,DEV-108-POS,2026-09-25 17:14:24,2026-09-25 17:14:44,2026-09-25 17:15:18,2026-09-25 17:35:04,5,900
KDS-ORD-20260925-14287,ORD-20260925-14287,MCH-108,DEV-108-POS,2026-09-25 21:08:46,2026-09-25 21:09:06,2026-09-25 21:09:25,2026-09-25 21:39:32,12,900
KDS-ORD-20260925-14288,ORD-20260925-14288,MCH-102,DEV-102-POS,2026-09-25 16:39:28,2026-09-25 16:39:48,2026-09-25 16:40:06,2026-09-25 16:55:38,2,720
KDS-ORD-20260925-14289,ORD-20260925-14289,MCH-110,DEV-110-POS,2026-09-25 12:56:46,2026-09-25 12:57:06,2026-09-25 12:57:03,2026-09-25 13:25:54,14,720
KDS-ORD-20260925-14290,ORD-20260925-14290,MCH-105,DEV-105-POS,2026-09-25 20:14:41,2026-09-25 20:15:01,2026-09-25 20:15:29,2026-09-25 20:49:33,8,900
KDS-ORD-20260925-14291,ORD-20260925-14291,MCH-104,DEV-104-POS,2026-09-25 15:34:19,2026-09-25 15:34:39,2026-09-25 15:35:02,2026-09-25 15:53:32,2,1080
KDS-ORD-20260925-14292,ORD-20260925-14292,MCH-109,DEV-109-POS,2026-09-25 07:38:54,2026-09-25 07:39:14,2026-09-25 07:39:44,2026-09-25 07:59:53,6,900
KDS-ORD-20260925-14293,ORD-20260925-14293,MCH-114,DEV-114-POS,2026-09-25 16:42:28,2026-09-25 16:42:48,2026-09-25 16:43:17,2026-09-25 16:59:15,4,720
KDS-ORD-20260925-14294,ORD-20260925-14294,MCH-115,DEV-115-POS,2026-09-25 21:26:14,2026-09-25 21:26:34,2026-09-25 21:26:31,2026-09-25 21:57:44,7,1080
KDS-ORD-20260925-14295,ORD-20260925-14295,MCH-103,DEV-103-POS,2026-09-25 13:58:56,2026-09-25 13:59:16,2026-09-25 13:59:22,2026-09-25 14:22:34,6,720
KDS-ORD-20260925-14296,ORD-20260925-14296,MCH-101,DEV-101-POS,2026-09-25 11:12:53,2026-09-25 11:13:13,2026-09-25 11:13:12,2026-09-25 11:31:18,4,720
KDS-ORD-20260925-14297,ORD-20260925-14297,MCH-113,DEV-113-POS,2026-09-25 09:49:46,2026-09-25 09:50:06,2026-09-25 09:50:12,2026-09-25 10:06:37,6,720
KDS-ORD-20260925-14298,ORD-20260925-14298,MCH-112,DEV-112-POS,2026-09-25 09:54:55,2026-09-25 09:55:15,2026-09-25 09:55:12,2026-09-25 10:13:16,5,900
KDS-ORD-20260925-14299,ORD-20260925-14299,MCH-114,DEV-114-POS,2026-09-25 13:42:28,2026-09-25 13:42:48,2026-09-25 13:42:50,2026-09-25 14:16:36,15,720
KDS-ORD-20260925-14300,ORD-20260925-14300,MCH-114,DEV-114-POS,2026-09-25 17:41:34,2026-09-25 17:41:54,2026-09-25 17:42:17,2026-09-25 17:54:36,2,720
KDS-ORD-20260925-14301,ORD-20260925-14301,MCH-114,DEV-114-POS,2026-09-25 07:38:38,2026-09-25 07:38:58,2026-09-25 07:39:08,2026-09-25 07:59:43,4,720
KDS-ORD-20260925-14302,ORD-20260925-14302,MCH-107,DEV-107-POS,2026-09-25 21:46:43,2026-09-25 21:47:03,2026-09-25 21:47:13,2026-09-25 22:18:31,12,900
KDS-ORD-20260925-14303,ORD-20260925-14303,MCH-113,DEV-113-POS,2026-09-25 19:16:28,2026-09-25 19:16:48,2026-09-25 19:16:51,2026-09-25 19:51:25,15,720
KDS-ORD-20260925-14304,ORD-20260925-14304,MCH-114,DEV-114-POS,2026-09-25 17:41:28,2026-09-25 17:41:48,2026-09-25 17:42:00,2026-09-25 17:59:19,6,720
KDS-ORD-20260925-14305,ORD-20260925-14305,MCH-109,DEV-109-POS,2026-09-25 20:30:52,2026-09-25 20:31:12,2026-09-25 20:31:40,2026-09-25 21:04:56,14,900
KDS-ORD-20260925-14306,ORD-20260925-14306,MCH-105,DEV-105-POS,2026-09-25 07:42:21,2026-09-25 07:42:41,2026-09-25 07:42:49,2026-09-25 08:01:20,3,900
KDS-ORD-20260925-14307,ORD-20260925-14307,MCH-114,DEV-114-POS,2026-09-25 13:38:23,2026-09-25 13:38:43,2026-09-25 13:38:45,2026-09-25 14:03:20,8,720
KDS-ORD-20260925-14308,ORD-20260925-14308,MCH-105,DEV-105-POS,2026-09-25 18:33:56,2026-09-25 18:34:16,2026-09-25 18:34:42,2026-09-25 18:51:39,4,900
KDS-ORD-20260925-14309,ORD-20260925-14309,MCH-101,DEV-101-POS,2026-09-25 20:37:18,2026-09-25 20:37:38,2026-09-25 20:38:09,2026-09-25 21:01:52,7,720
KDS-ORD-20260925-14310,ORD-20260925-14310,MCH-103,DEV-103-POS,2026-09-25 20:32:26,2026-09-25 20:32:46,2026-09-25 20:33:15,2026-09-25 21:02:17,12,720
KDS-ORD-20260925-14311,ORD-20260925-14311,MCH-106,DEV-106-POS,2026-09-25 11:28:41,2026-09-25 11:29:01,2026-09-25 11:29:07,2026-09-25 11:43:01,4,720
KDS-ORD-20260925-14312,ORD-20260925-14312,MCH-102,DEV-102-POS,2026-09-25 21:55:54,2026-09-25 21:56:14,2026-09-25 21:56:46,2026-09-25 22:21:59,10,720
KDS-ORD-20260925-14313,ORD-20260925-14313,MCH-113,DEV-113-POS,2026-09-25 08:54:53,2026-09-25 08:55:13,2026-09-25 08:55:50,2026-09-25 09:14:32,5,720
KDS-ORD-20260925-14314,ORD-20260925-14314,MCH-105,DEV-105-POS,2026-09-25 21:11:23,2026-09-25 21:11:43,2026-09-25 21:12:07,,7,900
KDS-ORD-20260925-14315,ORD-20260925-14315,MCH-111,DEV-111-POS,2026-09-25 22:02:27,2026-09-25 22:02:47,2026-09-25 22:03:01,2026-09-25 22:25:13,4,1080
KDS-ORD-20260925-14316,ORD-20260925-14316,MCH-106,DEV-106-POS,2026-09-25 09:50:43,2026-09-25 09:51:03,2026-09-25 09:51:43,2026-09-25 10:05:38,5,720
KDS-ORD-20260925-14317,ORD-20260925-14317,MCH-103,DEV-103-POS,2026-09-25 19:53:13,2026-09-25 19:53:33,2026-09-25 19:53:57,2026-09-25 20:21:41,8,720
KDS-ORD-20260925-14318,ORD-20260925-14318,MCH-103,DEV-103-POS,2026-09-25 04:59:17,2026-09-25 04:59:37,2026-09-25 04:59:34,2026-09-25 05:15:48,4,720
KDS-ORD-20260925-14319,ORD-20260925-14319,MCH-107,DEV-107-POS,2026-09-25 13:20:27,2026-09-25 13:20:47,2026-09-25 13:21:18,2026-09-25 13:52:01,16,900
KDS-ORD-20260925-14320,ORD-20260925-14320,MCH-107,DEV-107-POS,2026-09-25 14:31:29,2026-09-25 14:31:49,2026-09-25 14:31:59,2026-09-25 15:08:58,13,900
KDS-ORD-20260925-14321,ORD-20260925-14321,MCH-109,DEV-109-POS,2026-09-25 16:40:54,2026-09-25 16:41:14,2026-09-25 16:41:27,2026-09-25 17:01:25,4,900
KDS-ORD-20260925-14322,ORD-20260925-14322,MCH-104,DEV-104-POS,2026-09-25 21:45:32,2026-09-25 21:45:52,2026-09-25 21:46:21,2026-09-25 22:28:57,13,1080
KDS-ORD-20260925-14323,ORD-20260925-14323,MCH-101,DEV-101-POS,2026-09-25 18:35:48,2026-09-25 18:36:08,2026-09-25 18:36:19,2026-09-25 18:51:24,4,720
KDS-ORD-20260925-14324,ORD-20260925-14324,MCH-111,DEV-111-POS,2026-09-25 14:30:05,2026-09-25 14:30:25,2026-09-25 14:30:21,2026-09-25 15:12:04,14,1080
KDS-ORD-20260925-14325,ORD-20260925-14325,MCH-107,DEV-107-POS,2026-09-25 20:25:29,2026-09-25 20:25:49,2026-09-25 20:25:56,2026-09-25 21:00:40,13,900
KDS-ORD-20260925-14326,ORD-20260925-14326,MCH-114,DEV-114-POS,2026-09-25 22:10:37,2026-09-25 22:10:57,2026-09-25 22:11:27,2026-09-25 22:31:56,6,720
KDS-ORD-20260925-14327,ORD-20260925-14327,MCH-103,DEV-103-POS,2026-09-25 04:29:28,2026-09-25 04:29:48,2026-09-25 04:29:46,2026-09-25 04:49:19,6,720
KDS-ORD-20260925-14328,ORD-20260925-14328,MCH-114,DEV-114-POS,2026-09-25 22:19:07,2026-09-25 22:19:27,2026-09-25 22:19:27,2026-09-25 22:37:44,6,720
KDS-ORD-20260925-14329,ORD-20260925-14329,MCH-109,DEV-109-POS,2026-09-25 07:36:33,2026-09-25 07:36:53,2026-09-25 07:37:30,2026-09-25 07:54:14,3,900
KDS-ORD-20260925-14330,ORD-20260925-14330,MCH-105,DEV-105-POS,2026-09-25 20:03:22,2026-09-25 20:03:42,2026-09-25 20:04:04,2026-09-25 20:33:53,6,900
KDS-ORD-20260925-14331,ORD-20260925-14331,MCH-110,DEV-110-POS,2026-09-25 11:12:53,2026-09-25 11:13:13,2026-09-25 11:13:34,2026-09-25 11:29:07,4,720
KDS-ORD-20260925-14332,ORD-20260925-14332,MCH-108,DEV-108-POS,2026-09-25 09:12:54,2026-09-25 09:13:14,2026-09-25 09:13:44,2026-09-25 09:30:19,5,900
KDS-ORD-20260925-14333,ORD-20260925-14333,MCH-103,DEV-103-POS,2026-09-25 13:16:58,2026-09-25 13:17:18,2026-09-25 13:17:40,2026-09-25 13:55:03,14,720
KDS-ORD-20260925-14334,ORD-20260925-14334,MCH-113,DEV-113-POS,2026-09-25 18:20:41,2026-09-25 18:21:01,2026-09-25 18:21:08,2026-09-25 18:35:22,4,720
KDS-ORD-20260925-14335,ORD-20260925-14335,MCH-103,DEV-103-POS,2026-09-25 12:08:44,2026-09-25 12:09:04,2026-09-25 12:09:04,2026-09-25 12:43:33,14,720
KDS-ORD-20260925-14336,ORD-20260925-14336,MCH-111,DEV-111-POS,2026-09-25 06:55:41,2026-09-25 06:56:01,2026-09-25 06:56:23,2026-09-25 07:15:46,4,1080
KDS-ORD-20260925-14337,ORD-20260925-14337,MCH-103,DEV-103-POS,2026-09-25 17:37:50,2026-09-25 17:38:10,2026-09-25 17:38:22,2026-09-25 17:56:55,3,720
KDS-ORD-20260925-14338,ORD-20260925-14338,MCH-115,DEV-115-POS,2026-09-25 21:06:32,2026-09-25 21:06:52,2026-09-25 21:06:48,2026-09-25 21:49:42,14,1080
KDS-ORD-20260925-14339,ORD-20260925-14339,MCH-113,DEV-113-POS,2026-09-25 12:29:52,2026-09-25 12:30:12,2026-09-25 12:30:25,2026-09-25 13:09:13,15,720
KDS-ORD-20260925-14340,ORD-20260925-14340,MCH-103,DEV-103-POS,2026-09-25 10:30:32,2026-09-25 10:30:52,2026-09-25 10:31:10,2026-09-25 10:47:31,6,720
KDS-ORD-20260925-14341,ORD-20260925-14341,MCH-108,DEV-108-POS,2026-09-25 13:57:40,2026-09-25 13:58:00,2026-09-25 13:58:06,2026-09-25 14:33:25,8,900
KDS-ORD-20260925-14342,ORD-20260925-14342,MCH-114,DEV-114-POS,2026-09-25 06:40:52,2026-09-25 06:41:12,2026-09-25 06:41:09,2026-09-25 06:56:30,4,720
KDS-ORD-20260925-14343,ORD-20260925-14343,MCH-102,DEV-102-POS,2026-09-25 20:59:30,2026-09-25 20:59:50,2026-09-25 20:59:53,,12,720
KDS-ORD-20260925-14344,ORD-20260925-14344,MCH-113,DEV-113-POS,2026-09-25 20:16:20,2026-09-25 20:16:40,2026-09-25 20:17:01,2026-09-25 20:40:58,7,720
KDS-ORD-20260925-14345,ORD-20260925-14345,MCH-112,DEV-112-POS,2026-09-25 17:48:17,2026-09-25 17:48:37,2026-09-25 17:49:01,2026-09-25 18:08:58,3,900
KDS-ORD-20260925-14346,ORD-20260925-14346,MCH-110,DEV-110-POS,2026-09-25 12:43:39,2026-09-25 12:43:59,2026-09-25 12:44:37,2026-09-25 13:15:35,16,720
KDS-ORD-20260925-14347,ORD-20260925-14347,MCH-106,DEV-106-POS,2026-09-25 20:10:52,2026-09-25 20:11:12,2026-09-25 20:11:18,2026-09-25 20:39:08,13,720
KDS-ORD-20260925-14348,ORD-20260925-14348,MCH-102,DEV-102-POS,2026-09-25 15:21:36,2026-09-25 15:21:56,2026-09-25 15:22:17,2026-09-25 15:36:12,2,720
KDS-ORD-20260925-14349,ORD-20260925-14349,MCH-106,DEV-106-POS,2026-09-25 20:34:50,2026-09-25 20:35:10,2026-09-25 20:35:07,2026-09-25 21:01:29,10,720
KDS-ORD-20260925-14350,ORD-20260925-14350,MCH-113,DEV-113-POS,2026-09-25 18:50:44,2026-09-25 18:51:04,2026-09-25 18:51:31,2026-09-25 19:08:19,6,720
KDS-ORD-20260925-14351,ORD-20260925-14351,MCH-110,DEV-110-POS,2026-09-25 20:34:18,2026-09-25 20:34:38,2026-09-25 20:35:07,2026-09-25 21:06:27,10,720
KDS-ORD-20260925-14352,ORD-20260925-14352,MCH-109,DEV-109-POS,2026-09-25 17:28:30,2026-09-25 17:28:50,2026-09-25 17:29:13,2026-09-25 17:52:02,6,900
KDS-ORD-20260925-14353,ORD-20260925-14353,MCH-105,DEV-105-POS,2026-09-25 13:22:39,2026-09-25 13:22:59,2026-09-25 13:23:08,2026-09-25 13:51:21,8,900
KDS-ORD-20260925-14354,ORD-20260925-14354,MCH-114,DEV-114-POS,2026-09-25 22:43:23,2026-09-25 22:43:43,2026-09-25 22:43:54,2026-09-25 22:57:14,2,720
KDS-ORD-20260925-14355,ORD-20260925-14355,MCH-110,DEV-110-POS,2026-09-25 15:27:29,2026-09-25 15:27:49,2026-09-25 15:28:22,2026-09-25 15:42:02,4,720
KDS-ORD-20260925-14356,ORD-20260925-14356,MCH-106,DEV-106-POS,2026-09-25 17:31:11,2026-09-25 17:31:31,2026-09-25 17:32:07,2026-09-25 17:47:05,5,720
KDS-ORD-20260925-14357,ORD-20260925-14357,MCH-101,DEV-101-POS,2026-09-25 10:28:16,2026-09-25 10:28:36,2026-09-25 10:29:08,2026-09-25 10:44:49,5,720
KDS-ORD-20260925-14358,ORD-20260925-14358,MCH-109,DEV-109-POS,2026-09-25 18:07:28,2026-09-25 18:07:48,2026-09-25 18:08:04,2026-09-25 18:22:40,2,900
KDS-ORD-20260925-14359,ORD-20260925-14359,MCH-111,DEV-111-POS,2026-09-25 16:15:04,2026-09-25 16:15:24,2026-09-25 16:15:42,2026-09-25 16:37:40,5,1080
KDS-ORD-20260925-14360,ORD-20260925-14360,MCH-106,DEV-106-POS,2026-09-25 10:52:36,2026-09-25 10:52:56,2026-09-25 10:53:12,2026-09-25 11:07:32,2,720
KDS-ORD-20260925-14361,ORD-20260925-14361,MCH-102,DEV-102-POS,2026-09-25 06:32:19,2026-09-25 06:32:39,2026-09-25 06:32:40,2026-09-25 06:44:38,2,720
KDS-ORD-20260925-14362,ORD-20260925-14362,MCH-104,DEV-104-POS,2026-09-25 17:17:46,2026-09-25 17:18:06,2026-09-25 17:18:36,2026-09-25 17:39:50,5,1080
KDS-ORD-20260925-14363,ORD-20260925-14363,MCH-112,DEV-112-POS,2026-09-25 19:36:46,2026-09-25 19:37:06,2026-09-25 19:37:37,2026-09-25 20:07:57,12,900
KDS-ORD-20260925-14364,ORD-20260925-14364,MCH-114,DEV-114-POS,2026-09-25 14:42:42,2026-09-25 14:43:02,2026-09-25 14:43:02,2026-09-25 15:15:52,12,720
KDS-ORD-20260925-14365,ORD-20260925-14365,MCH-103,DEV-103-POS,2026-09-25 10:02:05,2026-09-25 10:02:25,2026-09-25 10:02:48,2026-09-25 10:20:24,4,720
KDS-ORD-20260925-14366,ORD-20260925-14366,MCH-101,DEV-101-POS,2026-09-25 18:02:28,2026-09-25 18:02:48,2026-09-25 18:03:02,2026-09-25 18:20:42,6,720
KDS-ORD-20260925-14367,ORD-20260925-14367,MCH-109,DEV-109-POS,2026-09-25 07:11:20,2026-09-25 07:11:40,2026-09-25 07:12:01,2026-09-25 07:28:55,3,900
KDS-ORD-20260925-14368,ORD-20260925-14368,MCH-112,DEV-112-POS,2026-09-25 13:44:47,2026-09-25 13:45:07,2026-09-25 13:45:19,2026-09-25 14:15:56,9,900
KDS-ORD-20260925-14369,ORD-20260925-14369,MCH-107,DEV-107-POS,2026-09-25 09:59:07,2026-09-25 09:59:27,2026-09-25 09:59:39,2026-09-25 10:19:54,3,900
KDS-ORD-20260925-14370,ORD-20260925-14370,MCH-102,DEV-102-POS,2026-09-25 11:00:30,2026-09-25 11:00:50,2026-09-25 11:00:56,2026-09-25 11:18:52,6,720
KDS-ORD-20260925-14371,ORD-20260925-14371,MCH-109,DEV-109-POS,2026-09-25 10:50:53,2026-09-25 10:51:13,2026-09-25 10:51:53,2026-09-25 11:06:14,2,900
KDS-ORD-20260925-14372,ORD-20260925-14372,MCH-103,DEV-103-POS,2026-09-25 12:44:38,2026-09-25 12:44:58,2026-09-25 12:45:36,2026-09-25 13:17:18,13,720
KDS-ORD-20260925-14373,ORD-20260925-14373,MCH-102,DEV-102-POS,2026-09-25 06:55:10,2026-09-25 06:55:30,2026-09-25 06:55:38,2026-09-25 07:12:16,5,720
KDS-ORD-20260925-14374,ORD-20260925-14374,MCH-102,DEV-102-POS,2026-09-25 13:41:51,2026-09-25 13:42:11,2026-09-25 13:42:29,2026-09-25 14:08:02,7,720
KDS-ORD-20260925-14375,ORD-20260925-14375,MCH-107,DEV-107-POS,2026-09-25 14:18:06,2026-09-25 14:18:26,2026-09-25 14:18:53,2026-09-25 14:59:00,13,900
KDS-ORD-20260925-14376,ORD-20260925-14376,MCH-113,DEV-113-POS,2026-09-25 14:56:30,2026-09-25 14:56:50,2026-09-25 14:56:59,2026-09-25 15:33:57,14,720
KDS-ORD-20260925-14377,ORD-20260925-14377,MCH-101,DEV-101-POS,2026-09-25 12:20:51,2026-09-25 12:21:11,2026-09-25 12:21:07,2026-09-25 12:47:55,8,720
KDS-ORD-20260925-14378,ORD-20260925-14378,MCH-114,DEV-114-POS,2026-09-25 20:48:15,2026-09-25 20:48:35,2026-09-25 20:48:56,2026-09-25 21:22:22,14,720
KDS-ORD-20260925-14379,ORD-20260925-14379,MCH-103,DEV-103-POS,2026-09-25 09:03:09,2026-09-25 09:03:29,2026-09-25 09:03:34,2026-09-25 09:21:19,5,720
KDS-ORD-20260925-14380,ORD-20260925-14380,MCH-103,DEV-103-POS,2026-09-25 14:55:20,2026-09-25 14:55:40,2026-09-25 14:55:43,2026-09-25 15:19:03,7,720
KDS-ORD-20260925-14381,ORD-20260925-14381,MCH-104,DEV-104-POS,2026-09-25 06:07:14,2026-09-25 06:07:34,2026-09-25 06:07:45,2026-09-25 06:27:24,3,1080
KDS-ORD-20260925-14382,ORD-20260925-14382,MCH-106,DEV-106-POS,2026-09-25 07:30:10,2026-09-25 07:30:30,2026-09-25 07:30:46,2026-09-25 07:46:52,3,720
KDS-ORD-20260925-14383,ORD-20260925-14383,MCH-106,DEV-106-POS,2026-09-25 16:30:40,2026-09-25 16:31:00,2026-09-25 16:31:06,2026-09-25 16:48:33,4,720
KDS-ORD-20260925-14384,ORD-20260925-14384,MCH-110,DEV-110-POS,2026-09-25 16:36:50,2026-09-25 16:37:10,2026-09-25 16:37:30,2026-09-25 16:54:03,4,720
KDS-ORD-20260925-14385,ORD-20260925-14385,MCH-109,DEV-109-POS,2026-09-25 21:03:09,2026-09-25 21:03:29,2026-09-25 21:04:07,2026-09-25 21:40:11,14,900
KDS-ORD-20260925-14386,ORD-20260925-14386,MCH-113,DEV-113-POS,2026-09-25 16:32:42,2026-09-25 16:33:02,2026-09-25 16:33:11,2026-09-25 16:51:48,6,720
KDS-ORD-20260925-14387,ORD-20260925-14387,MCH-108,DEV-108-POS,2026-09-25 22:20:35,2026-09-25 22:20:55,2026-09-25 22:21:00,2026-09-25 22:40:10,2,900
KDS-ORD-20260925-14388,ORD-20260925-14388,MCH-113,DEV-113-POS,2026-09-25 06:02:10,2026-09-25 06:02:30,2026-09-25 06:03:02,2026-09-25 06:17:39,2,720
KDS-ORD-20260925-14389,ORD-20260925-14389,MCH-106,DEV-106-POS,2026-09-25 08:27:14,2026-09-25 08:27:34,2026-09-25 08:27:38,2026-09-25 08:44:45,4,720
KDS-ORD-20260925-14390,ORD-20260925-14390,MCH-113,DEV-113-POS,2026-09-25 06:31:39,2026-09-25 06:31:59,2026-09-25 06:32:23,2026-09-25 06:45:48,3,720
KDS-ORD-20260925-14391,ORD-20260925-14391,MCH-114,DEV-114-POS,2026-09-25 10:52:19,2026-09-25 10:52:39,2026-09-25 10:53:18,2026-09-25 11:07:40,6,720
KDS-ORD-20260925-14392,ORD-20260925-14392,MCH-111,DEV-111-POS,2026-09-25 15:42:27,2026-09-25 15:42:47,2026-09-25 15:42:50,2026-09-25 16:01:30,2,1080
KDS-ORD-20260925-14393,ORD-20260925-14393,MCH-114,DEV-114-POS,2026-09-25 18:25:00,2026-09-25 18:25:20,2026-09-25 18:25:29,2026-09-25 18:45:55,5,720
KDS-ORD-20260925-14394,ORD-20260925-14394,MCH-109,DEV-109-POS,2026-09-25 06:38:03,2026-09-25 06:38:23,2026-09-25 06:38:57,2026-09-25 06:53:38,2,900
KDS-ORD-20260925-14395,ORD-20260925-14395,MCH-112,DEV-112-POS,2026-09-25 21:51:53,2026-09-25 21:52:13,2026-09-25 21:52:25,2026-09-25 22:24:23,10,900
KDS-ORD-20260925-14396,ORD-20260925-14396,MCH-113,DEV-113-POS,2026-09-25 20:52:11,2026-09-25 20:52:31,2026-09-25 20:52:49,2026-09-25 21:19:09,12,720
KDS-ORD-20260925-14397,ORD-20260925-14397,MCH-113,DEV-113-POS,2026-09-25 11:09:24,2026-09-25 11:09:44,2026-09-25 11:10:19,2026-09-25 11:23:15,2,720
KDS-ORD-20260925-14398,ORD-20260925-14398,MCH-104,DEV-104-POS,2026-09-25 07:42:09,2026-09-25 07:42:29,2026-09-25 07:42:41,2026-09-25 08:07:42,6,1080
KDS-ORD-20260925-14399,ORD-20260925-14399,MCH-111,DEV-111-POS,2026-09-25 09:00:23,2026-09-25 09:00:43,2026-09-25 09:01:10,2026-09-25 09:19:52,2,1080
KDS-ORD-20260925-14400,ORD-20260925-14400,MCH-115,DEV-115-POS,2026-09-25 08:34:50,2026-09-25 08:35:10,2026-09-25 08:35:44,2026-09-25 08:55:27,4,1080
KDS-ORD-20260925-14401,ORD-20260925-14401,MCH-103,DEV-103-POS,2026-09-25 08:41:19,2026-09-25 08:41:39,2026-09-25 08:42:08,2026-09-25 08:56:34,2,720
KDS-ORD-20260925-14402,ORD-20260925-14402,MCH-103,DEV-103-POS,2026-09-25 14:35:30,2026-09-25 14:35:50,2026-09-25 14:36:21,2026-09-25 15:04:14,16,720
KDS-ORD-20260925-14403,ORD-20260925-14403,MCH-115,DEV-115-POS,2026-09-25 11:50:55,2026-09-25 11:51:15,2026-09-25 11:51:10,2026-09-25 12:11:54,5,1080
KDS-ORD-20260925-14404,ORD-20260925-14404,MCH-101,DEV-101-POS,2026-09-25 12:56:09,2026-09-25 12:56:29,2026-09-25 12:57:04,2026-09-25 13:22:14,13,720
KDS-ORD-20260925-14405,ORD-20260925-14405,MCH-112,DEV-112-POS,2026-09-25 23:19:21,2026-09-25 23:19:41,2026-09-25 23:19:44,2026-09-25 23:37:44,4,900
KDS-ORD-20260925-14406,ORD-20260925-14406,MCH-101,DEV-101-POS,2026-09-25 19:34:30,2026-09-25 19:34:50,2026-09-25 19:34:56,2026-09-25 20:03:28,11,720
KDS-ORD-20260925-14407,ORD-20260925-14407,MCH-102,DEV-102-POS,2026-09-25 22:25:06,2026-09-25 22:25:26,2026-09-25 22:25:39,2026-09-25 22:38:58,3,720
KDS-ORD-20260925-14408,ORD-20260925-14408,MCH-104,DEV-104-POS,2026-09-25 09:51:53,2026-09-25 09:52:13,2026-09-25 09:52:41,2026-09-25 10:12:54,4,1080
KDS-ORD-20260925-14409,ORD-20260925-14409,MCH-115,DEV-115-POS,2026-09-25 12:59:48,2026-09-25 13:00:08,2026-09-25 13:00:09,2026-09-25 13:39:05,15,1080
KDS-ORD-20260925-14410,ORD-20260925-14410,MCH-108,DEV-108-POS,2026-09-25 16:37:26,2026-09-25 16:37:46,2026-09-25 16:38:11,2026-09-25 16:57:22,4,900
KDS-ORD-20260925-14411,ORD-20260925-14411,MCH-106,DEV-106-POS,2026-09-25 07:12:30,2026-09-25 07:12:50,2026-09-25 07:13:09,2026-09-25 07:30:11,5,720
KDS-ORD-20260925-14412,ORD-20260925-14412,MCH-101,DEV-101-POS,2026-09-25 00:12:22,2026-09-25 00:12:42,2026-09-25 00:12:53,2026-09-25 00:28:48,6,720
KDS-ORD-20260925-14413,ORD-20260925-14413,MCH-108,DEV-108-POS,2026-09-25 18:16:20,2026-09-25 18:16:40,2026-09-25 18:16:50,2026-09-25 18:37:56,6,900
KDS-ORD-20260925-14414,ORD-20260925-14414,MCH-110,DEV-110-POS,2026-09-25 18:31:02,2026-09-25 18:31:22,2026-09-25 18:31:56,2026-09-25 18:46:47,5,720
KDS-ORD-20260925-14415,ORD-20260925-14415,MCH-109,DEV-109-POS,2026-09-25 13:18:49,2026-09-25 13:19:09,2026-09-25 13:19:08,2026-09-25 13:51:40,11,900
KDS-ORD-20260925-14416,ORD-20260925-14416,MCH-105,DEV-105-POS,2026-09-25 15:03:25,2026-09-25 15:03:45,2026-09-25 15:03:48,2026-09-25 15:35:14,10,900
KDS-ORD-20260925-14417,ORD-20260925-14417,MCH-106,DEV-106-POS,2026-09-25 13:16:41,2026-09-25 13:17:01,2026-09-25 13:17:30,2026-09-25 13:51:03,14,720
KDS-ORD-20260925-14418,ORD-20260925-14418,MCH-102,DEV-102-POS,2026-09-25 04:29:50,2026-09-25 04:30:10,2026-09-25 04:30:09,2026-09-25 04:51:27,5,720
KDS-ORD-20260925-14419,ORD-20260925-14419,MCH-101,DEV-101-POS,2026-09-25 12:11:40,2026-09-25 12:12:00,2026-09-25 12:12:25,2026-09-25 12:47:52,12,720
KDS-ORD-20260925-14420,ORD-20260925-14420,MCH-102,DEV-102-POS,2026-09-25 09:49:55,2026-09-25 09:50:15,2026-09-25 09:50:13,2026-09-25 10:04:28,2,720
KDS-ORD-20260925-14421,ORD-20260925-14421,MCH-106,DEV-106-POS,2026-09-25 08:00:58,2026-09-25 08:01:18,2026-09-25 08:01:23,2026-09-25 08:16:02,4,720
KDS-ORD-20260925-14422,ORD-20260925-14422,MCH-114,DEV-114-POS,2026-09-25 22:40:43,2026-09-25 22:41:03,2026-09-25 22:41:16,2026-09-25 22:57:12,5,720
KDS-ORD-20260925-14423,ORD-20260925-14423,MCH-112,DEV-112-POS,2026-09-25 17:58:35,2026-09-25 17:58:55,2026-09-25 17:59:23,2026-09-25 18:17:43,6,900
KDS-ORD-20260925-14424,ORD-20260925-14424,MCH-103,DEV-103-POS,2026-09-25 19:56:41,2026-09-25 19:57:01,2026-09-25 19:57:23,2026-09-25 20:22:19,11,720
KDS-ORD-20260925-14425,ORD-20260925-14425,MCH-109,DEV-109-POS,2026-09-25 12:51:27,2026-09-25 12:51:47,2026-09-25 12:51:54,2026-09-25 13:25:34,9,900
KDS-ORD-20260925-14426,ORD-20260925-14426,MCH-106,DEV-106-POS,2026-09-25 12:27:41,2026-09-25 12:28:01,2026-09-25 12:28:24,2026-09-25 12:57:55,13,720
KDS-ORD-20260925-14427,ORD-20260925-14427,MCH-106,DEV-106-POS,2026-09-25 11:12:35,2026-09-25 11:12:55,2026-09-25 11:13:16,2026-09-25 11:23:31,3,720
KDS-ORD-20260925-14428,ORD-20260925-14428,MCH-111,DEV-111-POS,2026-09-25 08:12:03,2026-09-25 08:12:23,2026-09-25 08:12:20,2026-09-25 08:34:48,3,1080
KDS-ORD-20260925-14429,ORD-20260925-14429,MCH-112,DEV-112-POS,2026-09-25 10:37:23,2026-09-25 10:37:43,2026-09-25 10:38:03,2026-09-25 10:58:16,4,900
KDS-ORD-20260925-14430,ORD-20260925-14430,MCH-113,DEV-113-POS,2026-09-25 20:44:38,2026-09-25 20:44:58,2026-09-25 20:45:19,2026-09-25 21:17:23,14,720
KDS-ORD-20260925-14431,ORD-20260925-14431,MCH-109,DEV-109-POS,2026-09-25 19:43:14,2026-09-25 19:43:34,2026-09-25 19:44:02,2026-09-25 20:18:45,15,900
KDS-ORD-20260925-14432,ORD-20260925-14432,MCH-106,DEV-106-POS,2026-09-25 15:22:27,2026-09-25 15:22:47,2026-09-25 15:22:50,2026-09-25 15:40:31,6,720
KDS-ORD-20260925-14433,ORD-20260925-14433,MCH-105,DEV-105-POS,2026-09-25 13:43:23,2026-09-25 13:43:43,2026-09-25 13:43:59,2026-09-25 14:13:09,7,900
KDS-ORD-20260925-14434,ORD-20260925-14434,MCH-103,DEV-103-POS,2026-09-25 21:43:10,2026-09-25 21:43:30,2026-09-25 21:43:31,,7,720
KDS-ORD-20260925-14435,ORD-20260925-14435,MCH-105,DEV-105-POS,2026-09-25 07:31:37,2026-09-25 07:31:57,2026-09-25 07:32:27,2026-09-25 07:50:49,2,900
KDS-ORD-20260925-14436,ORD-20260925-14436,MCH-110,DEV-110-POS,2026-09-25 11:26:58,2026-09-25 11:27:18,2026-09-25 11:27:55,2026-09-25 11:42:44,5,720
KDS-ORD-20260925-14437,ORD-20260925-14437,MCH-102,DEV-102-POS,2026-09-25 12:51:00,2026-09-25 12:51:20,2026-09-25 12:51:17,,9,720
KDS-ORD-20260925-14438,ORD-20260925-14438,MCH-115,DEV-115-POS,2026-09-25 20:48:36,2026-09-25 20:48:56,2026-09-25 20:49:15,2026-09-25 21:27:09,9,1080
KDS-ORD-20260925-14439,ORD-20260925-14439,MCH-108,DEV-108-POS,2026-09-25 23:57:36,2026-09-25 23:57:56,2026-09-25 23:58:02,2026-09-26 00:21:02,5,900
KDS-ORD-20260925-14440,ORD-20260925-14440,MCH-115,DEV-115-POS,2026-09-25 12:00:22,2026-09-25 12:00:42,2026-09-25 12:01:11,2026-09-25 12:24:44,5,1080
KDS-ORD-20260925-14441,ORD-20260925-14441,MCH-104,DEV-104-POS,2026-09-25 21:58:12,2026-09-25 21:58:32,2026-09-25 21:59:08,2026-09-25 22:35:24,8,1080
KDS-ORD-20260925-14442,ORD-20260925-14442,MCH-103,DEV-103-POS,2026-09-25 20:44:33,2026-09-25 20:44:53,2026-09-25 20:45:29,2026-09-25 21:14:38,16,720
KDS-ORD-20260925-14443,ORD-20260925-14443,MCH-109,DEV-109-POS,2026-09-25 10:49:23,2026-09-25 10:49:43,2026-09-25 10:50:21,2026-09-25 11:08:11,3,900
KDS-ORD-20260925-14444,ORD-20260925-14444,MCH-112,DEV-112-POS,2026-09-25 13:19:08,2026-09-25 13:19:28,2026-09-25 13:19:32,2026-09-25 14:03:24,14,900
KDS-ORD-20260925-14445,ORD-20260925-14445,MCH-115,DEV-115-POS,2026-09-25 13:52:06,2026-09-25 13:52:26,2026-09-25 13:52:24,2026-09-25 14:26:46,9,1080
KDS-ORD-20260925-14446,ORD-20260925-14446,MCH-102,DEV-102-POS,2026-09-25 22:45:50,2026-09-25 22:46:10,2026-09-25 22:46:43,2026-09-25 22:59:20,6,720
KDS-ORD-20260925-14447,ORD-20260925-14447,MCH-105,DEV-105-POS,2026-09-25 10:31:01,2026-09-25 10:31:21,2026-09-25 10:31:50,2026-09-25 10:49:04,3,900
KDS-ORD-20260925-14448,ORD-20260925-14448,MCH-112,DEV-112-POS,2026-09-25 20:12:30,2026-09-25 20:12:50,2026-09-25 20:12:49,2026-09-25 20:40:45,12,900
KDS-ORD-20260925-14449,ORD-20260925-14449,MCH-108,DEV-108-POS,2026-09-25 12:41:16,2026-09-25 12:41:36,2026-09-25 12:41:33,2026-09-25 13:11:56,6,900
KDS-ORD-20260925-14450,ORD-20260925-14450,MCH-103,DEV-103-POS,2026-09-25 20:00:03,2026-09-25 20:00:23,2026-09-25 20:00:54,2026-09-25 20:24:22,12,720
KDS-ORD-20260925-14451,ORD-20260925-14451,MCH-107,DEV-107-POS,2026-09-25 13:59:04,2026-09-25 13:59:24,2026-09-25 13:59:51,2026-09-25 14:29:37,10,900
KDS-ORD-20260925-14452,ORD-20260925-14452,MCH-112,DEV-112-POS,2026-09-25 16:20:32,2026-09-25 16:20:52,2026-09-25 16:20:53,2026-09-25 16:36:36,3,900
KDS-ORD-20260925-14453,ORD-20260925-14453,MCH-108,DEV-108-POS,2026-09-25 20:18:16,2026-09-25 20:18:36,2026-09-25 20:19:06,2026-09-25 20:56:23,15,900
KDS-ORD-20260925-14454,ORD-20260925-14454,MCH-112,DEV-112-POS,2026-09-25 20:27:34,2026-09-25 20:27:54,2026-09-25 20:28:21,,9,900
KDS-ORD-20260925-14455,ORD-20260925-14455,MCH-103,DEV-103-POS,2026-09-25 20:40:11,2026-09-25 20:40:31,2026-09-25 20:40:51,2026-09-25 21:04:49,9,720
KDS-ORD-20260925-14456,ORD-20260925-14456,MCH-110,DEV-110-POS,2026-09-25 06:32:42,2026-09-25 06:33:02,2026-09-25 06:33:01,2026-09-25 06:51:45,6,720
KDS-ORD-20260925-14457,ORD-20260925-14457,MCH-103,DEV-103-POS,2026-09-25 20:00:00,2026-09-25 20:00:20,2026-09-25 20:00:53,2026-09-25 20:30:50,9,720
KDS-ORD-20260925-14458,ORD-20260925-14458,MCH-113,DEV-113-POS,2026-09-25 09:08:46,2026-09-25 09:09:06,2026-09-25 09:09:24,2026-09-25 09:24:26,4,720
KDS-ORD-20260925-14459,ORD-20260925-14459,MCH-104,DEV-104-POS,2026-09-25 13:51:03,2026-09-25 13:51:23,2026-09-25 13:51:59,2026-09-25 14:25:13,10,1080
KDS-ORD-20260925-14460,ORD-20260925-14460,MCH-112,DEV-112-POS,2026-09-25 15:59:19,2026-09-25 15:59:39,2026-09-25 15:59:41,2026-09-25 16:21:20,6,900
KDS-ORD-20260925-14461,ORD-20260925-14461,MCH-110,DEV-110-POS,2026-09-25 13:26:26,2026-09-25 13:26:46,2026-09-25 13:26:43,2026-09-25 13:48:46,8,720
KDS-ORD-20260925-14462,ORD-20260925-14462,MCH-108,DEV-108-POS,2026-09-25 14:11:11,2026-09-25 14:11:31,2026-09-25 14:11:49,2026-09-25 14:38:23,6,900
KDS-ORD-20260925-14463,ORD-20260925-14463,MCH-113,DEV-113-POS,2026-09-25 23:55:41,2026-09-25 23:56:01,2026-09-25 23:56:07,2026-09-26 00:09:38,2,720
KDS-ORD-20260925-14464,ORD-20260925-14464,MCH-101,DEV-101-POS,2026-09-25 09:32:32,2026-09-25 09:32:52,2026-09-25 09:33:32,2026-09-25 09:49:22,2,720
KDS-ORD-20260925-14465,ORD-20260925-14465,MCH-110,DEV-110-POS,2026-09-25 18:02:02,2026-09-25 18:02:22,2026-09-25 18:02:45,2026-09-25 18:19:04,5,720
KDS-ORD-20260925-14466,ORD-20260925-14466,MCH-114,DEV-114-POS,2026-09-25 12:32:56,2026-09-25 12:33:16,2026-09-25 12:33:15,2026-09-25 13:12:34,15,720
KDS-ORD-20260925-14467,ORD-20260925-14467,MCH-104,DEV-104-POS,2026-09-25 09:50:18,2026-09-25 09:50:38,2026-09-25 09:50:50,2026-09-25 10:09:07,2,1080
KDS-ORD-20260925-14468,ORD-20260925-14468,MCH-103,DEV-103-POS,2026-09-25 09:36:00,2026-09-25 09:36:20,2026-09-25 09:36:17,2026-09-25 09:55:32,6,720
KDS-ORD-20260925-14469,ORD-20260925-14469,MCH-113,DEV-113-POS,2026-09-25 22:44:02,2026-09-25 22:44:22,2026-09-25 22:44:56,2026-09-25 23:04:20,5,720
KDS-ORD-20260925-14470,ORD-20260925-14470,MCH-105,DEV-105-POS,2026-09-25 21:14:37,2026-09-25 21:14:57,2026-09-25 21:15:16,2026-09-25 21:44:58,6,900
KDS-ORD-20260925-14471,ORD-20260925-14471,MCH-103,DEV-103-POS,2026-09-25 21:12:41,2026-09-25 21:13:01,2026-09-25 21:13:14,2026-09-25 21:49:33,12,720
KDS-ORD-20260925-14472,ORD-20260925-14472,MCH-110,DEV-110-POS,2026-09-25 23:46:54,2026-09-25 23:47:14,2026-09-25 23:47:28,2026-09-26 00:02:41,3,720
KDS-ORD-20260925-14473,ORD-20260925-14473,MCH-110,DEV-110-POS,2026-09-25 10:41:01,2026-09-25 10:41:21,2026-09-25 10:41:50,2026-09-25 10:58:11,2,720
KDS-ORD-20260925-14474,ORD-20260925-14474,MCH-104,DEV-104-POS,2026-09-25 12:51:40,2026-09-25 12:52:00,2026-09-25 12:52:36,2026-09-25 13:34:35,13,1080
KDS-ORD-20260925-14475,ORD-20260925-14475,MCH-103,DEV-103-POS,2026-09-25 18:10:12,2026-09-25 18:10:32,2026-09-25 18:10:34,2026-09-25 18:24:47,3,720
KDS-ORD-20260925-14476,ORD-20260925-14476,MCH-103,DEV-103-POS,2026-09-25 14:27:45,2026-09-25 14:28:05,2026-09-25 14:28:22,2026-09-25 14:54:55,9,720
KDS-ORD-20260925-14477,ORD-20260925-14477,MCH-102,DEV-102-POS,2026-09-25 13:38:15,2026-09-25 13:38:35,2026-09-25 13:39:07,2026-09-25 14:05:20,7,720
KDS-ORD-20260925-14478,ORD-20260925-14478,MCH-115,DEV-115-POS,2026-09-25 12:17:02,2026-09-25 12:17:22,2026-09-25 12:17:48,2026-09-25 12:54:40,8,1080
KDS-ORD-20260925-14479,ORD-20260925-14479,MCH-106,DEV-106-POS,2026-09-25 17:04:41,2026-09-25 17:05:01,2026-09-25 17:05:34,2026-09-25 17:21:26,4,720
KDS-ORD-20260925-14480,ORD-20260925-14480,MCH-102,DEV-102-POS,2026-09-25 16:29:09,2026-09-25 16:29:29,2026-09-25 16:29:39,2026-09-25 16:48:14,6,720
KDS-ORD-20260925-14481,ORD-20260925-14481,MCH-115,DEV-115-POS,2026-09-25 09:08:06,2026-09-25 09:08:26,2026-09-25 09:08:24,2026-09-25 09:31:38,4,1080
KDS-ORD-20260925-14482,ORD-20260925-14482,MCH-105,DEV-105-POS,2026-09-25 13:28:23,2026-09-25 13:28:43,2026-09-25 13:28:53,2026-09-25 14:04:32,10,900
KDS-ORD-20260925-14483,ORD-20260925-14483,MCH-110,DEV-110-POS,2026-09-25 15:08:58,2026-09-25 15:09:18,2026-09-25 15:09:23,2026-09-25 15:21:55,4,720
KDS-ORD-20260925-14484,ORD-20260925-14484,MCH-114,DEV-114-POS,2026-09-25 16:26:21,2026-09-25 16:26:41,2026-09-25 16:26:59,2026-09-25 16:37:37,2,720
KDS-ORD-20260925-14485,ORD-20260925-14485,MCH-111,DEV-111-POS,2026-09-25 10:46:21,2026-09-25 10:46:41,2026-09-25 10:46:46,2026-09-25 11:10:25,6,1080
KDS-ORD-20260925-14486,ORD-20260925-14486,MCH-113,DEV-113-POS,2026-09-25 19:20:09,2026-09-25 19:20:29,2026-09-25 19:20:33,2026-09-25 19:56:52,13,720
KDS-ORD-20260925-14487,ORD-20260925-14487,MCH-110,DEV-110-POS,2026-09-25 04:51:25,2026-09-25 04:51:45,2026-09-25 04:52:25,2026-09-25 05:08:18,6,720
KDS-ORD-20260925-14488,ORD-20260925-14488,MCH-107,DEV-107-POS,2026-09-25 12:22:48,2026-09-25 12:23:08,2026-09-25 12:23:25,2026-09-25 12:52:36,6,900
KDS-ORD-20260925-14489,ORD-20260925-14489,MCH-109,DEV-109-POS,2026-09-25 20:46:09,2026-09-25 20:46:29,2026-09-25 20:46:27,2026-09-25 21:15:53,11,900
KDS-ORD-20260925-14490,ORD-20260925-14490,MCH-112,DEV-112-POS,2026-09-25 16:26:32,2026-09-25 16:26:52,2026-09-25 16:27:04,2026-09-25 16:42:52,4,900
KDS-ORD-20260925-14491,ORD-20260925-14491,MCH-112,DEV-112-POS,2026-09-25 12:01:24,2026-09-25 12:01:44,2026-09-25 12:02:18,2026-09-25 12:15:47,2,900
KDS-ORD-20260925-14492,ORD-20260925-14492,MCH-113,DEV-113-POS,2026-09-25 19:46:35,2026-09-25 19:46:55,2026-09-25 19:47:29,2026-09-25 20:11:35,8,720
KDS-ORD-20260925-14493,ORD-20260925-14493,MCH-105,DEV-105-POS,2026-09-25 16:49:34,2026-09-25 16:49:54,2026-09-25 16:50:28,2026-09-25 17:09:41,5,900
KDS-ORD-20260925-14494,ORD-20260925-14494,MCH-102,DEV-102-POS,2026-09-25 20:38:17,2026-09-25 20:38:37,2026-09-25 20:39:10,2026-09-25 21:12:12,14,720
KDS-ORD-20260925-14495,ORD-20260925-14495,MCH-103,DEV-103-POS,2026-09-25 19:31:34,2026-09-25 19:31:54,2026-09-25 19:32:10,2026-09-25 20:02:13,13,720
KDS-ORD-20260925-14496,ORD-20260925-14496,MCH-101,DEV-101-POS,2026-09-25 17:31:48,2026-09-25 17:32:08,2026-09-25 17:32:14,2026-09-25 17:49:18,4,720
KDS-ORD-20260925-14497,ORD-20260925-14497,MCH-102,DEV-102-POS,2026-09-25 14:16:36,2026-09-25 14:16:56,2026-09-25 14:17:10,2026-09-25 14:48:06,11,720
KDS-ORD-20260925-14498,ORD-20260925-14498,MCH-102,DEV-102-POS,2026-09-25 09:36:21,2026-09-25 09:36:41,2026-09-25 09:37:16,2026-09-25 09:53:21,3,720
KDS-ORD-20260925-14499,ORD-20260925-14499,MCH-113,DEV-113-POS,2026-09-25 11:31:36,2026-09-25 11:31:56,2026-09-25 11:32:03,2026-09-25 11:45:46,2,720
KDS-ORD-20260925-14500,ORD-20260925-14500,MCH-111,DEV-111-POS,2026-09-25 13:43:45,2026-09-25 13:44:05,2026-09-25 13:44:02,2026-09-25 14:20:10,8,1080
KDS-ORD-20260925-14501,ORD-20260925-14501,MCH-101,DEV-101-POS,2026-09-25 17:19:56,2026-09-25 17:20:16,2026-09-25 17:20:42,2026-09-25 17:38:53,6,720
KDS-ORD-20260925-14502,ORD-20260925-14502,MCH-115,DEV-115-POS,2026-09-25 14:53:34,2026-09-25 14:53:54,2026-09-25 14:53:58,2026-09-25 15:37:14,16,1080
KDS-ORD-20260925-14503,ORD-20260925-14503,MCH-114,DEV-114-POS,2026-09-25 11:04:58,2026-09-25 11:05:18,2026-09-25 11:05:37,2026-09-25 11:19:43,3,720
KDS-ORD-20260925-14504,ORD-20260925-14504,MCH-106,DEV-106-POS,2026-09-25 00:03:00,2026-09-25 00:03:20,2026-09-25 00:03:37,2026-09-25 00:19:49,4,720
KDS-ORD-20260925-14505,ORD-20260925-14505,MCH-114,DEV-114-POS,2026-09-25 14:21:12,2026-09-25 14:21:32,2026-09-25 14:21:33,2026-09-25 14:41:53,8,720
KDS-ORD-20260925-14506,ORD-20260925-14506,MCH-105,DEV-105-POS,2026-09-25 11:05:28,2026-09-25 11:05:48,2026-09-25 11:06:11,2026-09-25 11:27:56,6,900
KDS-ORD-20260925-14507,ORD-20260925-14507,MCH-103,DEV-103-POS,2026-09-25 19:00:57,2026-09-25 19:01:17,2026-09-25 19:01:54,2026-09-25 19:30:02,12,720
KDS-ORD-20260925-14508,ORD-20260925-14508,MCH-110,DEV-110-POS,2026-09-25 04:04:08,2026-09-25 04:04:28,2026-09-25 04:05:00,2026-09-25 04:20:18,2,720
KDS-ORD-20260925-14509,ORD-20260925-14509,MCH-104,DEV-104-POS,2026-09-25 16:11:50,2026-09-25 16:12:10,2026-09-25 16:12:25,2026-09-25 16:31:01,3,1080
KDS-ORD-20260925-14510,ORD-20260925-14510,MCH-103,DEV-103-POS,2026-09-25 21:07:38,2026-09-25 21:07:58,2026-09-25 21:08:10,2026-09-25 21:34:32,9,720
KDS-ORD-20260925-14511,ORD-20260925-14511,MCH-111,DEV-111-POS,2026-09-25 09:10:10,2026-09-25 09:10:30,2026-09-25 09:10:58,2026-09-25 09:28:21,2,1080
KDS-ORD-20260925-14512,ORD-20260925-14512,MCH-101,DEV-101-POS,2026-09-25 13:22:39,2026-09-25 13:22:59,2026-09-25 13:22:57,2026-09-25 14:00:14,14,720
KDS-ORD-20260925-14513,ORD-20260925-14513,MCH-106,DEV-106-POS,2026-09-25 07:43:37,2026-09-25 07:43:57,2026-09-25 07:44:19,2026-09-25 07:56:47,3,720
KDS-ORD-20260925-14514,ORD-20260925-14514,MCH-108,DEV-108-POS,2026-09-25 18:42:47,2026-09-25 18:43:07,2026-09-25 18:43:37,2026-09-25 19:01:02,4,900
KDS-ORD-20260925-14515,ORD-20260925-14515,MCH-106,DEV-106-POS,2026-09-25 15:24:52,2026-09-25 15:25:12,2026-09-25 15:25:52,2026-09-25 15:43:22,6,720
KDS-ORD-20260925-14516,ORD-20260925-14516,MCH-105,DEV-105-POS,2026-09-25 13:10:47,2026-09-25 13:11:07,2026-09-25 13:11:05,2026-09-25 13:44:11,11,900
KDS-ORD-20260925-14517,ORD-20260925-14517,MCH-108,DEV-108-POS,2026-09-25 14:02:13,2026-09-25 14:02:33,2026-09-25 14:02:30,2026-09-25 14:42:23,14,900
KDS-ORD-20260925-14518,ORD-20260925-14518,MCH-112,DEV-112-POS,2026-09-25 21:48:48,2026-09-25 21:49:08,2026-09-25 21:49:24,2026-09-25 22:26:07,12,900
KDS-ORD-20260925-14519,ORD-20260925-14519,MCH-110,DEV-110-POS,2026-09-25 10:32:08,2026-09-25 10:32:28,2026-09-25 10:32:40,2026-09-25 10:45:03,2,720
KDS-ORD-20260925-14520,ORD-20260925-14520,MCH-103,DEV-103-POS,2026-09-25 04:36:02,2026-09-25 04:36:22,2026-09-25 04:36:23,2026-09-25 04:55:38,6,720
KDS-ORD-20260925-14521,ORD-20260925-14521,MCH-103,DEV-103-POS,2026-09-25 20:18:20,2026-09-25 20:18:40,2026-09-25 20:18:53,2026-09-25 20:36:45,7,720
KDS-ORD-20260925-14522,ORD-20260925-14522,MCH-104,DEV-104-POS,2026-09-25 16:40:14,2026-09-25 16:40:34,2026-09-25 16:40:29,2026-09-25 17:03:46,5,1080
KDS-ORD-20260925-14523,ORD-20260925-14523,MCH-111,DEV-111-POS,2026-09-25 21:01:58,2026-09-25 21:02:18,2026-09-25 21:02:18,2026-09-25 21:40:40,13,1080
KDS-ORD-20260925-14524,ORD-20260925-14524,MCH-104,DEV-104-POS,2026-09-25 17:29:18,2026-09-25 17:29:38,2026-09-25 17:30:07,2026-09-25 17:51:54,6,1080
KDS-ORD-20260925-14525,ORD-20260925-14525,MCH-109,DEV-109-POS,2026-09-25 20:02:28,2026-09-25 20:02:48,2026-09-25 20:02:47,2026-09-25 20:35:03,13,900
KDS-ORD-20260925-14526,ORD-20260925-14526,MCH-107,DEV-107-POS,2026-09-25 13:39:53,2026-09-25 13:40:13,2026-09-25 13:40:53,2026-09-25 14:07:56,8,900
KDS-ORD-20260925-14527,ORD-20260925-14527,MCH-113,DEV-113-POS,2026-09-25 19:56:06,2026-09-25 19:56:26,2026-09-25 19:56:50,,13,720
KDS-ORD-20260925-14528,ORD-20260925-14528,MCH-101,DEV-101-POS,2026-09-25 21:35:49,2026-09-25 21:36:09,2026-09-25 21:36:24,2026-09-25 22:04:39,8,720
KDS-ORD-20260925-14529,ORD-20260925-14529,MCH-115,DEV-115-POS,2026-09-25 16:24:17,2026-09-25 16:24:37,2026-09-25 16:25:01,2026-09-25 16:46:12,2,1080
KDS-ORD-20260925-14530,ORD-20260925-14530,MCH-106,DEV-106-POS,2026-09-25 10:19:32,2026-09-25 10:19:52,2026-09-25 10:20:18,2026-09-25 10:36:55,4,720
KDS-ORD-20260925-14531,ORD-20260925-14531,MCH-112,DEV-112-POS,2026-09-25 11:03:46,2026-09-25 11:04:06,2026-09-25 11:04:22,2026-09-25 11:24:34,6,900
KDS-ORD-20260925-14532,ORD-20260925-14532,MCH-101,DEV-101-POS,2026-09-25 10:02:57,2026-09-25 10:03:17,2026-09-25 10:03:43,2026-09-25 10:22:30,6,720
KDS-ORD-20260925-14533,ORD-20260925-14533,MCH-103,DEV-103-POS,2026-09-25 11:34:12,2026-09-25 11:34:32,2026-09-25 11:34:40,2026-09-25 11:52:44,6,720
KDS-ORD-20260925-14534,ORD-20260925-14534,MCH-109,DEV-109-POS,2026-09-25 12:10:09,2026-09-25 12:10:29,2026-09-25 12:10:34,,11,900
KDS-ORD-20260925-14535,ORD-20260925-14535,MCH-104,DEV-104-POS,2026-09-25 16:35:50,2026-09-25 16:36:10,2026-09-25 16:36:09,2026-09-25 16:58:59,4,1080
KDS-ORD-20260925-14536,ORD-20260925-14536,MCH-103,DEV-103-POS,2026-09-25 17:51:51,2026-09-25 17:52:11,2026-09-25 17:52:23,2026-09-25 18:10:23,5,720
KDS-ORD-20260925-14537,ORD-20260925-14537,MCH-107,DEV-107-POS,2026-09-25 13:59:19,2026-09-25 13:59:39,2026-09-25 14:00:19,,9,900
KDS-ORD-20260925-14538,ORD-20260925-14538,MCH-107,DEV-107-POS,2026-09-25 17:39:46,2026-09-25 17:40:06,2026-09-25 17:40:41,2026-09-25 18:02:38,6,900
KDS-ORD-20260925-14539,ORD-20260925-14539,MCH-108,DEV-108-POS,2026-09-25 07:01:32,2026-09-25 07:01:52,2026-09-25 07:01:57,2026-09-25 07:20:58,6,900
KDS-ORD-20260925-14540,ORD-20260925-14540,MCH-112,DEV-112-POS,2026-09-25 07:54:10,2026-09-25 07:54:30,2026-09-25 07:55:04,2026-09-25 08:16:52,6,900
KDS-ORD-20260925-14541,ORD-20260925-14541,MCH-101,DEV-101-POS,2026-09-25 09:42:06,2026-09-25 09:42:26,2026-09-25 09:42:39,2026-09-25 09:56:53,3,720
KDS-ORD-20260925-14542,ORD-20260925-14542,MCH-109,DEV-109-POS,2026-09-25 14:08:13,2026-09-25 14:08:33,2026-09-25 14:09:03,2026-09-25 14:38:21,14,900
KDS-ORD-20260925-14543,ORD-20260925-14543,MCH-111,DEV-111-POS,2026-09-25 10:39:20,2026-09-25 10:39:40,2026-09-25 10:40:08,2026-09-25 11:02:49,6,1080
KDS-ORD-20260925-14544,ORD-20260925-14544,MCH-106,DEV-106-POS,2026-09-25 11:26:46,2026-09-25 11:27:06,2026-09-25 11:27:39,2026-09-25 11:45:15,6,720
KDS-ORD-20260925-14545,ORD-20260925-14545,MCH-109,DEV-109-POS,2026-09-25 13:12:22,2026-09-25 13:12:42,2026-09-25 13:13:04,,13,900
KDS-ORD-20260925-14546,ORD-20260925-14546,MCH-112,DEV-112-POS,2026-09-25 20:06:41,2026-09-25 20:07:01,2026-09-25 20:07:23,2026-09-25 20:41:49,14,900
KDS-ORD-20260925-14547,ORD-20260925-14547,MCH-101,DEV-101-POS,2026-09-25 02:46:16,2026-09-25 02:46:36,2026-09-25 02:46:45,2026-09-25 03:01:19,3,720
KDS-ORD-20260925-14548,ORD-20260925-14548,MCH-108,DEV-108-POS,2026-09-25 18:09:02,2026-09-25 18:09:22,2026-09-25 18:09:39,2026-09-25 18:27:42,6,900
KDS-ORD-20260925-14549,ORD-20260925-14549,MCH-101,DEV-101-POS,2026-09-25 18:52:27,2026-09-25 18:52:47,2026-09-25 18:52:56,2026-09-25 19:03:51,2,720
KDS-ORD-20260925-14550,ORD-20260925-14550,MCH-103,DEV-103-POS,2026-09-25 20:46:59,2026-09-25 20:47:19,2026-09-25 20:47:14,2026-09-25 21:18:06,10,720
KDS-ORD-20260925-14551,ORD-20260925-14551,MCH-112,DEV-112-POS,2026-09-25 21:14:37,2026-09-25 21:14:57,2026-09-25 21:15:25,2026-09-25 21:41:43,8,900
KDS-ORD-20260925-14552,ORD-20260925-14552,MCH-109,DEV-109-POS,2026-09-25 04:26:32,2026-09-25 04:26:52,2026-09-25 04:27:25,2026-09-25 04:43:25,4,900
KDS-ORD-20260925-14553,ORD-20260925-14553,MCH-102,DEV-102-POS,2026-09-25 09:25:15,2026-09-25 09:25:35,2026-09-25 09:26:01,2026-09-25 09:43:01,6,720
KDS-ORD-20260925-14554,ORD-20260925-14554,MCH-103,DEV-103-POS,2026-09-25 21:47:45,2026-09-25 21:48:05,2026-09-25 21:48:18,2026-09-25 22:18:13,14,720
KDS-ORD-20260925-14555,ORD-20260925-14555,MCH-115,DEV-115-POS,2026-09-25 13:39:02,2026-09-25 13:39:22,2026-09-25 13:39:31,2026-09-25 14:08:29,6,1080
KDS-ORD-20260925-14556,ORD-20260925-14556,MCH-105,DEV-105-POS,2026-09-25 16:13:43,2026-09-25 16:14:03,2026-09-25 16:14:30,2026-09-25 16:31:21,2,900
KDS-ORD-20260925-14557,ORD-20260925-14557,MCH-103,DEV-103-POS,2026-09-25 18:57:22,2026-09-25 18:57:42,2026-09-25 18:57:56,2026-09-25 19:09:53,3,720
KDS-ORD-20260925-14558,ORD-20260925-14558,MCH-110,DEV-110-POS,2026-09-25 19:59:08,2026-09-25 19:59:28,2026-09-25 19:59:50,2026-09-25 20:25:51,6,720
KDS-ORD-20260925-14559,ORD-20260925-14559,MCH-105,DEV-105-POS,2026-09-25 21:45:05,2026-09-25 21:45:25,2026-09-25 21:46:00,,8,900
KDS-ORD-20260925-14560,ORD-20260925-14560,MCH-110,DEV-110-POS,2026-09-25 23:03:16,2026-09-25 23:03:36,2026-09-25 23:04:07,2026-09-25 23:17:41,2,720
KDS-ORD-20260925-14561,ORD-20260925-14561,MCH-105,DEV-105-POS,2026-09-25 19:46:17,2026-09-25 19:46:37,2026-09-25 19:46:43,2026-09-25 20:30:28,15,900
KDS-ORD-20260925-14562,ORD-20260925-14562,MCH-101,DEV-101-POS,2026-09-25 11:10:00,2026-09-25 11:10:20,2026-09-25 11:10:48,2026-09-25 11:27:45,4,720
KDS-ORD-20260925-14563,ORD-20260925-14563,MCH-113,DEV-113-POS,2026-09-25 21:10:37,2026-09-25 21:10:57,2026-09-25 21:10:58,2026-09-25 21:40:10,14,720
KDS-ORD-20260925-14564,ORD-20260925-14564,MCH-103,DEV-103-POS,2026-09-25 06:19:18,2026-09-25 06:19:38,2026-09-25 06:19:45,2026-09-25 06:33:17,4,720
KDS-ORD-20260925-14565,ORD-20260925-14565,MCH-110,DEV-110-POS,2026-09-25 11:57:30,2026-09-25 11:57:50,2026-09-25 11:57:45,2026-09-25 12:11:46,3,720
KDS-ORD-20260925-14566,ORD-20260925-14566,MCH-113,DEV-113-POS,2026-09-25 21:44:34,2026-09-25 21:44:54,2026-09-25 21:44:57,2026-09-25 22:12:38,13,720
KDS-ORD-20260925-14567,ORD-20260925-14567,MCH-109,DEV-109-POS,2026-09-25 11:16:45,2026-09-25 11:17:05,2026-09-25 11:17:10,2026-09-25 11:37:27,5,900
KDS-ORD-20260925-14568,ORD-20260925-14568,MCH-114,DEV-114-POS,2026-09-25 10:50:06,2026-09-25 10:50:26,2026-09-25 10:50:39,2026-09-25 11:06:41,5,720
KDS-ORD-20260925-14569,ORD-20260925-14569,MCH-103,DEV-103-POS,2026-09-25 09:23:01,2026-09-25 09:23:21,2026-09-25 09:23:49,2026-09-25 09:36:11,2,720
KDS-ORD-20260925-14570,ORD-20260925-14570,MCH-111,DEV-111-POS,2026-09-25 19:58:59,2026-09-25 19:59:19,2026-09-25 19:59:37,2026-09-25 20:35:55,10,1080
KDS-ORD-20260925-14571,ORD-20260925-14571,MCH-110,DEV-110-POS,2026-09-25 14:59:30,2026-09-25 14:59:50,2026-09-25 14:59:53,2026-09-25 15:20:42,7,720
KDS-ORD-20260925-14572,ORD-20260925-14572,MCH-113,DEV-113-POS,2026-09-25 18:00:41,2026-09-25 18:01:01,2026-09-25 18:00:58,2026-09-25 18:17:07,4,720
KDS-ORD-20260925-14573,ORD-20260925-14573,MCH-110,DEV-110-POS,2026-09-25 11:42:12,2026-09-25 11:42:32,2026-09-25 11:42:43,2026-09-25 11:53:55,2,720
KDS-ORD-20260925-14574,ORD-20260925-14574,MCH-107,DEV-107-POS,2026-09-25 19:34:17,2026-09-25 19:34:37,2026-09-25 19:34:59,2026-09-25 20:09:36,13,900
KDS-ORD-20260925-14575,ORD-20260925-14575,MCH-109,DEV-109-POS,2026-09-25 19:38:36,2026-09-25 19:38:56,2026-09-25 19:39:00,,7,900
KDS-ORD-20260925-14576,ORD-20260925-14576,MCH-114,DEV-114-POS,2026-09-25 12:56:36,2026-09-25 12:56:56,2026-09-25 12:57:21,2026-09-25 13:19:22,7,720
KDS-ORD-20260925-14577,ORD-20260925-14577,MCH-103,DEV-103-POS,2026-09-25 13:15:14,2026-09-25 13:15:34,2026-09-25 13:15:30,2026-09-25 13:42:14,9,720
KDS-ORD-20260925-14578,ORD-20260925-14578,MCH-107,DEV-107-POS,2026-09-25 10:30:54,2026-09-25 10:31:14,2026-09-25 10:31:14,2026-09-25 10:50:08,5,900
KDS-ORD-20260925-14579,ORD-20260925-14579,MCH-109,DEV-109-POS,2026-09-25 22:20:29,2026-09-25 22:20:49,2026-09-25 22:20:50,2026-09-25 22:38:21,3,900
KDS-ORD-20260925-14580,ORD-20260925-14580,MCH-112,DEV-112-POS,2026-09-25 18:15:41,2026-09-25 18:16:01,2026-09-25 18:16:25,2026-09-25 18:33:08,2,900
KDS-ORD-20260925-14581,ORD-20260925-14581,MCH-112,DEV-112-POS,2026-09-25 21:04:11,2026-09-25 21:04:31,2026-09-25 21:04:59,2026-09-25 21:37:22,7,900
KDS-ORD-20260925-14582,ORD-20260925-14582,MCH-111,DEV-111-POS,2026-09-25 12:37:50,2026-09-25 12:38:10,2026-09-25 12:38:50,2026-09-25 13:18:07,14,1080
KDS-ORD-20260925-14583,ORD-20260925-14583,MCH-113,DEV-113-POS,2026-09-25 20:16:19,2026-09-25 20:16:39,2026-09-25 20:17:09,2026-09-25 20:44:27,9,720
KDS-ORD-20260925-14584,ORD-20260925-14584,MCH-112,DEV-112-POS,2026-09-25 19:40:55,2026-09-25 19:41:15,2026-09-25 19:41:48,2026-09-25 20:12:28,7,900
KDS-ORD-20260925-14585,ORD-20260925-14585,MCH-101,DEV-101-POS,2026-09-25 19:27:56,2026-09-25 19:28:16,2026-09-25 19:28:46,2026-09-25 20:03:54,14,720
KDS-ORD-20260925-14586,ORD-20260925-14586,MCH-101,DEV-101-POS,2026-09-25 22:45:59,2026-09-25 22:46:19,2026-09-25 22:46:38,2026-09-25 23:01:28,5,720
KDS-ORD-20260925-14587,ORD-20260925-14587,MCH-105,DEV-105-POS,2026-09-25 12:43:55,2026-09-25 12:44:15,2026-09-25 12:44:36,,6,900
KDS-ORD-20260925-14588,ORD-20260925-14588,MCH-103,DEV-103-POS,2026-09-25 08:59:04,2026-09-25 08:59:24,2026-09-25 08:59:31,2026-09-25 09:16:37,4,720
KDS-ORD-20260925-14589,ORD-20260925-14589,MCH-109,DEV-109-POS,2026-09-25 18:50:45,2026-09-25 18:51:05,2026-09-25 18:51:33,2026-09-25 19:05:53,2,900
KDS-ORD-20260925-14590,ORD-20260925-14590,MCH-110,DEV-110-POS,2026-09-25 19:16:47,2026-09-25 19:17:07,2026-09-25 19:17:23,2026-09-25 19:55:20,15,720
KDS-ORD-20260925-14591,ORD-20260925-14591,MCH-107,DEV-107-POS,2026-09-25 16:19:14,2026-09-25 16:19:34,2026-09-25 16:20:07,2026-09-25 16:34:00,3,900
KDS-ORD-20260925-14592,ORD-20260925-14592,MCH-107,DEV-107-POS,2026-09-25 10:31:40,2026-09-25 10:32:00,2026-09-25 10:32:06,2026-09-25 10:51:18,5,900
KDS-ORD-20260925-14593,ORD-20260925-14593,MCH-109,DEV-109-POS,2026-09-25 14:59:07,2026-09-25 14:59:27,2026-09-25 14:59:54,2026-09-25 15:30:44,9,900
KDS-ORD-20260925-14594,ORD-20260925-14594,MCH-107,DEV-107-POS,2026-09-25 12:46:17,2026-09-25 12:46:37,2026-09-25 12:46:51,2026-09-25 13:20:47,10,900
KDS-ORD-20260925-14595,ORD-20260925-14595,MCH-101,DEV-101-POS,2026-09-25 13:47:50,2026-09-25 13:48:10,2026-09-25 13:48:48,,7,720
KDS-ORD-20260925-14596,ORD-20260925-14596,MCH-114,DEV-114-POS,2026-09-25 18:53:36,2026-09-25 18:53:56,2026-09-25 18:54:21,2026-09-25 19:05:59,4,720
KDS-ORD-20260925-14597,ORD-20260925-14597,MCH-110,DEV-110-POS,2026-09-25 19:05:58,2026-09-25 19:06:18,2026-09-25 19:06:56,2026-09-25 19:28:02,8,720
KDS-ORD-20260925-14598,ORD-20260925-14598,MCH-115,DEV-115-POS,2026-09-25 11:52:46,2026-09-25 11:53:06,2026-09-25 11:53:40,2026-09-25 12:13:01,4,1080
KDS-ORD-20260925-14599,ORD-20260925-14599,MCH-109,DEV-109-POS,2026-09-25 13:12:59,2026-09-25 13:13:19,2026-09-25 13:13:32,2026-09-25 13:47:41,11,900
KDS-ORD-20260925-14600,ORD-20260925-14600,MCH-110,DEV-110-POS,2026-09-25 11:56:31,2026-09-25 11:56:51,2026-09-25 11:57:06,2026-09-25 12:11:54,3,720
KDS-ORD-20260925-14601,ORD-20260925-14601,MCH-108,DEV-108-POS,2026-09-25 10:09:45,2026-09-25 10:10:05,2026-09-25 10:10:15,2026-09-25 10:30:16,4,900
KDS-ORD-20260925-14602,ORD-20260925-14602,MCH-106,DEV-106-POS,2026-09-25 20:09:15,2026-09-25 20:09:35,2026-09-25 20:10:01,2026-09-25 20:37:59,12,720
KDS-ORD-20260925-14603,ORD-20260925-14603,MCH-113,DEV-113-POS,2026-09-25 21:19:27,2026-09-25 21:19:47,2026-09-25 21:20:18,2026-09-25 21:45:11,9,720
KDS-ORD-20260925-14604,ORD-20260925-14604,MCH-111,DEV-111-POS,2026-09-25 12:12:30,2026-09-25 12:12:50,2026-09-25 12:12:53,2026-09-25 12:48:54,12,1080
KDS-ORD-20260925-14605,ORD-20260925-14605,MCH-105,DEV-105-POS,2026-09-25 19:28:31,2026-09-25 19:28:51,2026-09-25 19:29:14,2026-09-25 19:52:44,6,900
KDS-ORD-20260925-14606,ORD-20260925-14606,MCH-110,DEV-110-POS,2026-09-25 21:55:19,2026-09-25 21:55:39,2026-09-25 21:56:07,2026-09-25 22:23:03,7,720
KDS-ORD-20260925-14607,ORD-20260925-14607,MCH-103,DEV-103-POS,2026-09-25 20:38:03,2026-09-25 20:38:23,2026-09-25 20:38:39,2026-09-25 21:07:20,7,720
KDS-ORD-20260925-14608,ORD-20260925-14608,MCH-104,DEV-104-POS,2026-09-25 10:53:28,2026-09-25 10:53:48,2026-09-25 10:54:06,2026-09-25 11:15:55,3,1080
KDS-ORD-20260925-14609,ORD-20260925-14609,MCH-103,DEV-103-POS,2026-09-25 22:42:44,2026-09-25 22:43:04,2026-09-25 22:43:01,2026-09-25 23:02:16,6,720
KDS-ORD-20260925-14610,ORD-20260925-14610,MCH-111,DEV-111-POS,2026-09-25 12:27:03,2026-09-25 12:27:23,2026-09-25 12:27:56,2026-09-25 13:12:39,15,1080
KDS-ORD-20260925-14611,ORD-20260925-14611,MCH-102,DEV-102-POS,2026-09-25 12:44:33,2026-09-25 12:44:53,2026-09-25 12:45:27,2026-09-25 13:11:06,6,720
KDS-ORD-20260925-14612,ORD-20260925-14612,MCH-101,DEV-101-POS,2026-09-25 06:06:07,2026-09-25 06:06:27,2026-09-25 06:06:59,2026-09-25 06:22:32,6,720
KDS-ORD-20260925-14613,ORD-20260925-14613,MCH-103,DEV-103-POS,2026-09-25 14:07:11,2026-09-25 14:07:31,2026-09-25 14:07:33,2026-09-25 14:34:07,10,720
KDS-ORD-20260925-14614,ORD-20260925-14614,MCH-101,DEV-101-POS,2026-09-25 08:41:36,2026-09-25 08:41:56,2026-09-25 08:42:34,2026-09-25 08:56:33,3,720
KDS-ORD-20260925-14615,ORD-20260925-14615,MCH-108,DEV-108-POS,2026-09-25 11:40:15,2026-09-25 11:40:35,2026-09-25 11:40:35,2026-09-25 11:59:18,4,900
KDS-ORD-20260925-14616,ORD-20260925-14616,MCH-110,DEV-110-POS,2026-09-25 12:36:36,2026-09-25 12:36:56,2026-09-25 12:37:14,,6,720
KDS-ORD-20260925-14617,ORD-20260925-14617,MCH-113,DEV-113-POS,2026-09-25 20:17:39,2026-09-25 20:17:59,2026-09-25 20:18:21,2026-09-25 20:51:44,15,720
KDS-ORD-20260925-14618,ORD-20260925-14618,MCH-115,DEV-115-POS,2026-09-25 21:12:30,2026-09-25 21:12:50,2026-09-25 21:13:27,2026-09-25 22:02:06,13,1080
KDS-ORD-20260925-14619,ORD-20260925-14619,MCH-115,DEV-115-POS,2026-09-25 12:34:04,2026-09-25 12:34:24,2026-09-25 12:34:45,2026-09-25 13:15:11,13,1080
KDS-ORD-20260925-14620,ORD-20260925-14620,MCH-107,DEV-107-POS,2026-09-25 20:11:55,2026-09-25 20:12:15,2026-09-25 20:12:51,,11,900
KDS-ORD-20260925-14621,ORD-20260925-14621,MCH-109,DEV-109-POS,2026-09-25 20:01:44,2026-09-25 20:02:04,2026-09-25 20:02:44,2026-09-25 20:35:05,11,900
KDS-ORD-20260925-14622,ORD-20260925-14622,MCH-103,DEV-103-POS,2026-09-25 19:46:38,2026-09-25 19:46:58,2026-09-25 19:47:00,,13,720
KDS-ORD-20260925-14623,ORD-20260925-14623,MCH-113,DEV-113-POS,2026-09-25 09:46:31,2026-09-25 09:46:51,2026-09-25 09:47:08,2026-09-25 10:02:18,4,720
KDS-ORD-20260925-14624,ORD-20260925-14624,MCH-105,DEV-105-POS,2026-09-25 19:42:16,2026-09-25 19:42:36,2026-09-25 19:42:32,2026-09-25 20:21:41,15,900
KDS-ORD-20260925-14625,ORD-20260925-14625,MCH-115,DEV-115-POS,2026-09-25 21:48:53,2026-09-25 21:49:13,2026-09-25 21:49:18,2026-09-25 22:24:22,10,1080
KDS-ORD-20260925-14626,ORD-20260925-14626,MCH-114,DEV-114-POS,2026-09-25 19:52:09,2026-09-25 19:52:29,2026-09-25 19:52:38,2026-09-25 20:29:01,14,720
KDS-ORD-20260925-14627,ORD-20260925-14627,MCH-115,DEV-115-POS,2026-09-25 12:45:05,2026-09-25 12:45:25,2026-09-25 12:45:20,2026-09-25 13:28:32,16,1080
KDS-ORD-20260925-14628,ORD-20260925-14628,MCH-104,DEV-104-POS,2026-09-25 14:40:44,2026-09-25 14:41:04,2026-09-25 14:41:03,2026-09-25 15:20:05,12,1080
KDS-ORD-20260925-14629,ORD-20260925-14629,MCH-105,DEV-105-POS,2026-09-25 18:38:02,2026-09-25 18:38:22,2026-09-25 18:38:18,2026-09-25 18:54:27,2,900
KDS-ORD-20260925-14630,ORD-20260925-14630,MCH-108,DEV-108-POS,2026-09-25 14:53:02,2026-09-25 14:53:22,2026-09-25 14:54:00,2026-09-25 15:31:49,16,900
KDS-ORD-20260925-14631,ORD-20260925-14631,MCH-107,DEV-107-POS,2026-09-25 08:30:35,2026-09-25 08:30:55,2026-09-25 08:31:08,2026-09-25 08:49:40,2,900
KDS-ORD-20260925-14632,ORD-20260925-14632,MCH-105,DEV-105-POS,2026-09-25 12:17:59,2026-09-25 12:18:19,2026-09-25 12:18:42,2026-09-25 12:58:22,14,900
KDS-ORD-20260925-14633,ORD-20260925-14633,MCH-115,DEV-115-POS,2026-09-25 20:31:33,2026-09-25 20:31:53,2026-09-25 20:32:09,2026-09-25 21:03:40,7,1080
KDS-ORD-20260925-14634,ORD-20260925-14634,MCH-108,DEV-108-POS,2026-09-25 20:32:13,2026-09-25 20:32:33,2026-09-25 20:32:39,2026-09-25 21:00:52,11,900
KDS-ORD-20260925-14635,ORD-20260925-14635,MCH-111,DEV-111-POS,2026-09-25 09:43:58,2026-09-25 09:44:18,2026-09-25 09:44:53,2026-09-25 10:04:37,4,1080
KDS-ORD-20260925-14636,ORD-20260925-14636,MCH-102,DEV-102-POS,2026-09-25 22:04:20,2026-09-25 22:04:40,2026-09-25 22:04:46,2026-09-25 22:22:05,4,720
KDS-ORD-20260925-14637,ORD-20260925-14637,MCH-108,DEV-108-POS,2026-09-25 12:17:30,2026-09-25 12:17:50,2026-09-25 12:18:19,2026-09-25 12:52:21,14,900
KDS-ORD-20260925-14638,ORD-20260925-14638,MCH-106,DEV-106-POS,2026-09-25 18:52:58,2026-09-25 18:53:18,2026-09-25 18:53:20,2026-09-25 19:10:39,3,720
KDS-ORD-20260925-14639,ORD-20260925-14639,MCH-101,DEV-101-POS,2026-09-25 19:04:43,2026-09-25 19:05:03,2026-09-25 19:05:27,2026-09-25 19:25:08,7,720
KDS-ORD-20260925-14640,ORD-20260925-14640,MCH-104,DEV-104-POS,2026-09-25 20:10:19,2026-09-25 20:10:39,2026-09-25 20:11:16,2026-09-25 20:45:28,7,1080
KDS-ORD-20260925-14641,ORD-20260925-14641,MCH-108,DEV-108-POS,2026-09-25 21:00:59,2026-09-25 21:01:19,2026-09-25 21:01:25,2026-09-25 21:41:13,16,900
KDS-ORD-20260925-14642,ORD-20260925-14642,MCH-113,DEV-113-POS,2026-09-25 12:53:56,2026-09-25 12:54:16,2026-09-25 12:54:37,2026-09-25 13:27:02,12,720
KDS-ORD-20260925-14643,ORD-20260925-14643,MCH-104,DEV-104-POS,2026-09-25 20:42:48,2026-09-25 20:43:08,2026-09-25 20:43:11,2026-09-25 21:24:54,13,1080
KDS-ORD-20260925-14644,ORD-20260925-14644,MCH-113,DEV-113-POS,2026-09-25 08:49:00,2026-09-25 08:49:20,2026-09-25 08:49:42,2026-09-25 09:05:22,5,720
KDS-ORD-20260925-14645,ORD-20260925-14645,MCH-105,DEV-105-POS,2026-09-25 19:03:45,2026-09-25 19:04:05,2026-09-25 19:04:15,2026-09-25 19:40:49,11,900
KDS-ORD-20260925-14646,ORD-20260925-14646,MCH-109,DEV-109-POS,2026-09-25 19:55:16,2026-09-25 19:55:36,2026-09-25 19:55:41,2026-09-25 20:25:12,11,900
KDS-ORD-20260925-14647,ORD-20260925-14647,MCH-111,DEV-111-POS,2026-09-25 19:18:29,2026-09-25 19:18:49,2026-09-25 19:19:09,2026-09-25 20:02:21,16,1080
KDS-ORD-20260925-14648,ORD-20260925-14648,MCH-115,DEV-115-POS,2026-09-25 11:35:06,2026-09-25 11:35:26,2026-09-25 11:35:55,2026-09-25 11:55:31,2,1080
KDS-ORD-20260925-14649,ORD-20260925-14649,MCH-102,DEV-102-POS,2026-09-25 21:39:30,2026-09-25 21:39:50,2026-09-25 21:39:55,2026-09-25 22:07:09,11,720
KDS-ORD-20260925-14650,ORD-20260925-14650,MCH-103,DEV-103-POS,2026-09-25 09:33:27,2026-09-25 09:33:47,2026-09-25 09:34:04,2026-09-25 09:49:19,3,720
KDS-ORD-20260925-14651,ORD-20260925-14651,MCH-112,DEV-112-POS,2026-09-25 06:32:52,2026-09-25 06:33:12,2026-09-25 06:33:52,2026-09-25 06:52:35,5,900
KDS-ORD-20260925-14652,ORD-20260925-14652,MCH-108,DEV-108-POS,2026-09-25 19:17:55,2026-09-25 19:18:15,2026-09-25 19:18:54,2026-09-25 19:48:41,8,900
KDS-ORD-20260925-14653,ORD-20260925-14653,MCH-107,DEV-107-POS,2026-09-25 13:44:56,2026-09-25 13:45:16,2026-09-25 13:45:28,2026-09-25 14:15:21,9,900
KDS-ORD-20260925-14654,ORD-20260925-14654,MCH-103,DEV-103-POS,2026-09-25 20:37:33,2026-09-25 20:37:53,2026-09-25 20:38:20,2026-09-25 21:02:47,9,720
KDS-ORD-20260925-14655,ORD-20260925-14655,MCH-107,DEV-107-POS,2026-09-25 11:59:56,2026-09-25 12:00:16,2026-09-25 12:00:27,2026-09-25 12:31:52,9,900
KDS-ORD-20260925-14656,ORD-20260925-14656,MCH-111,DEV-111-POS,2026-09-25 09:45:32,2026-09-25 09:45:52,2026-09-25 09:45:52,2026-09-25 10:05:34,2,1080
KDS-ORD-20260925-14657,ORD-20260925-14657,MCH-114,DEV-114-POS,2026-09-25 20:23:17,2026-09-25 20:23:37,2026-09-25 20:24:14,2026-09-25 20:47:48,6,720
KDS-ORD-20260925-14658,ORD-20260925-14658,MCH-110,DEV-110-POS,2026-09-25 15:18:57,2026-09-25 15:19:17,2026-09-25 15:19:31,2026-09-25 15:37:40,4,720
KDS-ORD-20260925-14659,ORD-20260925-14659,MCH-106,DEV-106-POS,2026-09-25 10:13:22,2026-09-25 10:13:42,2026-09-25 10:13:56,2026-09-25 10:31:38,6,720
KDS-ORD-20260925-14660,ORD-20260925-14660,MCH-112,DEV-112-POS,2026-09-25 19:13:14,2026-09-25 19:13:34,2026-09-25 19:13:37,2026-09-25 19:43:26,9,900
KDS-ORD-20260925-14661,ORD-20260925-14661,MCH-113,DEV-113-POS,2026-09-25 14:21:35,2026-09-25 14:21:55,2026-09-25 14:22:31,2026-09-25 14:48:29,6,720
KDS-ORD-20260925-14662,ORD-20260925-14662,MCH-112,DEV-112-POS,2026-09-25 17:23:16,2026-09-25 17:23:36,2026-09-25 17:24:14,2026-09-25 17:42:05,5,900
KDS-ORD-20260925-14663,ORD-20260925-14663,MCH-110,DEV-110-POS,2026-09-25 13:17:54,2026-09-25 13:18:14,2026-09-25 13:18:15,,7,720
KDS-ORD-20260925-14664,ORD-20260925-14664,MCH-107,DEV-107-POS,2026-09-25 20:02:24,2026-09-25 20:02:44,2026-09-25 20:02:59,2026-09-25 20:38:19,11,900
KDS-ORD-20260925-14665,ORD-20260925-14665,MCH-114,DEV-114-POS,2026-09-25 20:02:22,2026-09-25 20:02:42,2026-09-25 20:03:04,2026-09-25 20:31:59,16,720
KDS-ORD-20260925-14666,ORD-20260925-14666,MCH-111,DEV-111-POS,2026-09-25 19:35:17,2026-09-25 19:35:37,2026-09-25 19:36:11,2026-09-25 20:14:44,14,1080
KDS-ORD-20260925-14667,ORD-20260925-14667,MCH-101,DEV-101-POS,2026-09-25 08:58:10,2026-09-25 08:58:30,2026-09-25 08:58:27,2026-09-25 09:15:08,4,720
KDS-ORD-20260925-14668,ORD-20260925-14668,MCH-108,DEV-108-POS,2026-09-25 20:51:12,2026-09-25 20:51:32,2026-09-25 20:51:44,2026-09-25 21:25:48,14,900
KDS-ORD-20260925-14669,ORD-20260925-14669,MCH-105,DEV-105-POS,2026-09-25 18:31:34,2026-09-25 18:31:54,2026-09-25 18:32:10,2026-09-25 18:52:53,4,900
KDS-ORD-20260925-14670,ORD-20260925-14670,MCH-111,DEV-111-POS,2026-09-25 19:27:23,2026-09-25 19:27:43,2026-09-25 19:28:15,2026-09-25 20:05:49,12,1080
KDS-ORD-20260925-14671,ORD-20260925-14671,MCH-101,DEV-101-POS,2026-09-25 12:21:42,2026-09-25 12:22:02,2026-09-25 12:22:38,2026-09-25 12:42:36,6,720
KDS-ORD-20260925-14672,ORD-20260925-14672,MCH-106,DEV-106-POS,2026-09-25 21:31:25,2026-09-25 21:31:45,2026-09-25 21:32:19,2026-09-25 22:10:48,13,720
KDS-ORD-20260925-14673,ORD-20260925-14673,MCH-103,DEV-103-POS,2026-09-25 19:54:04,2026-09-25 19:54:24,2026-09-25 19:54:50,2026-09-25 20:23:11,13,720
KDS-ORD-20260925-14674,ORD-20260925-14674,MCH-108,DEV-108-POS,2026-09-25 08:33:46,2026-09-25 08:34:06,2026-09-25 08:34:10,2026-09-25 08:50:35,2,900
KDS-ORD-20260925-14675,ORD-20260925-14675,MCH-112,DEV-112-POS,2026-09-25 13:35:55,2026-09-25 13:36:15,2026-09-25 13:36:17,2026-09-25 14:05:09,8,900
KDS-ORD-20260925-14676,ORD-20260925-14676,MCH-107,DEV-107-POS,2026-09-25 21:01:37,2026-09-25 21:01:57,2026-09-25 21:01:54,,15,900
KDS-ORD-20260925-14677,ORD-20260925-14677,MCH-114,DEV-114-POS,2026-09-25 06:02:39,2026-09-25 06:02:59,2026-09-25 06:03:22,2026-09-25 06:18:10,4,720
KDS-ORD-20260925-14678,ORD-20260925-14678,MCH-101,DEV-101-POS,2026-09-25 22:51:33,2026-09-25 22:51:53,2026-09-25 22:51:48,2026-09-25 23:08:22,4,720
KDS-ORD-20260925-14679,ORD-20260925-14679,MCH-109,DEV-109-POS,2026-09-25 19:46:24,2026-09-25 19:46:44,2026-09-25 19:47:24,2026-09-25 20:15:49,8,900
KDS-ORD-20260925-14680,ORD-20260925-14680,MCH-103,DEV-103-POS,2026-09-25 18:48:50,2026-09-25 18:49:10,2026-09-25 18:49:33,2026-09-25 19:07:58,5,720
KDS-ORD-20260925-14681,ORD-20260925-14681,MCH-113,DEV-113-POS,2026-09-25 11:43:33,2026-09-25 11:43:53,2026-09-25 11:44:01,2026-09-25 12:02:34,5,720
KDS-ORD-20260925-14682,ORD-20260925-14682,MCH-104,DEV-104-POS,2026-09-25 11:21:08,2026-09-25 11:21:28,2026-09-25 11:21:25,2026-09-25 11:42:55,5,1080
KDS-ORD-20260925-14683,ORD-20260925-14683,MCH-102,DEV-102-POS,2026-09-25 21:06:29,2026-09-25 21:06:49,2026-09-25 21:07:17,2026-09-25 21:44:24,16,720
KDS-ORD-20260925-14684,ORD-20260925-14684,MCH-109,DEV-109-POS,2026-09-25 12:54:50,2026-09-25 12:55:10,2026-09-25 12:55:36,2026-09-25 13:24:41,10,900
KDS-ORD-20260925-14685,ORD-20260925-14685,MCH-102,DEV-102-POS,2026-09-25 20:21:52,2026-09-25 20:22:12,2026-09-25 20:22:28,2026-09-25 20:45:04,7,720
KDS-ORD-20260925-14686,ORD-20260925-14686,MCH-113,DEV-113-POS,2026-09-25 12:56:58,2026-09-25 12:57:18,2026-09-25 12:57:46,2026-09-25 13:28:15,14,720
KDS-ORD-20260925-14687,ORD-20260925-14687,MCH-111,DEV-111-POS,2026-09-25 09:02:28,2026-09-25 09:02:48,2026-09-25 09:03:04,2026-09-25 09:28:21,6,1080
KDS-ORD-20260925-14688,ORD-20260925-14688,MCH-115,DEV-115-POS,2026-09-25 01:30:55,2026-09-25 01:31:15,2026-09-25 01:31:10,2026-09-25 01:56:18,5,1080
KDS-ORD-20260925-14689,ORD-20260925-14689,MCH-110,DEV-110-POS,2026-09-25 15:13:36,2026-09-25 15:13:56,2026-09-25 15:13:52,2026-09-25 15:31:15,5,720
KDS-ORD-20260925-14690,ORD-20260925-14690,MCH-108,DEV-108-POS,2026-09-25 22:38:55,2026-09-25 22:39:15,2026-09-25 22:39:40,2026-09-25 22:58:20,6,900
KDS-ORD-20260925-14691,ORD-20260925-14691,MCH-104,DEV-104-POS,2026-09-25 12:46:11,2026-09-25 12:46:31,2026-09-25 12:46:50,2026-09-25 13:32:52,15,1080
KDS-ORD-20260925-14692,ORD-20260925-14692,MCH-115,DEV-115-POS,2026-09-25 12:46:27,2026-09-25 12:46:47,2026-09-25 12:47:02,2026-09-25 13:16:52,7,1080
KDS-ORD-20260925-14693,ORD-20260925-14693,MCH-113,DEV-113-POS,2026-09-25 12:38:58,2026-09-25 12:39:18,2026-09-25 12:39:42,2026-09-25 13:13:59,11,720
KDS-ORD-20260925-14694,ORD-20260925-14694,MCH-110,DEV-110-POS,2026-09-25 14:03:52,2026-09-25 14:04:12,2026-09-25 14:04:41,2026-09-25 14:42:23,15,720
KDS-ORD-20260925-14695,ORD-20260925-14695,MCH-104,DEV-104-POS,2026-09-25 13:34:22,2026-09-25 13:34:42,2026-09-25 13:35:09,,12,1080
KDS-ORD-20260925-14696,ORD-20260925-14696,MCH-112,DEV-112-POS,2026-09-25 21:21:01,2026-09-25 21:21:21,2026-09-25 21:21:48,2026-09-25 21:49:51,8,900
KDS-ORD-20260925-14697,ORD-20260925-14697,MCH-106,DEV-106-POS,2026-09-25 14:00:50,2026-09-25 14:01:10,2026-09-25 14:01:18,2026-09-25 14:26:43,7,720
KDS-ORD-20260925-14698,ORD-20260925-14698,MCH-108,DEV-108-POS,2026-09-25 14:58:28,2026-09-25 14:58:48,2026-09-25 14:59:13,2026-09-25 15:29:51,7,900
KDS-ORD-20260925-14699,ORD-20260925-14699,MCH-115,DEV-115-POS,2026-09-25 09:12:21,2026-09-25 09:12:41,2026-09-25 09:12:59,2026-09-25 09:36:33,3,1080
KDS-ORD-20260925-14700,ORD-20260925-14700,MCH-114,DEV-114-POS,2026-09-25 22:12:49,2026-09-25 22:13:09,2026-09-25 22:13:20,2026-09-25 22:29:59,6,720
KDS-ORD-20260925-14701,ORD-20260925-14701,MCH-101,DEV-101-POS,2026-09-25 11:25:18,2026-09-25 11:25:38,2026-09-25 11:25:58,2026-09-25 11:39:17,3,720
KDS-ORD-20260925-14702,ORD-20260925-14702,MCH-102,DEV-102-POS,2026-09-25 07:51:38,2026-09-25 07:51:58,2026-09-25 07:51:56,2026-09-25 08:10:11,4,720
KDS-ORD-20260925-14703,ORD-20260925-14703,MCH-108,DEV-108-POS,2026-09-25 18:51:52,2026-09-25 18:52:12,2026-09-25 18:52:45,2026-09-25 19:08:56,3,900
KDS-ORD-20260925-14704,ORD-20260925-14704,MCH-109,DEV-109-POS,2026-09-25 17:32:36,2026-09-25 17:32:56,2026-09-25 17:33:02,2026-09-25 17:52:58,3,900
KDS-ORD-20260925-14705,ORD-20260925-14705,MCH-112,DEV-112-POS,2026-09-25 13:54:01,2026-09-25 13:54:21,2026-09-25 13:54:53,2026-09-25 14:28:01,10,900
KDS-ORD-20260925-14706,ORD-20260925-14706,MCH-113,DEV-113-POS,2026-09-25 13:16:17,2026-09-25 13:16:37,2026-09-25 13:17:15,2026-09-25 13:51:19,16,720
KDS-ORD-20260925-14707,ORD-20260925-14707,MCH-113,DEV-113-POS,2026-09-25 20:22:37,2026-09-25 20:22:57,2026-09-25 20:23:21,2026-09-25 20:50:45,11,720
KDS-ORD-20260925-14708,ORD-20260925-14708,MCH-105,DEV-105-POS,2026-09-25 10:00:43,2026-09-25 10:01:03,2026-09-25 10:01:08,2026-09-25 10:19:28,2,900
KDS-ORD-20260925-14709,ORD-20260925-14709,MCH-115,DEV-115-POS,2026-09-25 20:28:13,2026-09-25 20:28:33,2026-09-25 20:28:45,2026-09-25 21:08:57,14,1080
KDS-ORD-20260925-14710,ORD-20260925-14710,MCH-112,DEV-112-POS,2026-09-25 18:13:18,2026-09-25 18:13:38,2026-09-25 18:13:59,2026-09-25 18:31:47,3,900
KDS-ORD-20260925-14711,ORD-20260925-14711,MCH-102,DEV-102-POS,2026-09-25 13:12:39,2026-09-25 13:12:59,2026-09-25 13:12:59,2026-09-25 13:40:02,15,720
KDS-ORD-20260925-14712,ORD-20260925-14712,MCH-103,DEV-103-POS,2026-09-25 13:42:51,2026-09-25 13:43:11,2026-09-25 13:43:38,2026-09-25 14:08:35,10,720
KDS-ORD-20260925-14713,ORD-20260925-14713,MCH-105,DEV-105-POS,2026-09-25 11:32:16,2026-09-25 11:32:36,2026-09-25 11:33:00,2026-09-25 11:58:13,6,900
KDS-ORD-20260925-14714,ORD-20260925-14714,MCH-102,DEV-102-POS,2026-09-25 19:55:56,2026-09-25 19:56:16,2026-09-25 19:56:25,2026-09-25 20:18:49,7,720
KDS-ORD-20260925-14715,ORD-20260925-14715,MCH-110,DEV-110-POS,2026-09-25 14:52:48,2026-09-25 14:53:08,2026-09-25 14:53:06,2026-09-25 15:19:09,12,720
KDS-ORD-20260925-14716,ORD-20260925-14716,MCH-111,DEV-111-POS,2026-09-25 12:16:12,2026-09-25 12:16:32,2026-09-25 12:17:11,,14,1080
KDS-ORD-20260925-14717,ORD-20260925-14717,MCH-109,DEV-109-POS,2026-09-25 17:46:26,2026-09-25 17:46:46,2026-09-25 17:46:41,2026-09-25 18:04:02,4,900
KDS-ORD-20260925-14718,ORD-20260925-14718,MCH-104,DEV-104-POS,2026-09-25 23:43:06,2026-09-25 23:43:26,2026-09-25 23:43:22,2026-09-26 00:06:40,5,1080
KDS-ORD-20260925-14719,ORD-20260925-14719,MCH-104,DEV-104-POS,2026-09-25 13:15:03,2026-09-25 13:15:23,2026-09-25 13:15:50,2026-09-25 13:46:41,10,1080
KDS-ORD-20260925-14720,ORD-20260925-14720,MCH-103,DEV-103-POS,2026-09-25 21:01:46,2026-09-25 21:02:06,2026-09-25 21:02:36,2026-09-25 21:25:51,6,720
KDS-ORD-20260925-14721,ORD-20260925-14721,MCH-114,DEV-114-POS,2026-09-25 12:20:56,2026-09-25 12:21:16,2026-09-25 12:21:40,2026-09-25 12:44:51,7,720
KDS-ORD-20260925-14722,ORD-20260925-14722,MCH-107,DEV-107-POS,2026-09-25 06:59:30,2026-09-25 06:59:50,2026-09-25 07:00:27,2026-09-25 07:19:49,3,900
KDS-ORD-20260925-14723,ORD-20260925-14723,MCH-107,DEV-107-POS,2026-09-25 10:12:14,2026-09-25 10:12:34,2026-09-25 10:13:06,2026-09-25 10:29:42,2,900
KDS-ORD-20260925-14724,ORD-20260925-14724,MCH-104,DEV-104-POS,2026-09-25 13:59:14,2026-09-25 13:59:34,2026-09-25 13:59:48,2026-09-25 14:39:41,13,1080
KDS-ORD-20260925-14725,ORD-20260925-14725,MCH-110,DEV-110-POS,2026-09-25 10:11:26,2026-09-25 10:11:46,2026-09-25 10:12:06,2026-09-25 10:29:57,6,720
KDS-ORD-20260925-14726,ORD-20260925-14726,MCH-109,DEV-109-POS,2026-09-25 00:45:53,2026-09-25 00:46:13,2026-09-25 00:46:27,2026-09-25 01:05:00,4,900
KDS-ORD-20260925-14727,ORD-20260925-14727,MCH-109,DEV-109-POS,2026-09-25 21:21:23,2026-09-25 21:21:43,2026-09-25 21:22:03,2026-09-25 21:52:48,13,900
KDS-ORD-20260925-14728,ORD-20260925-14728,MCH-104,DEV-104-POS,2026-09-25 20:26:11,2026-09-25 20:26:31,2026-09-25 20:26:49,2026-09-25 21:12:06,15,1080
KDS-ORD-20260925-14729,ORD-20260925-14729,MCH-104,DEV-104-POS,2026-09-25 19:56:18,2026-09-25 19:56:38,2026-09-25 19:57:18,,10,1080
KDS-ORD-20260925-14730,ORD-20260925-14730,MCH-114,DEV-114-POS,2026-09-25 09:23:17,2026-09-25 09:23:37,2026-09-25 09:24:04,2026-09-25 09:42:08,5,720
KDS-ORD-20260925-14731,ORD-20260925-14731,MCH-105,DEV-105-POS,2026-09-25 08:36:16,2026-09-25 08:36:36,2026-09-25 08:36:35,2026-09-25 08:52:16,2,900
KDS-ORD-20260925-14732,ORD-20260925-14732,MCH-105,DEV-105-POS,2026-09-25 07:29:20,2026-09-25 07:29:40,2026-09-25 07:30:04,2026-09-25 07:46:18,3,900
KDS-ORD-20260925-14733,ORD-20260925-14733,MCH-110,DEV-110-POS,2026-09-25 19:53:13,2026-09-25 19:53:33,2026-09-25 19:53:33,2026-09-25 20:19:22,7,720
KDS-ORD-20260925-14734,ORD-20260925-14734,MCH-101,DEV-101-POS,2026-09-25 21:44:02,2026-09-25 21:44:22,2026-09-25 21:44:52,2026-09-25 22:09:41,7,720
KDS-ORD-20260925-14735,ORD-20260925-14735,MCH-112,DEV-112-POS,2026-09-25 13:55:40,2026-09-25 13:56:00,2026-09-25 13:56:33,2026-09-25 14:31:08,12,900
KDS-ORD-20260925-14736,ORD-20260925-14736,MCH-105,DEV-105-POS,2026-09-25 08:03:42,2026-09-25 08:04:02,2026-09-25 08:04:07,2026-09-25 08:21:42,4,900
KDS-ORD-20260925-14737,ORD-20260925-14737,MCH-105,DEV-105-POS,2026-09-25 14:56:50,2026-09-25 14:57:10,2026-09-25 14:57:31,2026-09-25 15:21:15,6,900
KDS-ORD-20260925-14738,ORD-20260925-14738,MCH-105,DEV-105-POS,2026-09-25 12:27:07,2026-09-25 12:27:27,2026-09-25 12:28:02,2026-09-25 13:03:44,11,900
KDS-ORD-20260925-14739,ORD-20260925-14739,MCH-101,DEV-101-POS,2026-09-25 12:54:47,2026-09-25 12:55:07,2026-09-25 12:55:29,2026-09-25 13:28:47,15,720
KDS-ORD-20260925-14740,ORD-20260925-14740,MCH-106,DEV-106-POS,2026-09-25 17:27:04,2026-09-25 17:27:24,2026-09-25 17:27:48,2026-09-25 17:39:55,3,720
KDS-ORD-20260925-14741,ORD-20260925-14741,MCH-106,DEV-106-POS,2026-09-25 19:19:27,2026-09-25 19:19:47,2026-09-25 19:20:13,2026-09-25 19:57:05,14,720
KDS-ORD-20260925-14742,ORD-20260925-14742,MCH-102,DEV-102-POS,2026-09-25 08:06:20,2026-09-25 08:06:40,2026-09-25 08:07:08,2026-09-25 08:25:22,4,720
KDS-ORD-20260925-14743,ORD-20260925-14743,MCH-114,DEV-114-POS,2026-09-25 05:50:49,2026-09-25 05:51:09,2026-09-25 05:51:06,2026-09-25 06:06:16,4,720
KDS-ORD-20260925-14744,ORD-20260925-14744,MCH-112,DEV-112-POS,2026-09-25 23:10:36,2026-09-25 23:10:56,2026-09-25 23:11:14,2026-09-25 23:25:38,3,900
KDS-ORD-20260925-14745,ORD-20260925-14745,MCH-103,DEV-103-POS,2026-09-25 11:32:33,2026-09-25 11:32:53,2026-09-25 11:33:19,2026-09-25 11:49:24,4,720
KDS-ORD-20260925-14746,ORD-20260925-14746,MCH-101,DEV-101-POS,2026-09-25 06:15:49,2026-09-25 06:16:09,2026-09-25 06:16:41,2026-09-25 06:35:16,6,720
KDS-ORD-20260925-14747,ORD-20260925-14747,MCH-115,DEV-115-POS,2026-09-25 10:02:20,2026-09-25 10:02:40,2026-09-25 10:02:50,2026-09-25 10:26:41,6,1080
KDS-ORD-20260925-14748,ORD-20260925-14748,MCH-101,DEV-101-POS,2026-09-25 05:19:49,2026-09-25 05:20:09,2026-09-25 05:20:13,2026-09-25 05:36:24,6,720
KDS-ORD-20260925-14749,ORD-20260925-14749,MCH-101,DEV-101-POS,2026-09-25 12:34:36,2026-09-25 12:34:56,2026-09-25 12:35:11,2026-09-25 13:03:22,16,720
KDS-ORD-20260925-14750,ORD-20260925-14750,MCH-105,DEV-105-POS,2026-09-25 20:49:31,2026-09-25 20:49:51,2026-09-25 20:50:26,2026-09-25 21:15:11,7,900
KDS-ORD-20260925-14751,ORD-20260925-14751,MCH-102,DEV-102-POS,2026-09-25 12:21:02,2026-09-25 12:21:22,2026-09-25 12:21:52,2026-09-25 12:55:38,16,720
KDS-ORD-20260925-14752,ORD-20260925-14752,MCH-102,DEV-102-POS,2026-09-25 13:27:56,2026-09-25 13:28:16,2026-09-25 13:28:51,2026-09-25 13:53:46,7,720
KDS-ORD-20260925-14753,ORD-20260925-14753,MCH-115,DEV-115-POS,2026-09-25 19:23:35,2026-09-25 19:23:55,2026-09-25 19:23:50,2026-09-25 19:58:29,10,1080
KDS-ORD-20260925-14754,ORD-20260925-14754,MCH-101,DEV-101-POS,2026-09-25 14:14:09,2026-09-25 14:14:29,2026-09-25 14:14:29,2026-09-25 14:41:56,8,720
KDS-ORD-20260925-14755,ORD-20260925-14755,MCH-108,DEV-108-POS,2026-09-25 20:16:18,2026-09-25 20:16:38,2026-09-25 20:16:54,2026-09-25 20:45:15,10,900
KDS-ORD-20260925-14756,ORD-20260925-14756,MCH-102,DEV-102-POS,2026-09-25 20:37:13,2026-09-25 20:37:33,2026-09-25 20:37:30,2026-09-25 21:10:49,11,720
KDS-ORD-20260925-14757,ORD-20260925-14757,MCH-109,DEV-109-POS,2026-09-25 01:29:32,2026-09-25 01:29:52,2026-09-25 01:29:54,2026-09-25 01:50:52,5,900
KDS-ORD-20260925-14758,ORD-20260925-14758,MCH-103,DEV-103-POS,2026-09-25 20:01:22,2026-09-25 20:01:42,2026-09-25 20:01:49,2026-09-25 20:34:27,15,720
KDS-ORD-20260925-14759,ORD-20260925-14759,MCH-105,DEV-105-POS,2026-09-25 13:14:07,2026-09-25 13:14:27,2026-09-25 13:14:44,2026-09-25 13:56:28,15,900
KDS-ORD-20260925-14760,ORD-20260925-14760,MCH-114,DEV-114-POS,2026-09-25 23:13:54,2026-09-25 23:14:14,2026-09-25 23:14:29,2026-09-25 23:30:04,5,720
KDS-ORD-20260925-14761,ORD-20260925-14761,MCH-102,DEV-102-POS,2026-09-25 14:05:03,2026-09-25 14:05:23,2026-09-25 14:05:47,2026-09-25 14:32:30,9,720
KDS-ORD-20260925-14762,ORD-20260925-14762,MCH-107,DEV-107-POS,2026-09-25 23:32:49,2026-09-25 23:33:09,2026-09-25 23:33:25,2026-09-25 23:53:16,5,900
KDS-ORD-20260925-14763,ORD-20260925-14763,MCH-115,DEV-115-POS,2026-09-25 19:03:28,2026-09-25 19:03:48,2026-09-25 19:04:08,2026-09-25 19:40:50,11,1080
KDS-ORD-20260925-14764,ORD-20260925-14764,MCH-110,DEV-110-POS,2026-09-25 11:56:22,2026-09-25 11:56:42,2026-09-25 11:57:19,2026-09-25 12:09:09,2,720
KDS-ORD-20260925-14765,ORD-20260925-14765,MCH-106,DEV-106-POS,2026-09-25 15:45:54,2026-09-25 15:46:14,2026-09-25 15:46:25,2026-09-25 16:05:14,4,720
KDS-ORD-20260925-14766,ORD-20260925-14766,MCH-105,DEV-105-POS,2026-09-25 23:17:38,2026-09-25 23:17:58,2026-09-25 23:18:36,2026-09-25 23:37:00,4,900
KDS-ORD-20260925-14767,ORD-20260925-14767,MCH-107,DEV-107-POS,2026-09-25 20:15:20,2026-09-25 20:15:40,2026-09-25 20:16:03,2026-09-25 20:47:00,7,900
KDS-ORD-20260925-14768,ORD-20260925-14768,MCH-102,DEV-102-POS,2026-09-25 08:39:58,2026-09-25 08:40:18,2026-09-25 08:40:38,2026-09-25 08:53:35,4,720
KDS-ORD-20260925-14769,ORD-20260925-14769,MCH-109,DEV-109-POS,2026-09-25 19:54:59,2026-09-25 19:55:19,2026-09-25 19:55:17,2026-09-25 20:31:04,12,900
KDS-ORD-20260925-14770,ORD-20260925-14770,MCH-107,DEV-107-POS,2026-09-25 12:13:09,2026-09-25 12:13:29,2026-09-25 12:13:42,2026-09-25 12:40:16,9,900
KDS-ORD-20260925-14771,ORD-20260925-14771,MCH-110,DEV-110-POS,2026-09-25 00:44:25,2026-09-25 00:44:45,2026-09-25 00:44:59,2026-09-25 01:05:22,5,720
KDS-ORD-20260925-14772,ORD-20260925-14772,MCH-113,DEV-113-POS,2026-09-25 13:15:24,2026-09-25 13:15:44,2026-09-25 13:16:24,2026-09-25 13:44:58,15,720
KDS-ORD-20260925-14773,ORD-20260925-14773,MCH-115,DEV-115-POS,2026-09-25 11:10:13,2026-09-25 11:10:33,2026-09-25 11:10:58,2026-09-25 11:37:09,6,1080
KDS-ORD-20260925-14774,ORD-20260925-14774,MCH-102,DEV-102-POS,2026-09-25 20:00:39,2026-09-25 20:00:59,2026-09-25 20:01:11,2026-09-25 20:35:14,14,720
KDS-ORD-20260925-14775,ORD-20260925-14775,MCH-112,DEV-112-POS,2026-09-25 12:19:12,2026-09-25 12:19:32,2026-09-25 12:19:45,2026-09-25 12:56:59,12,900
KDS-ORD-20260925-14776,ORD-20260925-14776,MCH-104,DEV-104-POS,2026-09-25 20:05:53,2026-09-25 20:06:13,2026-09-25 20:06:51,2026-09-25 20:41:59,8,1080
KDS-ORD-20260925-14777,ORD-20260925-14777,MCH-114,DEV-114-POS,2026-09-25 00:22:28,2026-09-25 00:22:48,2026-09-25 00:23:23,2026-09-25 00:37:59,2,720
KDS-ORD-20260925-14778,ORD-20260925-14778,MCH-103,DEV-103-POS,2026-09-25 12:30:25,2026-09-25 12:30:45,2026-09-25 12:30:58,2026-09-25 12:57:21,12,720
KDS-ORD-20260925-14779,ORD-20260925-14779,MCH-115,DEV-115-POS,2026-09-25 11:14:29,2026-09-25 11:14:49,2026-09-25 11:15:11,2026-09-25 11:34:31,3,1080
KDS-ORD-20260925-14780,ORD-20260925-14780,MCH-106,DEV-106-POS,2026-09-25 11:53:45,2026-09-25 11:54:05,2026-09-25 11:54:05,2026-09-25 12:10:58,4,720
KDS-ORD-20260925-14781,ORD-20260925-14781,MCH-103,DEV-103-POS,2026-09-25 07:17:30,2026-09-25 07:17:50,2026-09-25 07:18:27,2026-09-25 07:33:35,2,720
KDS-ORD-20260925-14782,ORD-20260925-14782,MCH-105,DEV-105-POS,2026-09-25 10:46:32,2026-09-25 10:46:52,2026-09-25 10:47:22,2026-09-25 11:02:22,5,900
KDS-ORD-20260925-14783,ORD-20260925-14783,MCH-106,DEV-106-POS,2026-09-25 16:16:21,2026-09-25 16:16:41,2026-09-25 16:17:12,2026-09-25 16:30:58,4,720
KDS-ORD-20260925-14784,ORD-20260925-14784,MCH-104,DEV-104-POS,2026-09-25 11:38:40,2026-09-25 11:39:00,2026-09-25 11:39:12,2026-09-25 12:01:21,5,1080
KDS-ORD-20260925-14785,ORD-20260925-14785,MCH-105,DEV-105-POS,2026-09-25 13:32:32,2026-09-25 13:32:52,2026-09-25 13:33:28,2026-09-25 14:06:24,13,900
KDS-ORD-20260925-14786,ORD-20260925-14786,MCH-108,DEV-108-POS,2026-09-25 12:22:41,2026-09-25 12:23:01,2026-09-25 12:22:59,2026-09-25 13:01:21,13,900
KDS-ORD-20260925-14787,ORD-20260925-14787,MCH-111,DEV-111-POS,2026-09-25 21:10:37,2026-09-25 21:10:57,2026-09-25 21:11:29,,11,1080
KDS-ORD-20260925-14788,ORD-20260925-14788,MCH-114,DEV-114-POS,2026-09-25 21:01:30,2026-09-25 21:01:50,2026-09-25 21:01:56,2026-09-25 21:36:52,14,720
KDS-ORD-20260925-14789,ORD-20260925-14789,MCH-109,DEV-109-POS,2026-09-25 14:27:18,2026-09-25 14:27:38,2026-09-25 14:28:03,2026-09-25 14:54:44,6,900
KDS-ORD-20260925-14790,ORD-20260925-14790,MCH-109,DEV-109-POS,2026-09-25 12:45:20,2026-09-25 12:45:40,2026-09-25 12:45:39,,10,900
KDS-ORD-20260925-14791,ORD-20260925-14791,MCH-108,DEV-108-POS,2026-09-25 08:37:20,2026-09-25 08:37:40,2026-09-25 08:38:18,2026-09-25 08:55:41,2,900
KDS-ORD-20260925-14792,ORD-20260925-14792,MCH-103,DEV-103-POS,2026-09-25 22:34:10,2026-09-25 22:34:30,2026-09-25 22:34:57,2026-09-25 22:46:38,2,720
KDS-ORD-20260925-14793,ORD-20260925-14793,MCH-106,DEV-106-POS,2026-09-25 06:51:52,2026-09-25 06:52:12,2026-09-25 06:52:52,2026-09-25 07:12:52,4,720
KDS-ORD-20260925-14794,ORD-20260925-14794,MCH-103,DEV-103-POS,2026-09-25 11:17:51,2026-09-25 11:18:11,2026-09-25 11:18:10,2026-09-25 11:32:23,2,720
KDS-ORD-20260925-14795,ORD-20260925-14795,MCH-104,DEV-104-POS,2026-09-25 11:44:20,2026-09-25 11:44:40,2026-09-25 11:45:09,2026-09-25 12:09:19,6,1080
KDS-ORD-20260925-14796,ORD-20260925-14796,MCH-111,DEV-111-POS,2026-09-25 12:00:30,2026-09-25 12:00:50,2026-09-25 12:01:13,,10,1080
KDS-ORD-20260925-14797,ORD-20260925-14797,MCH-103,DEV-103-POS,2026-09-25 09:55:13,2026-09-25 09:55:33,2026-09-25 09:55:32,2026-09-25 10:12:25,3,720
KDS-ORD-20260925-14798,ORD-20260925-14798,MCH-115,DEV-115-POS,2026-09-25 20:27:10,2026-09-25 20:27:30,2026-09-25 20:27:56,2026-09-25 21:05:43,12,1080
KDS-ORD-20260925-14799,ORD-20260925-14799,MCH-103,DEV-103-POS,2026-09-25 08:33:47,2026-09-25 08:34:07,2026-09-25 08:34:39,2026-09-25 08:49:41,3,720
KDS-ORD-20260925-14800,ORD-20260925-14800,MCH-111,DEV-111-POS,2026-09-25 18:28:26,2026-09-25 18:28:46,2026-09-25 18:29:18,2026-09-25 18:49:26,3,1080
KDS-ORD-20260925-14801,ORD-20260925-14801,MCH-114,DEV-114-POS,2026-09-25 08:05:54,2026-09-25 08:06:14,2026-09-25 08:06:42,2026-09-25 08:21:41,2,720
KDS-ORD-20260925-14802,ORD-20260925-14802,MCH-107,DEV-107-POS,2026-09-25 07:15:43,2026-09-25 07:16:03,2026-09-25 07:16:27,2026-09-25 07:35:27,3,900
KDS-ORD-20260925-14803,ORD-20260925-14803,MCH-106,DEV-106-POS,2026-09-25 21:18:49,2026-09-25 21:19:09,2026-09-25 21:19:26,2026-09-25 21:44:06,8,720
KDS-ORD-20260925-14804,ORD-20260925-14804,MCH-114,DEV-114-POS,2026-09-25 10:10:44,2026-09-25 10:11:04,2026-09-25 10:11:30,2026-09-25 10:24:43,3,720
KDS-ORD-20260925-14805,ORD-20260925-14805,MCH-105,DEV-105-POS,2026-09-25 20:26:35,2026-09-25 20:26:55,2026-09-25 20:27:02,2026-09-25 20:55:17,10,900
KDS-ORD-20260925-14806,ORD-20260925-14806,MCH-104,DEV-104-POS,2026-09-25 15:20:03,2026-09-25 15:20:23,2026-09-25 15:20:56,2026-09-25 15:42:39,5,1080
KDS-ORD-20260925-14807,ORD-20260925-14807,MCH-112,DEV-112-POS,2026-09-25 07:40:22,2026-09-25 07:40:42,2026-09-25 07:40:54,2026-09-25 07:59:11,2,900
KDS-ORD-20260925-14808,ORD-20260925-14808,MCH-104,DEV-104-POS,2026-09-25 22:53:50,2026-09-25 22:54:10,2026-09-25 22:54:35,2026-09-25 23:14:56,4,1080
KDS-ORD-20260925-14809,ORD-20260925-14809,MCH-108,DEV-108-POS,2026-09-25 11:41:42,2026-09-25 11:42:02,2026-09-25 11:42:41,2026-09-25 11:59:57,2,900
KDS-ORD-20260925-14810,ORD-20260925-14810,MCH-109,DEV-109-POS,2026-09-25 20:20:31,2026-09-25 20:20:51,2026-09-25 20:21:30,2026-09-25 20:50:33,8,900
KDS-ORD-20260925-14811,ORD-20260925-14811,MCH-104,DEV-104-POS,2026-09-25 09:14:27,2026-09-25 09:14:47,2026-09-25 09:15:05,2026-09-25 09:40:26,6,1080
KDS-ORD-20260925-14812,ORD-20260925-14812,MCH-111,DEV-111-POS,2026-09-25 20:05:47,2026-09-25 20:06:07,2026-09-25 20:06:47,2026-09-25 20:42:17,11,1080
KDS-ORD-20260925-14813,ORD-20260925-14813,MCH-112,DEV-112-POS,2026-09-25 02:28:23,2026-09-25 02:28:43,2026-09-25 02:29:07,2026-09-25 02:46:55,2,900
KDS-ORD-20260925-14814,ORD-20260925-14814,MCH-115,DEV-115-POS,2026-09-25 14:19:49,2026-09-25 14:20:09,2026-09-25 14:20:17,2026-09-25 15:06:15,16,1080
KDS-ORD-20260925-14815,ORD-20260925-14815,MCH-107,DEV-107-POS,2026-09-25 20:35:48,2026-09-25 20:36:08,2026-09-25 20:36:27,2026-09-25 21:10:49,13,900
KDS-ORD-20260925-14816,ORD-20260925-14816,MCH-112,DEV-112-POS,2026-09-25 21:54:49,2026-09-25 21:55:09,2026-09-25 21:55:42,2026-09-25 22:35:18,14,900
KDS-ORD-20260925-14817,ORD-20260925-14817,MCH-111,DEV-111-POS,2026-09-25 21:51:18,2026-09-25 21:51:38,2026-09-25 21:51:50,2026-09-25 22:33:22,15,1080
KDS-ORD-20260925-14818,ORD-20260925-14818,MCH-103,DEV-103-POS,2026-09-25 20:19:35,2026-09-25 20:19:55,2026-09-25 20:20:21,2026-09-25 20:49:42,15,720
KDS-ORD-20260925-14819,ORD-20260925-14819,MCH-110,DEV-110-POS,2026-09-25 21:28:55,2026-09-25 21:29:15,2026-09-25 21:29:45,2026-09-25 22:04:04,12,720
KDS-ORD-20260925-14820,ORD-20260925-14820,MCH-103,DEV-103-POS,2026-09-25 10:29:30,2026-09-25 10:29:50,2026-09-25 10:29:58,2026-09-25 10:41:29,2,720
KDS-ORD-20260925-14821,ORD-20260925-14821,MCH-104,DEV-104-POS,2026-09-25 11:43:25,2026-09-25 11:43:45,2026-09-25 11:44:17,2026-09-25 12:06:27,3,1080
KDS-ORD-20260925-14822,ORD-20260925-14822,MCH-107,DEV-107-POS,2026-09-25 11:08:58,2026-09-25 11:09:18,2026-09-25 11:09:49,2026-09-25 11:27:56,6,900
KDS-ORD-20260925-14823,ORD-20260925-14823,MCH-111,DEV-111-POS,2026-09-25 12:27:47,2026-09-25 12:28:07,2026-09-25 12:28:38,2026-09-25 13:15:44,15,1080
KDS-ORD-20260925-14824,ORD-20260925-14824,MCH-114,DEV-114-POS,2026-09-25 12:30:18,2026-09-25 12:30:38,2026-09-25 12:31:03,2026-09-25 12:55:06,7,720
KDS-ORD-20260925-14825,ORD-20260925-14825,MCH-115,DEV-115-POS,2026-09-25 15:02:39,2026-09-25 15:02:59,2026-09-25 15:03:15,2026-09-25 15:22:01,2,1080
KDS-ORD-20260925-14826,ORD-20260925-14826,MCH-108,DEV-108-POS,2026-09-25 09:30:10,2026-09-25 09:30:30,2026-09-25 09:30:53,2026-09-25 09:47:11,2,900
KDS-ORD-20260925-14827,ORD-20260925-14827,MCH-112,DEV-112-POS,2026-09-25 19:54:27,2026-09-25 19:54:47,2026-09-25 19:55:20,2026-09-25 20:36:04,16,900
KDS-ORD-20260925-14828,ORD-20260925-14828,MCH-102,DEV-102-POS,2026-09-25 09:22:07,2026-09-25 09:22:27,2026-09-25 09:22:35,2026-09-25 09:37:12,3,720
KDS-ORD-20260925-14829,ORD-20260925-14829,MCH-110,DEV-110-POS,2026-09-25 12:21:54,2026-09-25 12:22:14,2026-09-25 12:22:40,2026-09-25 12:51:04,14,720
KDS-ORD-20260925-14830,ORD-20260925-14830,MCH-105,DEV-105-POS,2026-09-25 14:05:13,2026-09-25 14:05:33,2026-09-25 14:05:57,2026-09-25 14:35:30,7,900
KDS-ORD-20260925-14831,ORD-20260925-14831,MCH-104,DEV-104-POS,2026-09-25 20:30:54,2026-09-25 20:31:14,2026-09-25 20:31:12,2026-09-25 21:08:18,8,1080
KDS-ORD-20260925-14832,ORD-20260925-14832,MCH-115,DEV-115-POS,2026-09-25 19:32:02,2026-09-25 19:32:22,2026-09-25 19:32:49,2026-09-25 20:07:26,8,1080
KDS-ORD-20260925-14833,ORD-20260925-14833,MCH-103,DEV-103-POS,2026-09-25 18:00:45,2026-09-25 18:01:05,2026-09-25 18:01:23,2026-09-25 18:17:42,4,720
KDS-ORD-20260925-14834,ORD-20260925-14834,MCH-114,DEV-114-POS,2026-09-25 09:41:52,2026-09-25 09:42:12,2026-09-25 09:42:19,2026-09-25 10:01:58,5,720
KDS-ORD-20260925-14835,ORD-20260925-14835,MCH-106,DEV-106-POS,2026-09-25 15:19:56,2026-09-25 15:20:16,2026-09-25 15:20:51,2026-09-25 15:34:24,3,720
KDS-ORD-20260925-14836,ORD-20260925-14836,MCH-104,DEV-104-POS,2026-09-25 07:02:11,2026-09-25 07:02:31,2026-09-25 07:03:02,2026-09-25 07:26:31,5,1080
KDS-ORD-20260925-14837,ORD-20260925-14837,MCH-114,DEV-114-POS,2026-09-25 13:00:10,2026-09-25 13:00:30,2026-09-25 13:00:34,2026-09-25 13:26:41,7,720
KDS-ORD-20260925-14838,ORD-20260925-14838,MCH-109,DEV-109-POS,2026-09-25 13:58:47,2026-09-25 13:59:07,2026-09-25 13:59:39,2026-09-25 14:32:24,12,900
KDS-ORD-20260925-14839,ORD-20260925-14839,MCH-107,DEV-107-POS,2026-09-25 05:09:22,2026-09-25 05:09:42,2026-09-25 05:10:04,2026-09-25 05:29:38,5,900
KDS-ORD-20260925-14840,ORD-20260925-14840,MCH-107,DEV-107-POS,2026-09-25 11:49:36,2026-09-25 11:49:56,2026-09-25 11:49:59,2026-09-25 12:06:11,2,900
KDS-ORD-20260925-14841,ORD-20260925-14841,MCH-110,DEV-110-POS,2026-09-25 22:37:47,2026-09-25 22:38:07,2026-09-25 22:38:10,2026-09-25 22:53:49,5,720
KDS-ORD-20260925-14842,ORD-20260925-14842,MCH-104,DEV-104-POS,2026-09-25 22:12:01,2026-09-25 22:12:21,2026-09-25 22:12:49,2026-09-25 22:33:37,5,1080
KDS-ORD-20260925-14843,ORD-20260925-14843,MCH-115,DEV-115-POS,2026-09-25 12:04:51,2026-09-25 12:05:11,2026-09-25 12:05:22,2026-09-25 12:46:18,13,1080
KDS-ORD-20260925-14844,ORD-20260925-14844,MCH-109,DEV-109-POS,2026-09-25 06:36:17,2026-09-25 06:36:37,2026-09-25 06:36:52,2026-09-25 06:54:41,2,900
KDS-ORD-20260925-14845,ORD-20260925-14845,MCH-113,DEV-113-POS,2026-09-25 10:34:10,2026-09-25 10:34:30,2026-09-25 10:34:29,2026-09-25 10:52:40,4,720
KDS-ORD-20260925-14846,ORD-20260925-14846,MCH-107,DEV-107-POS,2026-09-25 12:17:11,2026-09-25 12:17:31,2026-09-25 12:17:49,2026-09-25 12:53:08,11,900
KDS-ORD-20260925-14847,ORD-20260925-14847,MCH-115,DEV-115-POS,2026-09-25 22:49:58,2026-09-25 22:50:18,2026-09-25 22:50:53,2026-09-25 23:14:47,2,1080
KDS-ORD-20260925-14848,ORD-20260925-14848,MCH-104,DEV-104-POS,2026-09-25 09:38:32,2026-09-25 09:38:52,2026-09-25 09:38:52,2026-09-25 10:01:53,5,1080
KDS-ORD-20260925-14849,ORD-20260925-14849,MCH-109,DEV-109-POS,2026-09-25 19:53:34,2026-09-25 19:53:54,2026-09-25 19:54:05,2026-09-25 20:27:56,10,900
KDS-ORD-20260925-14850,ORD-20260925-14850,MCH-104,DEV-104-POS,2026-09-25 08:59:48,2026-09-25 09:00:08,2026-09-25 09:00:17,2026-09-25 09:21:14,4,1080
KDS-ORD-20260925-14851,ORD-20260925-14851,MCH-104,DEV-104-POS,2026-09-25 22:21:51,2026-09-25 22:22:11,2026-09-25 22:22:09,2026-09-25 22:43:13,4,1080
KDS-ORD-20260925-14852,ORD-20260925-14852,MCH-108,DEV-108-POS,2026-09-25 12:17:46,2026-09-25 12:18:06,2026-09-25 12:18:11,,14,900
KDS-ORD-20260925-14853,ORD-20260925-14853,MCH-103,DEV-103-POS,2026-09-25 20:11:50,2026-09-25 20:12:10,2026-09-25 20:12:36,2026-09-25 20:48:29,14,720
KDS-ORD-20260925-14854,ORD-20260925-14854,MCH-113,DEV-113-POS,2026-09-25 12:13:31,2026-09-25 12:13:51,2026-09-25 12:14:15,,7,720
KDS-ORD-20260925-14855,ORD-20260925-14855,MCH-101,DEV-101-POS,2026-09-25 18:43:38,2026-09-25 18:43:58,2026-09-25 18:44:15,2026-09-25 18:58:32,3,720
KDS-ORD-20260925-14856,ORD-20260925-14856,MCH-113,DEV-113-POS,2026-09-25 10:47:02,2026-09-25 10:47:22,2026-09-25 10:47:53,2026-09-25 11:02:29,3,720
KDS-ORD-20260925-14857,ORD-20260925-14857,MCH-106,DEV-106-POS,2026-09-25 09:19:32,2026-09-25 09:19:52,2026-09-25 09:20:12,2026-09-25 09:37:00,5,720
KDS-ORD-20260925-14858,ORD-20260925-14858,MCH-105,DEV-105-POS,2026-09-25 21:21:14,2026-09-25 21:21:34,2026-09-25 21:22:03,2026-09-25 21:55:15,8,900
KDS-ORD-20260925-14859,ORD-20260925-14859,MCH-112,DEV-112-POS,2026-09-25 21:18:23,2026-09-25 21:18:43,2026-09-25 21:19:15,2026-09-25 21:55:19,11,900
KDS-ORD-20260925-14860,ORD-20260925-14860,MCH-101,DEV-101-POS,2026-09-25 21:42:56,2026-09-25 21:43:16,2026-09-25 21:43:48,2026-09-25 22:10:47,12,720
KDS-ORD-20260925-14861,ORD-20260925-14861,MCH-108,DEV-108-POS,2026-09-25 18:43:51,2026-09-25 18:44:11,2026-09-25 18:44:32,2026-09-25 19:00:19,5,900
KDS-ORD-20260925-14862,ORD-20260925-14862,MCH-104,DEV-104-POS,2026-09-25 20:03:07,2026-09-25 20:03:27,2026-09-25 20:03:46,,14,1080
KDS-ORD-20260925-14863,ORD-20260925-14863,MCH-101,DEV-101-POS,2026-09-25 07:33:48,2026-09-25 07:34:08,2026-09-25 07:34:09,2026-09-25 07:46:49,3,720
KDS-ORD-20260925-14864,ORD-20260925-14864,MCH-106,DEV-106-POS,2026-09-25 13:00:33,2026-09-25 13:00:53,2026-09-25 13:01:21,2026-09-25 13:27:38,11,720
KDS-ORD-20260925-14865,ORD-20260925-14865,MCH-107,DEV-107-POS,2026-09-25 12:15:00,2026-09-25 12:15:20,2026-09-25 12:15:34,2026-09-25 12:50:40,15,900
KDS-ORD-20260925-14866,ORD-20260925-14866,MCH-103,DEV-103-POS,2026-09-25 18:02:59,2026-09-25 18:03:19,2026-09-25 18:03:35,2026-09-25 18:16:56,6,720
KDS-ORD-20260925-14867,ORD-20260925-14867,MCH-109,DEV-109-POS,2026-09-25 12:16:47,2026-09-25 12:17:07,2026-09-25 12:17:12,2026-09-25 12:50:05,15,900
KDS-ORD-20260925-14868,ORD-20260925-14868,MCH-107,DEV-107-POS,2026-09-25 09:59:14,2026-09-25 09:59:34,2026-09-25 09:59:31,2026-09-25 10:21:46,4,900
KDS-ORD-20260925-14869,ORD-20260925-14869,MCH-103,DEV-103-POS,2026-09-25 17:54:08,2026-09-25 17:54:28,2026-09-25 17:54:37,2026-09-25 18:08:25,3,720
KDS-ORD-20260925-14870,ORD-20260925-14870,MCH-115,DEV-115-POS,2026-09-25 20:56:09,2026-09-25 20:56:29,2026-09-25 20:56:45,2026-09-25 21:28:13,6,1080
KDS-ORD-20260925-14871,ORD-20260925-14871,MCH-115,DEV-115-POS,2026-09-25 12:57:53,2026-09-25 12:58:13,2026-09-25 12:58:36,2026-09-25 13:39:17,15,1080
KDS-ORD-20260925-14872,ORD-20260925-14872,MCH-103,DEV-103-POS,2026-09-25 09:56:18,2026-09-25 09:56:38,2026-09-25 09:56:43,2026-09-25 10:11:23,2,720
KDS-ORD-20260925-14873,ORD-20260925-14873,MCH-102,DEV-102-POS,2026-09-25 10:27:38,2026-09-25 10:27:58,2026-09-25 10:28:34,2026-09-25 10:44:16,5,720
KDS-ORD-20260925-14874,ORD-20260925-14874,MCH-102,DEV-102-POS,2026-09-25 11:09:01,2026-09-25 11:09:21,2026-09-25 11:09:55,2026-09-25 11:24:30,5,720
KDS-ORD-20260925-14875,ORD-20260925-14875,MCH-110,DEV-110-POS,2026-09-25 12:15:28,2026-09-25 12:15:48,2026-09-25 12:16:17,2026-09-25 12:39:56,13,720
KDS-ORD-20260925-14876,ORD-20260925-14876,MCH-107,DEV-107-POS,2026-09-25 18:47:26,2026-09-25 18:47:46,2026-09-25 18:47:46,2026-09-25 19:04:06,3,900
KDS-ORD-20260925-14877,ORD-20260925-14877,MCH-111,DEV-111-POS,2026-09-25 17:59:18,2026-09-25 17:59:38,2026-09-25 17:59:50,2026-09-25 18:20:21,2,1080
KDS-ORD-20260925-14878,ORD-20260925-14878,MCH-114,DEV-114-POS,2026-09-25 19:19:55,2026-09-25 19:20:15,2026-09-25 19:20:29,2026-09-25 19:48:44,8,720
KDS-ORD-20260925-14879,ORD-20260925-14879,MCH-103,DEV-103-POS,2026-09-25 12:21:04,2026-09-25 12:21:24,2026-09-25 12:21:59,2026-09-25 12:53:07,13,720
KDS-ORD-20260925-14880,ORD-20260925-14880,MCH-106,DEV-106-POS,2026-09-25 20:24:31,2026-09-25 20:24:51,2026-09-25 20:25:26,2026-09-25 20:54:18,15,720
KDS-ORD-20260925-14881,ORD-20260925-14881,MCH-111,DEV-111-POS,2026-09-25 10:36:25,2026-09-25 10:36:45,2026-09-25 10:37:01,2026-09-25 11:01:02,6,1080
KDS-ORD-20260925-14882,ORD-20260925-14882,MCH-109,DEV-109-POS,2026-09-25 13:12:12,2026-09-25 13:12:32,2026-09-25 13:13:06,2026-09-25 13:38:40,7,900
KDS-ORD-20260925-14883,ORD-20260925-14883,MCH-103,DEV-103-POS,2026-09-25 20:40:31,2026-09-25 20:40:51,2026-09-25 20:41:25,2026-09-25 21:14:45,10,720
KDS-ORD-20260925-14884,ORD-20260925-14884,MCH-113,DEV-113-POS,2026-09-25 10:09:56,2026-09-25 10:10:16,2026-09-25 10:10:30,2026-09-25 10:28:33,6,720
KDS-ORD-20260925-14885,ORD-20260925-14885,MCH-113,DEV-113-POS,2026-09-25 08:23:38,2026-09-25 08:23:58,2026-09-25 08:24:02,2026-09-25 08:39:13,2,720
KDS-ORD-20260925-14886,ORD-20260925-14886,MCH-110,DEV-110-POS,2026-09-25 21:54:43,2026-09-25 21:55:03,2026-09-25 21:55:04,2026-09-25 22:19:32,6,720
KDS-ORD-20260925-14887,ORD-20260925-14887,MCH-108,DEV-108-POS,2026-09-25 12:36:11,2026-09-25 12:36:31,2026-09-25 12:36:55,2026-09-25 13:11:05,12,900
KDS-ORD-20260925-14888,ORD-20260925-14888,MCH-108,DEV-108-POS,2026-09-25 19:13:49,2026-09-25 19:14:09,2026-09-25 19:14:38,2026-09-25 19:45:35,14,900
KDS-ORD-20260925-14889,ORD-20260925-14889,MCH-101,DEV-101-POS,2026-09-25 04:54:53,2026-09-25 04:55:13,2026-09-25 04:55:14,2026-09-25 05:11:57,4,720
KDS-ORD-20260925-14890,ORD-20260925-14890,MCH-106,DEV-106-POS,2026-09-25 19:15:56,2026-09-25 19:16:16,2026-09-25 19:16:19,2026-09-25 19:37:28,7,720
KDS-ORD-20260925-14891,ORD-20260925-14891,MCH-103,DEV-103-POS,2026-09-25 12:27:56,2026-09-25 12:28:16,2026-09-25 12:28:27,2026-09-25 13:02:58,12,720
KDS-ORD-20260925-14892,ORD-20260925-14892,MCH-114,DEV-114-POS,2026-09-25 06:50:18,2026-09-25 06:50:38,2026-09-25 06:50:57,2026-09-25 07:06:52,3,720
KDS-ORD-20260925-14893,ORD-20260925-14893,MCH-112,DEV-112-POS,2026-09-25 17:03:43,2026-09-25 17:04:03,2026-09-25 17:04:14,2026-09-25 17:27:49,6,900
KDS-ORD-20260925-14894,ORD-20260925-14894,MCH-110,DEV-110-POS,2026-09-25 11:46:17,2026-09-25 11:46:37,2026-09-25 11:46:52,2026-09-25 12:02:29,6,720
KDS-ORD-20260925-14895,ORD-20260925-14895,MCH-110,DEV-110-POS,2026-09-25 12:23:40,2026-09-25 12:24:00,2026-09-25 12:24:24,2026-09-25 12:55:11,12,720
KDS-ORD-20260925-14896,ORD-20260925-14896,MCH-113,DEV-113-POS,2026-09-25 07:16:58,2026-09-25 07:17:18,2026-09-25 07:17:42,2026-09-25 07:34:19,3,720
KDS-ORD-20260925-14897,ORD-20260925-14897,MCH-112,DEV-112-POS,2026-09-25 09:49:52,2026-09-25 09:50:12,2026-09-25 09:50:31,2026-09-25 10:05:55,4,900
KDS-ORD-20260925-14898,ORD-20260925-14898,MCH-112,DEV-112-POS,2026-09-25 11:55:42,2026-09-25 11:56:02,2026-09-25 11:56:00,2026-09-25 12:19:06,5,900
KDS-ORD-20260925-14899,ORD-20260925-14899,MCH-102,DEV-102-POS,2026-09-25 07:59:41,2026-09-25 08:00:01,2026-09-25 08:00:21,2026-09-25 08:15:06,5,720
KDS-ORD-20260925-14900,ORD-20260925-14900,MCH-115,DEV-115-POS,2026-09-25 21:19:30,2026-09-25 21:19:50,2026-09-25 21:20:13,2026-09-25 22:04:24,15,1080
KDS-ORD-20260925-14901,ORD-20260925-14901,MCH-113,DEV-113-POS,2026-09-25 00:19:28,2026-09-25 00:19:48,2026-09-25 00:20:07,2026-09-25 00:39:05,5,720
KDS-ORD-20260925-14902,ORD-20260925-14902,MCH-112,DEV-112-POS,2026-09-25 14:31:35,2026-09-25 14:31:55,2026-09-25 14:32:11,2026-09-25 14:59:51,6,900
KDS-ORD-20260925-14903,ORD-20260925-14903,MCH-106,DEV-106-POS,2026-09-25 08:02:46,2026-09-25 08:03:06,2026-09-25 08:03:24,2026-09-25 08:15:11,2,720
KDS-ORD-20260925-14904,ORD-20260925-14904,MCH-110,DEV-110-POS,2026-09-25 12:03:04,2026-09-25 12:03:24,2026-09-25 12:03:52,2026-09-25 12:35:46,10,720
KDS-ORD-20260925-14905,ORD-20260925-14905,MCH-113,DEV-113-POS,2026-09-25 21:59:22,2026-09-25 21:59:42,2026-09-25 22:00:01,,6,720
KDS-ORD-20260925-14906,ORD-20260925-14906,MCH-103,DEV-103-POS,2026-09-25 09:30:00,2026-09-25 09:30:20,2026-09-25 09:30:45,2026-09-25 09:46:58,3,720
KDS-ORD-20260925-14907,ORD-20260925-14907,MCH-101,DEV-101-POS,2026-09-25 22:42:59,2026-09-25 22:43:19,2026-09-25 22:43:47,2026-09-25 22:59:01,4,720
KDS-ORD-20260925-14908,ORD-20260925-14908,MCH-108,DEV-108-POS,2026-09-25 10:01:52,2026-09-25 10:02:12,2026-09-25 10:02:11,2026-09-25 10:21:20,6,900
KDS-ORD-20260925-14909,ORD-20260925-14909,MCH-102,DEV-102-POS,2026-09-25 19:46:30,2026-09-25 19:46:50,2026-09-25 19:46:57,2026-09-25 20:21:12,13,720
KDS-ORD-20260925-14910,ORD-20260925-14910,MCH-109,DEV-109-POS,2026-09-25 15:44:12,2026-09-25 15:44:32,2026-09-25 15:44:32,2026-09-25 16:01:17,2,900
KDS-ORD-20260925-14911,ORD-20260925-14911,MCH-113,DEV-113-POS,2026-09-25 21:44:37,2026-09-25 21:44:57,2026-09-25 21:45:02,2026-09-25 22:18:59,14,720
KDS-ORD-20260925-14912,ORD-20260925-14912,MCH-110,DEV-110-POS,2026-09-25 15:34:09,2026-09-25 15:34:29,2026-09-25 15:34:29,2026-09-25 15:50:43,6,720
KDS-ORD-20260925-14913,ORD-20260925-14913,MCH-115,DEV-115-POS,2026-09-25 15:29:27,2026-09-25 15:29:47,2026-09-25 15:29:42,2026-09-25 15:50:57,2,1080
KDS-ORD-20260925-14914,ORD-20260925-14914,MCH-101,DEV-101-POS,2026-09-25 10:47:55,2026-09-25 10:48:15,2026-09-25 10:48:29,2026-09-25 11:04:39,6,720
KDS-ORD-20260925-14915,ORD-20260925-14915,MCH-109,DEV-109-POS,2026-09-25 09:15:16,2026-09-25 09:15:36,2026-09-25 09:15:59,2026-09-25 09:32:17,3,900
KDS-ORD-20260925-14916,ORD-20260925-14916,MCH-101,DEV-101-POS,2026-09-25 22:00:21,2026-09-25 22:00:41,2026-09-25 22:01:02,2026-09-25 22:24:14,6,720
KDS-ORD-20260925-14917,ORD-20260925-14917,MCH-106,DEV-106-POS,2026-09-25 12:08:23,2026-09-25 12:08:43,2026-09-25 12:09:20,2026-09-25 12:37:27,7,720
KDS-ORD-20260925-14918,ORD-20260925-14918,MCH-114,DEV-114-POS,2026-09-25 12:48:45,2026-09-25 12:49:05,2026-09-25 12:49:15,2026-09-25 13:19:30,11,720
KDS-ORD-20260925-14919,ORD-20260925-14919,MCH-107,DEV-107-POS,2026-09-25 19:24:52,2026-09-25 19:25:12,2026-09-25 19:25:20,2026-09-25 20:02:12,12,900
KDS-ORD-20260925-14920,ORD-20260925-14920,MCH-110,DEV-110-POS,2026-09-25 12:03:49,2026-09-25 12:04:09,2026-09-25 12:04:38,2026-09-25 12:36:31,12,720
KDS-ORD-20260925-14921,ORD-20260925-14921,MCH-112,DEV-112-POS,2026-09-25 22:39:39,2026-09-25 22:39:59,2026-09-25 22:40:14,2026-09-25 22:53:53,3,900
KDS-ORD-20260925-14922,ORD-20260925-14922,MCH-101,DEV-101-POS,2026-09-25 19:44:12,2026-09-25 19:44:32,2026-09-25 19:44:39,2026-09-25 20:08:44,11,720
KDS-ORD-20260925-14923,ORD-20260925-14923,MCH-105,DEV-105-POS,2026-09-25 17:20:19,2026-09-25 17:20:39,2026-09-25 17:21:16,2026-09-25 17:39:28,4,900
KDS-ORD-20260925-14924,ORD-20260925-14924,MCH-103,DEV-103-POS,2026-09-25 21:40:16,2026-09-25 21:40:36,2026-09-25 21:41:06,2026-09-25 22:16:52,15,720
KDS-ORD-20260925-14925,ORD-20260925-14925,MCH-111,DEV-111-POS,2026-09-25 06:38:22,2026-09-25 06:38:42,2026-09-25 06:39:20,2026-09-25 07:03:19,6,1080
KDS-ORD-20260925-14926,ORD-20260925-14926,MCH-110,DEV-110-POS,2026-09-25 11:16:01,2026-09-25 11:16:21,2026-09-25 11:16:35,2026-09-25 11:29:44,2,720
KDS-ORD-20260925-14927,ORD-20260925-14927,MCH-102,DEV-102-POS,2026-09-25 13:07:01,2026-09-25 13:07:21,2026-09-25 13:07:17,2026-09-25 13:35:31,9,720
KDS-ORD-20260925-14928,ORD-20260925-14928,MCH-106,DEV-106-POS,2026-09-25 10:25:02,2026-09-25 10:25:22,2026-09-25 10:25:18,2026-09-25 10:43:18,4,720
KDS-ORD-20260925-14929,ORD-20260925-14929,MCH-105,DEV-105-POS,2026-09-25 19:40:04,2026-09-25 19:40:24,2026-09-25 19:40:19,2026-09-25 20:11:18,8,900
KDS-ORD-20260925-14930,ORD-20260925-14930,MCH-112,DEV-112-POS,2026-09-25 21:50:41,2026-09-25 21:51:01,2026-09-25 21:51:39,2026-09-25 22:19:55,7,900
KDS-ORD-20260925-14931,ORD-20260925-14931,MCH-115,DEV-115-POS,2026-09-25 13:27:09,2026-09-25 13:27:29,2026-09-25 13:27:39,,9,1080
KDS-ORD-20260925-14932,ORD-20260925-14932,MCH-106,DEV-106-POS,2026-09-25 12:45:12,2026-09-25 12:45:32,2026-09-25 12:46:05,2026-09-25 13:08:07,6,720
KDS-ORD-20260925-14933,ORD-20260925-14933,MCH-115,DEV-115-POS,2026-09-25 22:32:37,2026-09-25 22:32:57,2026-09-25 22:33:23,2026-09-25 22:55:13,2,1080
KDS-ORD-20260925-14934,ORD-20260925-14934,MCH-106,DEV-106-POS,2026-09-25 13:46:16,2026-09-25 13:46:36,2026-09-25 13:46:39,2026-09-25 14:15:18,11,720
KDS-ORD-20260925-14935,ORD-20260925-14935,MCH-108,DEV-108-POS,2026-09-25 14:44:52,2026-09-25 14:45:12,2026-09-25 14:45:42,2026-09-25 15:19:54,10,900
KDS-ORD-20260925-14936,ORD-20260925-14936,MCH-106,DEV-106-POS,2026-09-25 12:02:50,2026-09-25 12:03:10,2026-09-25 12:03:14,2026-09-25 12:32:41,10,720
KDS-ORD-20260925-14937,ORD-20260925-14937,MCH-108,DEV-108-POS,2026-09-25 21:31:01,2026-09-25 21:31:21,2026-09-25 21:31:17,2026-09-25 22:03:24,10,900
KDS-ORD-20260925-14938,ORD-20260925-14938,MCH-108,DEV-108-POS,2026-09-25 16:58:25,2026-09-25 16:58:45,2026-09-25 16:59:24,2026-09-25 17:14:47,2,900
KDS-ORD-20260925-14939,ORD-20260925-14939,MCH-101,DEV-101-POS,2026-09-25 19:47:29,2026-09-25 19:47:49,2026-09-25 19:47:56,2026-09-25 20:14:44,12,720
KDS-ORD-20260925-14940,ORD-20260925-14940,MCH-115,DEV-115-POS,2026-09-25 20:00:19,2026-09-25 20:00:39,2026-09-25 20:01:07,,9,1080
KDS-ORD-20260925-14941,ORD-20260925-14941,MCH-111,DEV-111-POS,2026-09-25 12:13:35,2026-09-25 12:13:55,2026-09-25 12:14:03,,10,1080
KDS-ORD-20260925-14942,ORD-20260925-14942,MCH-111,DEV-111-POS,2026-09-25 13:08:39,2026-09-25 13:08:59,2026-09-25 13:09:26,2026-09-25 13:48:25,11,1080
KDS-ORD-20260925-14943,ORD-20260925-14943,MCH-111,DEV-111-POS,2026-09-25 20:18:38,2026-09-25 20:18:58,2026-09-25 20:19:22,2026-09-25 20:47:21,7,1080
KDS-ORD-20260925-14944,ORD-20260925-14944,MCH-115,DEV-115-POS,2026-09-25 12:22:45,2026-09-25 12:23:05,2026-09-25 12:23:28,,13,1080
KDS-ORD-20260925-14945,ORD-20260925-14945,MCH-110,DEV-110-POS,2026-09-25 20:09:01,2026-09-25 20:09:21,2026-09-25 20:09:43,2026-09-25 20:33:42,6,720
KDS-ORD-20260925-14946,ORD-20260925-14946,MCH-111,DEV-111-POS,2026-09-25 21:58:35,2026-09-25 21:58:55,2026-09-25 21:59:00,2026-09-25 22:35:54,16,1080
KDS-ORD-20260925-14947,ORD-20260925-14947,MCH-109,DEV-109-POS,2026-09-25 18:09:52,2026-09-25 18:10:12,2026-09-25 18:10:49,2026-09-25 18:30:48,4,900
KDS-ORD-20260925-14948,ORD-20260925-14948,MCH-101,DEV-101-POS,2026-09-25 19:25:57,2026-09-25 19:26:17,2026-09-25 19:26:12,2026-09-25 19:49:53,9,720
KDS-ORD-20260925-14949,ORD-20260925-14949,MCH-107,DEV-107-POS,2026-09-25 20:56:42,2026-09-25 20:57:02,2026-09-25 20:57:42,2026-09-25 21:36:07,15,900
KDS-ORD-20260925-14950,ORD-20260925-14950,MCH-103,DEV-103-POS,2026-09-25 20:34:55,2026-09-25 20:35:15,2026-09-25 20:35:45,2026-09-25 21:03:48,12,720
KDS-ORD-20260925-14951,ORD-20260925-14951,MCH-107,DEV-107-POS,2026-09-25 12:32:42,2026-09-25 12:33:02,2026-09-25 12:33:11,,15,900
KDS-ORD-20260925-14952,ORD-20260925-14952,MCH-105,DEV-105-POS,2026-09-25 06:40:40,2026-09-25 06:41:00,2026-09-25 06:41:26,2026-09-25 07:02:06,5,900
KDS-ORD-20260925-14953,ORD-20260925-14953,MCH-106,DEV-106-POS,2026-09-25 13:58:53,2026-09-25 13:59:13,2026-09-25 13:59:50,2026-09-25 14:26:00,7,720
KDS-ORD-20260925-14954,ORD-20260925-14954,MCH-111,DEV-111-POS,2026-09-25 18:09:12,2026-09-25 18:09:32,2026-09-25 18:09:54,2026-09-25 18:27:42,3,1080
KDS-ORD-20260925-14955,ORD-20260925-14955,MCH-101,DEV-101-POS,2026-09-25 13:24:59,2026-09-25 13:25:19,2026-09-25 13:25:47,2026-09-25 13:49:29,6,720
KDS-ORD-20260925-14956,ORD-20260925-14956,MCH-107,DEV-107-POS,2026-09-25 19:27:58,2026-09-25 19:28:18,2026-09-25 19:28:40,2026-09-25 19:56:35,9,900
KDS-ORD-20260925-14957,ORD-20260925-14957,MCH-114,DEV-114-POS,2026-09-25 12:58:10,2026-09-25 12:58:30,2026-09-25 12:58:54,2026-09-25 13:20:20,6,720
KDS-ORD-20260925-14958,ORD-20260925-14958,MCH-107,DEV-107-POS,2026-09-25 18:00:53,2026-09-25 18:01:13,2026-09-25 18:01:53,2026-09-25 18:21:22,4,900
KDS-ORD-20260925-14959,ORD-20260925-14959,MCH-113,DEV-113-POS,2026-09-25 11:00:53,2026-09-25 11:01:13,2026-09-25 11:01:45,2026-09-25 11:24:17,5,720
KDS-ORD-20260925-14960,ORD-20260925-14960,MCH-113,DEV-113-POS,2026-09-25 19:12:22,2026-09-25 19:12:42,2026-09-25 19:13:13,2026-09-25 19:38:19,6,720
KDS-ORD-20260925-14961,ORD-20260925-14961,MCH-101,DEV-101-POS,2026-09-25 15:32:30,2026-09-25 15:32:50,2026-09-25 15:32:45,2026-09-25 15:45:57,3,720
KDS-ORD-20260925-14962,ORD-20260925-14962,MCH-113,DEV-113-POS,2026-09-25 10:24:35,2026-09-25 10:24:55,2026-09-25 10:25:08,2026-09-25 10:41:23,5,720
KDS-ORD-20260925-14963,ORD-20260925-14963,MCH-106,DEV-106-POS,2026-09-25 11:39:31,2026-09-25 11:39:51,2026-09-25 11:40:07,2026-09-25 11:54:55,4,720
KDS-ORD-20260925-14964,ORD-20260925-14964,MCH-112,DEV-112-POS,2026-09-25 19:05:53,2026-09-25 19:06:13,2026-09-25 19:06:27,2026-09-25 19:32:10,6,900
KDS-ORD-20260925-14965,ORD-20260925-14965,MCH-105,DEV-105-POS,2026-09-25 14:36:10,2026-09-25 14:36:30,2026-09-25 14:36:30,2026-09-25 15:13:38,14,900
KDS-ORD-20260925-14966,ORD-20260925-14966,MCH-110,DEV-110-POS,2026-09-25 10:54:42,2026-09-25 10:55:02,2026-09-25 10:55:11,2026-09-25 11:09:56,5,720
KDS-ORD-20260925-14967,ORD-20260925-14967,MCH-102,DEV-102-POS,2026-09-25 22:55:37,2026-09-25 22:55:57,2026-09-25 22:56:30,2026-09-25 23:10:28,2,720
KDS-ORD-20260925-14968,ORD-20260925-14968,MCH-108,DEV-108-POS,2026-09-25 19:30:17,2026-09-25 19:30:37,2026-09-25 19:30:40,,16,900
KDS-ORD-20260925-14969,ORD-20260925-14969,MCH-104,DEV-104-POS,2026-09-25 22:36:30,2026-09-25 22:36:50,2026-09-25 22:37:22,2026-09-25 22:59:31,4,1080
KDS-ORD-20260925-14970,ORD-20260925-14970,MCH-106,DEV-106-POS,2026-09-25 13:41:29,2026-09-25 13:41:49,2026-09-25 13:41:55,2026-09-25 14:15:12,13,720
KDS-ORD-20260925-14971,ORD-20260925-14971,MCH-104,DEV-104-POS,2026-09-25 13:36:40,2026-09-25 13:37:00,2026-09-25 13:37:36,,14,1080
KDS-ORD-20260925-14972,ORD-20260925-14972,MCH-111,DEV-111-POS,2026-09-25 21:37:06,2026-09-25 21:37:26,2026-09-25 21:37:57,2026-09-25 22:13:38,15,1080
KDS-ORD-20260925-14973,ORD-20260925-14973,MCH-114,DEV-114-POS,2026-09-25 15:57:13,2026-09-25 15:57:33,2026-09-25 15:57:30,2026-09-25 16:12:18,2,720
KDS-ORD-20260925-14974,ORD-20260925-14974,MCH-107,DEV-107-POS,2026-09-25 19:11:34,2026-09-25 19:11:54,2026-09-25 19:12:15,2026-09-25 19:46:20,10,900
KDS-ORD-20260925-14975,ORD-20260925-14975,MCH-110,DEV-110-POS,2026-09-25 11:25:10,2026-09-25 11:25:30,2026-09-25 11:25:41,2026-09-25 11:41:29,3,720
KDS-ORD-20260925-14976,ORD-20260925-14976,MCH-102,DEV-102-POS,2026-09-25 13:17:03,2026-09-25 13:17:23,2026-09-25 13:17:19,2026-09-25 13:50:25,10,720
KDS-ORD-20260925-14977,ORD-20260925-14977,MCH-108,DEV-108-POS,2026-09-25 08:43:04,2026-09-25 08:43:24,2026-09-25 08:43:58,2026-09-25 09:00:48,4,900
KDS-ORD-20260925-14978,ORD-20260925-14978,MCH-114,DEV-114-POS,2026-09-25 10:53:03,2026-09-25 10:53:23,2026-09-25 10:53:56,2026-09-25 11:10:57,6,720
KDS-ORD-20260925-14979,ORD-20260925-14979,MCH-106,DEV-106-POS,2026-09-25 00:20:24,2026-09-25 00:20:44,2026-09-25 00:21:18,2026-09-25 00:38:19,6,720
KDS-ORD-20260925-14980,ORD-20260925-14980,MCH-110,DEV-110-POS,2026-09-25 05:45:17,2026-09-25 05:45:37,2026-09-25 05:46:14,2026-09-25 06:00:53,5,720
KDS-ORD-20260925-14981,ORD-20260925-14981,MCH-108,DEV-108-POS,2026-09-25 22:16:40,2026-09-25 22:17:00,2026-09-25 22:17:40,2026-09-25 22:35:52,6,900
KDS-ORD-20260925-14982,ORD-20260925-14982,MCH-109,DEV-109-POS,2026-09-25 11:06:41,2026-09-25 11:07:01,2026-09-25 11:07:02,2026-09-25 11:25:31,4,900
KDS-ORD-20260925-14983,ORD-20260925-14983,MCH-104,DEV-104-POS,2026-09-25 18:09:30,2026-09-25 18:09:50,2026-09-25 18:09:51,2026-09-25 18:31:04,5,1080
KDS-ORD-20260925-14984,ORD-20260925-14984,MCH-110,DEV-110-POS,2026-09-25 20:01:49,2026-09-25 20:02:09,2026-09-25 20:02:29,2026-09-25 20:34:19,15,720
KDS-ORD-20260925-14985,ORD-20260925-14985,MCH-107,DEV-107-POS,2026-09-25 15:41:07,2026-09-25 15:41:27,2026-09-25 15:42:01,2026-09-25 15:59:47,3,900
KDS-ORD-20260925-14986,ORD-20260925-14986,MCH-102,DEV-102-POS,2026-09-25 09:19:14,2026-09-25 09:19:34,2026-09-25 09:20:13,2026-09-25 09:35:09,4,720
KDS-ORD-20260925-14987,ORD-20260925-14987,MCH-102,DEV-102-POS,2026-09-25 19:39:43,2026-09-25 19:40:03,2026-09-25 19:40:28,2026-09-25 20:06:18,10,720
KDS-ORD-20260925-14988,ORD-20260925-14988,MCH-105,DEV-105-POS,2026-09-25 17:09:15,2026-09-25 17:09:35,2026-09-25 17:10:04,2026-09-25 17:31:29,5,900
KDS-ORD-20260925-14989,ORD-20260925-14989,MCH-103,DEV-103-POS,2026-09-25 19:13:56,2026-09-25 19:14:16,2026-09-25 19:14:43,,7,720
KDS-ORD-20260925-14990,ORD-20260925-14990,MCH-114,DEV-114-POS,2026-09-25 20:06:42,2026-09-25 20:07:02,2026-09-25 20:07:18,2026-09-25 20:26:02,6,720
KDS-ORD-20260925-14991,ORD-20260925-14991,MCH-111,DEV-111-POS,2026-09-25 22:54:22,2026-09-25 22:54:42,2026-09-25 22:55:06,2026-09-25 23:16:26,5,1080
KDS-ORD-20260925-14992,ORD-20260925-14992,MCH-101,DEV-101-POS,2026-09-25 16:35:43,2026-09-25 16:36:03,2026-09-25 16:36:08,2026-09-25 16:58:07,6,720
KDS-ORD-20260925-14993,ORD-20260925-14993,MCH-109,DEV-109-POS,2026-09-25 12:35:38,2026-09-25 12:35:58,2026-09-25 12:36:27,2026-09-25 13:07:31,8,900
KDS-ORD-20260925-14994,ORD-20260925-14994,MCH-110,DEV-110-POS,2026-09-25 18:58:14,2026-09-25 18:58:34,2026-09-25 18:58:46,2026-09-25 19:15:08,4,720
KDS-ORD-20260925-14995,ORD-20260925-14995,MCH-104,DEV-104-POS,2026-09-25 07:48:23,2026-09-25 07:48:43,2026-09-25 07:48:41,2026-09-25 08:11:38,4,1080
KDS-ORD-20260925-14996,ORD-20260925-14996,MCH-101,DEV-101-POS,2026-09-25 21:23:13,2026-09-25 21:23:33,2026-09-25 21:23:55,2026-09-25 21:48:45,10,720
KDS-ORD-20260925-14997,ORD-20260925-14997,MCH-108,DEV-108-POS,2026-09-25 08:35:05,2026-09-25 08:35:25,2026-09-25 08:35:50,2026-09-25 09:00:23,6,900
KDS-ORD-20260925-14998,ORD-20260925-14998,MCH-114,DEV-114-POS,2026-09-25 12:12:01,2026-09-25 12:12:21,2026-09-25 12:13:01,2026-09-25 12:39:57,9,720
KDS-ORD-20260925-14999,ORD-20260925-14999,MCH-106,DEV-106-POS,2026-09-25 20:57:39,2026-09-25 20:57:59,2026-09-25 20:58:05,2026-09-25 21:33:38,13,720
KDS-ORD-20260925-15000,ORD-20260925-15000,MCH-102,DEV-102-POS,2026-09-25 17:10:22,2026-09-25 17:10:42,2026-09-25 17:11:18,2026-09-25 17:24:27,5,720
KDS-ORD-20260925-15001,ORD-20260925-15001,MCH-115,DEV-115-POS,2026-09-25 12:52:42,2026-09-25 12:53:02,2026-09-25 12:53:24,2026-09-25 13:31:18,13,1080
KDS-ORD-20260925-15002,ORD-20260925-15002,MCH-106,DEV-106-POS,2026-09-25 13:29:35,2026-09-25 13:29:55,2026-09-25 13:30:16,2026-09-25 14:07:28,16,720
KDS-ORD-20260925-15003,ORD-20260925-15003,MCH-113,DEV-113-POS,2026-09-25 20:32:04,2026-09-25 20:32:24,2026-09-25 20:32:41,,11,720
KDS-ORD-20260925-15004,ORD-20260925-15004,MCH-109,DEV-109-POS,2026-09-25 12:42:08,2026-09-25 12:42:28,2026-09-25 12:42:27,2026-09-25 13:13:34,10,900
KDS-ORD-20260925-15005,ORD-20260925-15005,MCH-111,DEV-111-POS,2026-09-25 20:48:08,2026-09-25 20:48:28,2026-09-25 20:48:59,2026-09-25 21:23:33,10,1080
KDS-ORD-20260925-15006,ORD-20260925-15006,MCH-112,DEV-112-POS,2026-09-25 07:06:07,2026-09-25 07:06:27,2026-09-25 07:06:58,2026-09-25 07:22:47,2,900
KDS-ORD-20260925-15007,ORD-20260925-15007,MCH-101,DEV-101-POS,2026-09-25 20:10:23,2026-09-25 20:10:43,2026-09-25 20:10:50,2026-09-25 20:48:43,14,720
KDS-ORD-20260925-15008,ORD-20260925-15008,MCH-114,DEV-114-POS,2026-09-25 20:34:05,2026-09-25 20:34:25,2026-09-25 20:35:04,2026-09-25 21:11:37,15,720
KDS-ORD-20260925-15009,ORD-20260925-15009,MCH-114,DEV-114-POS,2026-09-25 10:58:49,2026-09-25 10:59:09,2026-09-25 10:59:04,2026-09-25 11:12:17,2,720
KDS-ORD-20260925-15010,ORD-20260925-15010,MCH-103,DEV-103-POS,2026-09-25 13:23:49,2026-09-25 13:24:09,2026-09-25 13:24:37,2026-09-25 13:50:10,13,720
KDS-ORD-20260925-15011,ORD-20260925-15011,MCH-107,DEV-107-POS,2026-09-25 09:17:50,2026-09-25 09:18:10,2026-09-25 09:18:27,2026-09-25 09:36:40,4,900
KDS-ORD-20260925-15012,ORD-20260925-15012,MCH-106,DEV-106-POS,2026-09-25 19:44:41,2026-09-25 19:45:01,2026-09-25 19:45:38,2026-09-25 20:20:00,12,720
KDS-ORD-20260925-15013,ORD-20260925-15013,MCH-107,DEV-107-POS,2026-09-25 15:55:07,2026-09-25 15:55:27,2026-09-25 15:55:40,2026-09-25 16:12:36,4,900
KDS-ORD-20260925-15014,ORD-20260925-15014,MCH-110,DEV-110-POS,2026-09-25 18:39:23,2026-09-25 18:39:43,2026-09-25 18:39:48,2026-09-25 18:55:31,4,720
KDS-ORD-20260925-15015,ORD-20260925-15015,MCH-105,DEV-105-POS,2026-09-25 10:10:29,2026-09-25 10:10:49,2026-09-25 10:11:00,2026-09-25 10:30:27,2,900
KDS-ORD-20260925-15016,ORD-20260925-15016,MCH-113,DEV-113-POS,2026-09-25 10:12:50,2026-09-25 10:13:10,2026-09-25 10:13:13,2026-09-25 10:29:15,3,720
KDS-ORD-20260925-15017,ORD-20260925-15017,MCH-111,DEV-111-POS,2026-09-25 05:56:15,2026-09-25 05:56:35,2026-09-25 05:57:05,2026-09-25 06:14:32,3,1080
KDS-ORD-20260925-15018,ORD-20260925-15018,MCH-107,DEV-107-POS,2026-09-25 12:00:11,2026-09-25 12:00:31,2026-09-25 12:01:02,2026-09-25 12:28:30,7,900
KDS-ORD-20260925-15019,ORD-20260925-15019,MCH-113,DEV-113-POS,2026-09-25 16:25:16,2026-09-25 16:25:36,2026-09-25 16:25:37,2026-09-25 16:40:29,3,720
KDS-ORD-20260925-15020,ORD-20260925-15020,MCH-114,DEV-114-POS,2026-09-25 20:48:06,2026-09-25 20:48:26,2026-09-25 20:48:32,2026-09-25 21:11:39,9,720
KDS-ORD-20260925-15021,ORD-20260925-15021,MCH-111,DEV-111-POS,2026-09-25 18:06:26,2026-09-25 18:06:46,2026-09-25 18:06:47,2026-09-25 18:30:32,6,1080
KDS-ORD-20260925-15022,ORD-20260925-15022,MCH-104,DEV-104-POS,2026-09-25 13:40:28,2026-09-25 13:40:48,2026-09-25 13:41:22,2026-09-25 14:20:28,15,1080
KDS-ORD-20260925-15023,ORD-20260925-15023,MCH-115,DEV-115-POS,2026-09-25 22:12:31,2026-09-25 22:12:51,2026-09-25 22:13:21,2026-09-25 22:32:30,2,1080
KDS-ORD-20260925-15024,ORD-20260925-15024,MCH-104,DEV-104-POS,2026-09-25 19:22:12,2026-09-25 19:22:32,2026-09-25 19:22:57,2026-09-25 19:59:35,9,1080
KDS-ORD-20260925-15025,ORD-20260925-15025,MCH-102,DEV-102-POS,2026-09-25 21:34:20,2026-09-25 21:34:40,2026-09-25 21:34:44,2026-09-25 22:07:23,12,720
KDS-ORD-20260925-15026,ORD-20260925-15026,MCH-104,DEV-104-POS,2026-09-25 15:47:28,2026-09-25 15:47:48,2026-09-25 15:48:05,2026-09-25 16:08:52,5,1080
KDS-ORD-20260925-15027,ORD-20260925-15027,MCH-113,DEV-113-POS,2026-09-25 11:20:27,2026-09-25 11:20:47,2026-09-25 11:20:56,2026-09-25 11:32:37,3,720
KDS-ORD-20260925-15028,ORD-20260925-15028,MCH-106,DEV-106-POS,2026-09-25 06:38:34,2026-09-25 06:38:54,2026-09-25 06:39:32,2026-09-25 06:56:08,5,720
KDS-ORD-20260925-15029,ORD-20260925-15029,MCH-103,DEV-103-POS,2026-09-25 19:17:37,2026-09-25 19:17:57,2026-09-25 19:18:14,2026-09-25 19:55:17,16,720
KDS-ORD-20260925-15030,ORD-20260925-15030,MCH-110,DEV-110-POS,2026-09-25 08:04:32,2026-09-25 08:04:52,2026-09-25 08:05:28,2026-09-25 08:21:15,5,720
KDS-ORD-20260925-15031,ORD-20260925-15031,MCH-108,DEV-108-POS,2026-09-25 12:43:57,2026-09-25 12:44:17,2026-09-25 12:44:26,2026-09-25 13:24:17,16,900
KDS-ORD-20260925-15032,ORD-20260925-15032,MCH-111,DEV-111-POS,2026-09-25 15:54:00,2026-09-25 15:54:20,2026-09-25 15:54:37,2026-09-25 16:14:24,5,1080
KDS-ORD-20260925-15033,ORD-20260925-15033,MCH-102,DEV-102-POS,2026-09-25 16:20:45,2026-09-25 16:21:05,2026-09-25 16:21:40,2026-09-25 16:37:11,2,720
KDS-ORD-20260925-15034,ORD-20260925-15034,MCH-111,DEV-111-POS,2026-09-25 17:07:00,2026-09-25 17:07:20,2026-09-25 17:07:27,2026-09-25 17:26:39,4,1080
KDS-ORD-20260925-15035,ORD-20260925-15035,MCH-105,DEV-105-POS,2026-09-25 09:37:19,2026-09-25 09:37:39,2026-09-25 09:38:00,2026-09-25 09:56:37,3,900
KDS-ORD-20260925-15036,ORD-20260925-15036,MCH-105,DEV-105-POS,2026-09-25 12:13:15,2026-09-25 12:13:35,2026-09-25 12:13:44,2026-09-25 12:45:43,6,900
KDS-ORD-20260925-15037,ORD-20260925-15037,MCH-102,DEV-102-POS,2026-09-25 17:50:41,2026-09-25 17:51:01,2026-09-25 17:51:24,2026-09-25 18:05:10,4,720
KDS-ORD-20260925-15038,ORD-20260925-15038,MCH-115,DEV-115-POS,2026-09-25 22:22:07,2026-09-25 22:22:27,2026-09-25 22:22:48,2026-09-25 22:43:51,6,1080
KDS-ORD-20260925-15039,ORD-20260925-15039,MCH-103,DEV-103-POS,2026-09-25 19:44:22,2026-09-25 19:44:42,2026-09-25 19:44:38,2026-09-25 20:14:38,11,720
KDS-ORD-20260925-15040,ORD-20260925-15040,MCH-101,DEV-101-POS,2026-09-25 21:52:25,2026-09-25 21:52:45,2026-09-25 21:53:06,,6,720
KDS-ORD-20260925-15041,ORD-20260925-15041,MCH-114,DEV-114-POS,2026-09-25 19:56:49,2026-09-25 19:57:09,2026-09-25 19:57:35,2026-09-25 20:23:47,11,720
KDS-ORD-20260925-15042,ORD-20260925-15042,MCH-107,DEV-107-POS,2026-09-25 17:34:36,2026-09-25 17:34:56,2026-09-25 17:35:33,2026-09-25 17:56:16,6,900
KDS-ORD-20260925-15043,ORD-20260925-15043,MCH-114,DEV-114-POS,2026-09-25 10:02:51,2026-09-25 10:03:11,2026-09-25 10:03:25,2026-09-25 10:20:41,6,720
KDS-ORD-20260925-15044,ORD-20260925-15044,MCH-105,DEV-105-POS,2026-09-25 18:58:08,2026-09-25 18:58:28,2026-09-25 18:58:27,2026-09-25 19:14:58,3,900
KDS-ORD-20260925-15045,ORD-20260925-15045,MCH-110,DEV-110-POS,2026-09-25 18:14:02,2026-09-25 18:14:22,2026-09-25 18:14:34,2026-09-25 18:28:57,2,720
KDS-ORD-20260925-15046,ORD-20260925-15046,MCH-112,DEV-112-POS,2026-09-25 17:23:06,2026-09-25 17:23:26,2026-09-25 17:23:41,2026-09-25 17:37:11,3,900
KDS-ORD-20260925-15047,ORD-20260925-15047,MCH-114,DEV-114-POS,2026-09-25 14:19:51,2026-09-25 14:20:11,2026-09-25 14:20:15,2026-09-25 14:56:31,12,720
KDS-ORD-20260925-15048,ORD-20260925-15048,MCH-103,DEV-103-POS,2026-09-25 15:31:31,2026-09-25 15:31:51,2026-09-25 15:32:29,2026-09-25 15:47:40,2,720
KDS-ORD-20260925-15049,ORD-20260925-15049,MCH-106,DEV-106-POS,2026-09-25 12:02:38,2026-09-25 12:02:58,2026-09-25 12:03:37,2026-09-25 12:39:05,16,720
KDS-ORD-20260925-15050,ORD-20260925-15050,MCH-109,DEV-109-POS,2026-09-25 14:53:10,2026-09-25 14:53:30,2026-09-25 14:54:08,2026-09-25 15:18:22,6,900
KDS-ORD-20260925-15051,ORD-20260925-15051,MCH-101,DEV-101-POS,2026-09-25 10:09:28,2026-09-25 10:09:48,2026-09-25 10:10:03,2026-09-25 10:23:41,4,720
KDS-ORD-20260925-15052,ORD-20260925-15052,MCH-112,DEV-112-POS,2026-09-25 20:56:58,2026-09-25 20:57:18,2026-09-25 20:57:55,2026-09-25 21:33:59,16,900
KDS-ORD-20260925-15053,ORD-20260925-15053,MCH-105,DEV-105-POS,2026-09-25 10:38:51,2026-09-25 10:39:11,2026-09-25 10:39:45,2026-09-25 10:56:44,4,900
KDS-ORD-20260925-15054,ORD-20260925-15054,MCH-113,DEV-113-POS,2026-09-25 07:59:28,2026-09-25 07:59:48,2026-09-25 08:00:21,2026-09-25 08:18:50,6,720
KDS-ORD-20260925-15055,ORD-20260925-15055,MCH-109,DEV-109-POS,2026-09-25 13:11:13,2026-09-25 13:11:33,2026-09-25 13:12:01,2026-09-25 13:45:41,12,900
KDS-ORD-20260925-15056,ORD-20260925-15056,MCH-108,DEV-108-POS,2026-09-25 18:31:25,2026-09-25 18:31:45,2026-09-25 18:31:56,2026-09-25 18:53:55,6,900
KDS-ORD-20260925-15057,ORD-20260925-15057,MCH-106,DEV-106-POS,2026-09-25 13:47:59,2026-09-25 13:48:19,2026-09-25 13:48:16,2026-09-25 14:16:54,16,720
KDS-ORD-20260925-15058,ORD-20260925-15058,MCH-106,DEV-106-POS,2026-09-25 11:31:15,2026-09-25 11:31:35,2026-09-25 11:31:55,2026-09-25 11:47:37,3,720
KDS-ORD-20260925-15059,ORD-20260925-15059,MCH-104,DEV-104-POS,2026-09-25 16:54:23,2026-09-25 16:54:43,2026-09-25 16:54:46,2026-09-25 17:15:43,4,1080
KDS-ORD-20260925-15060,ORD-20260925-15060,MCH-109,DEV-109-POS,2026-09-25 12:44:43,2026-09-25 12:45:03,2026-09-25 12:45:16,2026-09-25 13:13:07,7,900
KDS-ORD-20260925-15061,ORD-20260925-15061,MCH-111,DEV-111-POS,2026-09-25 21:29:35,2026-09-25 21:29:55,2026-09-25 21:30:21,2026-09-25 22:09:54,12,1080
KDS-ORD-20260925-15062,ORD-20260925-15062,MCH-101,DEV-101-POS,2026-09-25 21:28:12,2026-09-25 21:28:32,2026-09-25 21:28:58,2026-09-25 22:05:18,15,720
KDS-ORD-20260925-15063,ORD-20260925-15063,MCH-115,DEV-115-POS,2026-09-25 14:58:15,2026-09-25 14:58:35,2026-09-25 14:58:44,2026-09-25 15:36:27,16,1080
KDS-ORD-20260925-15064,ORD-20260925-15064,MCH-107,DEV-107-POS,2026-09-25 12:19:30,2026-09-25 12:19:50,2026-09-25 12:19:48,2026-09-25 12:49:23,10,900
KDS-ORD-20260925-15065,ORD-20260925-15065,MCH-109,DEV-109-POS,2026-09-25 19:37:10,2026-09-25 19:37:30,2026-09-25 19:37:42,2026-09-25 20:15:55,14,900
KDS-ORD-20260925-15066,ORD-20260925-15066,MCH-105,DEV-105-POS,2026-09-25 05:13:34,2026-09-25 05:13:54,2026-09-25 05:14:07,2026-09-25 05:34:57,4,900
KDS-ORD-20260925-15067,ORD-20260925-15067,MCH-107,DEV-107-POS,2026-09-25 13:21:38,2026-09-25 13:21:58,2026-09-25 13:21:57,2026-09-25 13:55:34,14,900
KDS-ORD-20260925-15068,ORD-20260925-15068,MCH-107,DEV-107-POS,2026-09-25 12:00:32,2026-09-25 12:00:52,2026-09-25 12:00:55,2026-09-25 12:39:16,15,900
KDS-ORD-20260925-15069,ORD-20260925-15069,MCH-107,DEV-107-POS,2026-09-25 21:32:23,2026-09-25 21:32:43,2026-09-25 21:33:14,2026-09-25 22:09:48,16,900
KDS-ORD-20260925-15070,ORD-20260925-15070,MCH-107,DEV-107-POS,2026-09-25 02:14:41,2026-09-25 02:15:01,2026-09-25 02:15:15,2026-09-25 02:31:46,3,900
KDS-ORD-20260925-15071,ORD-20260925-15071,MCH-113,DEV-113-POS,2026-09-25 15:19:32,2026-09-25 15:19:52,2026-09-25 15:20:12,2026-09-25 15:34:46,4,720
KDS-ORD-20260925-15072,ORD-20260925-15072,MCH-115,DEV-115-POS,2026-09-25 19:02:11,2026-09-25 19:02:31,2026-09-25 19:02:54,,10,1080
KDS-ORD-20260925-15073,ORD-20260925-15073,MCH-105,DEV-105-POS,2026-09-25 14:28:04,2026-09-25 14:28:24,2026-09-25 14:28:36,2026-09-25 15:03:26,9,900
KDS-ORD-20260925-15074,ORD-20260925-15074,MCH-112,DEV-112-POS,2026-09-25 07:55:43,2026-09-25 07:56:03,2026-09-25 07:56:33,2026-09-25 08:17:02,3,900
KDS-ORD-20260925-15075,ORD-20260925-15075,MCH-114,DEV-114-POS,2026-09-25 22:32:29,2026-09-25 22:32:49,2026-09-25 22:33:27,2026-09-25 22:44:35,3,720
KDS-ORD-20260925-15076,ORD-20260925-15076,MCH-111,DEV-111-POS,2026-09-25 14:47:00,2026-09-25 14:47:20,2026-09-25 14:47:16,2026-09-25 15:33:29,15,1080
KDS-ORD-20260925-15077,ORD-20260925-15077,MCH-108,DEV-108-POS,2026-09-25 17:27:26,2026-09-25 17:27:46,2026-09-25 17:27:50,2026-09-25 17:44:14,2,900
KDS-ORD-20260925-15078,ORD-20260925-15078,MCH-113,DEV-113-POS,2026-09-25 11:18:39,2026-09-25 11:18:59,2026-09-25 11:19:12,2026-09-25 11:32:27,2,720
KDS-ORD-20260925-15079,ORD-20260925-15079,MCH-115,DEV-115-POS,2026-09-25 14:37:27,2026-09-25 14:37:47,2026-09-25 14:38:17,2026-09-25 15:15:47,15,1080
KDS-ORD-20260925-15080,ORD-20260925-15080,MCH-112,DEV-112-POS,2026-09-25 13:23:50,2026-09-25 13:24:10,2026-09-25 13:24:47,2026-09-25 13:50:36,7,900
KDS-ORD-20260925-15081,ORD-20260925-15081,MCH-102,DEV-102-POS,2026-09-25 07:01:49,2026-09-25 07:02:09,2026-09-25 07:02:43,2026-09-25 07:13:47,2,720
KDS-ORD-20260925-15082,ORD-20260925-15082,MCH-101,DEV-101-POS,2026-09-25 08:29:54,2026-09-25 08:30:14,2026-09-25 08:30:45,2026-09-25 08:46:52,5,720
KDS-ORD-20260925-15083,ORD-20260925-15083,MCH-109,DEV-109-POS,2026-09-25 20:52:07,2026-09-25 20:52:27,2026-09-25 20:52:59,2026-09-25 21:34:10,14,900
KDS-ORD-20260925-15084,ORD-20260925-15084,MCH-106,DEV-106-POS,2026-09-25 11:12:23,2026-09-25 11:12:43,2026-09-25 11:12:59,2026-09-25 11:29:08,5,720
KDS-ORD-20260925-15085,ORD-20260925-15085,MCH-107,DEV-107-POS,2026-09-25 10:01:45,2026-09-25 10:02:05,2026-09-25 10:02:13,2026-09-25 10:24:22,5,900
KDS-ORD-20260925-15086,ORD-20260925-15086,MCH-107,DEV-107-POS,2026-09-25 14:13:10,2026-09-25 14:13:30,2026-09-25 14:13:34,2026-09-25 14:44:54,12,900
KDS-ORD-20260925-15087,ORD-20260925-15087,MCH-104,DEV-104-POS,2026-09-25 20:58:01,2026-09-25 20:58:21,2026-09-25 20:58:20,2026-09-25 21:34:11,6,1080
KDS-ORD-20260925-15088,ORD-20260925-15088,MCH-115,DEV-115-POS,2026-09-25 06:31:32,2026-09-25 06:31:52,2026-09-25 06:32:16,2026-09-25 06:53:47,2,1080
KDS-ORD-20260925-15089,ORD-20260925-15089,MCH-114,DEV-114-POS,2026-09-25 16:52:30,2026-09-25 16:52:50,2026-09-25 16:53:04,2026-09-25 17:13:12,6,720
KDS-ORD-20260925-15090,ORD-20260925-15090,MCH-104,DEV-104-POS,2026-09-25 08:57:10,2026-09-25 08:57:30,2026-09-25 08:57:41,2026-09-25 09:19:06,4,1080
KDS-ORD-20260925-15091,ORD-20260925-15091,MCH-104,DEV-104-POS,2026-09-25 06:02:02,2026-09-25 06:02:22,2026-09-25 06:02:18,2026-09-25 06:24:04,6,1080
KDS-ORD-20260925-15092,ORD-20260925-15092,MCH-112,DEV-112-POS,2026-09-25 06:08:23,2026-09-25 06:08:43,2026-09-25 06:09:07,2026-09-25 06:28:49,2,900
KDS-ORD-20260925-15093,ORD-20260925-15093,MCH-106,DEV-106-POS,2026-09-25 20:49:04,2026-09-25 20:49:24,2026-09-25 20:49:21,2026-09-25 21:14:54,9,720
KDS-ORD-20260925-15094,ORD-20260925-15094,MCH-105,DEV-105-POS,2026-09-25 08:34:46,2026-09-25 08:35:06,2026-09-25 08:35:34,2026-09-25 08:57:46,6,900
KDS-ORD-20260925-15095,ORD-20260925-15095,MCH-110,DEV-110-POS,2026-09-25 06:21:02,2026-09-25 06:21:22,2026-09-25 06:21:48,2026-09-25 06:39:51,6,720
KDS-ORD-20260925-15096,ORD-20260925-15096,MCH-115,DEV-115-POS,2026-09-25 13:52:43,2026-09-25 13:53:03,2026-09-25 13:53:04,2026-09-25 14:33:57,15,1080
KDS-ORD-20260925-15097,ORD-20260925-15097,MCH-101,DEV-101-POS,2026-09-25 20:52:51,2026-09-25 20:53:11,2026-09-25 20:53:12,2026-09-25 21:19:50,12,720
KDS-ORD-20260925-15098,ORD-20260925-15098,MCH-103,DEV-103-POS,2026-09-25 11:20:21,2026-09-25 11:20:41,2026-09-25 11:21:11,2026-09-25 11:39:17,5,720
KDS-ORD-20260925-15099,ORD-20260925-15099,MCH-110,DEV-110-POS,2026-09-25 13:55:02,2026-09-25 13:55:22,2026-09-25 13:55:58,2026-09-25 14:29:05,12,720
KDS-ORD-20260925-15100,ORD-20260925-15100,MCH-112,DEV-112-POS,2026-09-25 05:31:08,2026-09-25 05:31:28,2026-09-25 05:31:25,2026-09-25 05:56:40,6,900
KDS-ORD-20260925-15101,ORD-20260925-15101,MCH-104,DEV-104-POS,2026-09-25 13:21:17,2026-09-25 13:21:37,2026-09-25 13:21:40,2026-09-25 14:03:51,13,1080
KDS-ORD-20260925-15102,ORD-20260925-15102,MCH-113,DEV-113-POS,2026-09-25 16:48:57,2026-09-25 16:49:17,2026-09-25 16:49:33,2026-09-25 17:06:24,6,720
KDS-ORD-20260925-15103,ORD-20260925-15103,MCH-107,DEV-107-POS,2026-09-25 16:53:00,2026-09-25 16:53:20,2026-09-25 16:53:32,2026-09-25 17:14:44,6,900
KDS-ORD-20260925-15104,ORD-20260925-15104,MCH-103,DEV-103-POS,2026-09-25 12:13:16,2026-09-25 12:13:36,2026-09-25 12:13:46,2026-09-25 12:37:26,7,720
KDS-ORD-20260925-15105,ORD-20260925-15105,MCH-101,DEV-101-POS,2026-09-25 12:13:16,2026-09-25 12:13:36,2026-09-25 12:13:56,2026-09-25 12:43:40,15,720
KDS-ORD-20260925-15106,ORD-20260925-15106,MCH-102,DEV-102-POS,2026-09-25 08:47:53,2026-09-25 08:48:13,2026-09-25 08:48:34,2026-09-25 08:59:46,3,720
KDS-ORD-20260925-15107,ORD-20260925-15107,MCH-102,DEV-102-POS,2026-09-25 12:11:00,2026-09-25 12:11:20,2026-09-25 12:11:15,2026-09-25 12:35:32,9,720
KDS-ORD-20260925-15108,ORD-20260925-15108,MCH-112,DEV-112-POS,2026-09-25 08:07:28,2026-09-25 08:07:48,2026-09-25 08:07:49,2026-09-25 08:30:10,5,900
KDS-ORD-20260925-15109,ORD-20260925-15109,MCH-109,DEV-109-POS,2026-09-25 20:04:05,2026-09-25 20:04:25,2026-09-25 20:04:22,2026-09-25 20:35:46,9,900
KDS-ORD-20260925-15110,ORD-20260925-15110,MCH-111,DEV-111-POS,2026-09-25 22:33:56,2026-09-25 22:34:16,2026-09-25 22:34:32,2026-09-25 22:54:20,2,1080
KDS-ORD-20260925-15111,ORD-20260925-15111,MCH-112,DEV-112-POS,2026-09-25 22:35:18,2026-09-25 22:35:38,2026-09-25 22:35:40,2026-09-25 22:51:22,3,900
KDS-ORD-20260925-15112,ORD-20260925-15112,MCH-101,DEV-101-POS,2026-09-25 20:38:23,2026-09-25 20:38:43,2026-09-25 20:39:08,2026-09-25 21:10:35,16,720
KDS-ORD-20260925-15113,ORD-20260925-15113,MCH-106,DEV-106-POS,2026-09-25 17:43:05,2026-09-25 17:43:25,2026-09-25 17:43:41,2026-09-25 17:58:07,4,720
KDS-ORD-20260925-15114,ORD-20260925-15114,MCH-104,DEV-104-POS,2026-09-25 19:37:32,2026-09-25 19:37:52,2026-09-25 19:37:49,2026-09-25 20:15:05,16,1080
KDS-ORD-20260925-15115,ORD-20260925-15115,MCH-104,DEV-104-POS,2026-09-25 11:05:15,2026-09-25 11:05:35,2026-09-25 11:05:52,2026-09-25 11:28:25,6,1080
KDS-ORD-20260925-15116,ORD-20260925-15116,MCH-102,DEV-102-POS,2026-09-25 18:25:35,2026-09-25 18:25:55,2026-09-25 18:25:55,2026-09-25 18:39:35,2,720
KDS-ORD-20260925-15117,ORD-20260925-15117,MCH-106,DEV-106-POS,2026-09-25 13:24:29,2026-09-25 13:24:49,2026-09-25 13:25:03,2026-09-25 13:48:27,7,720
KDS-ORD-20260925-15118,ORD-20260925-15118,MCH-109,DEV-109-POS,2026-09-25 14:14:26,2026-09-25 14:14:46,2026-09-25 14:15:01,2026-09-25 14:49:57,14,900
KDS-ORD-20260925-15119,ORD-20260925-15119,MCH-111,DEV-111-POS,2026-09-25 19:01:02,2026-09-25 19:01:22,2026-09-25 19:01:23,2026-09-25 19:32:52,8,1080
KDS-ORD-20260925-15120,ORD-20260925-15120,MCH-105,DEV-105-POS,2026-09-25 11:13:46,2026-09-25 11:14:06,2026-09-25 11:14:25,2026-09-25 11:35:24,6,900
KDS-ORD-20260925-15121,ORD-20260925-15121,MCH-105,DEV-105-POS,2026-09-25 12:11:31,2026-09-25 12:11:51,2026-09-25 12:12:16,2026-09-25 12:39:59,10,900
KDS-ORD-20260925-15122,ORD-20260925-15122,MCH-112,DEV-112-POS,2026-09-25 21:32:46,2026-09-25 21:33:06,2026-09-25 21:33:08,2026-09-25 22:04:05,12,900
KDS-ORD-20260925-15123,ORD-20260925-15123,MCH-104,DEV-104-POS,2026-09-25 06:01:59,2026-09-25 06:02:19,2026-09-25 06:02:21,2026-09-25 06:21:20,2,1080
KDS-ORD-20260925-15124,ORD-20260925-15124,MCH-108,DEV-108-POS,2026-09-25 14:24:09,2026-09-25 14:24:29,2026-09-25 14:24:46,2026-09-25 15:01:36,13,900
KDS-ORD-20260925-15125,ORD-20260925-15125,MCH-109,DEV-109-POS,2026-09-25 21:03:10,2026-09-25 21:03:30,2026-09-25 21:03:30,,6,900
KDS-ORD-20260925-15126,ORD-20260925-15126,MCH-105,DEV-105-POS,2026-09-25 17:23:55,2026-09-25 17:24:15,2026-09-25 17:24:50,2026-09-25 17:46:25,6,900
KDS-ORD-20260925-15127,ORD-20260925-15127,MCH-106,DEV-106-POS,2026-09-25 15:26:34,2026-09-25 15:26:54,2026-09-25 15:27:26,2026-09-25 15:39:29,4,720
KDS-ORD-20260925-15128,ORD-20260925-15128,MCH-108,DEV-108-POS,2026-09-25 11:11:49,2026-09-25 11:12:09,2026-09-25 11:12:43,2026-09-25 11:31:24,5,900
KDS-ORD-20260925-15129,ORD-20260925-15129,MCH-112,DEV-112-POS,2026-09-25 12:51:49,2026-09-25 12:52:09,2026-09-25 12:52:14,2026-09-25 13:30:24,13,900
KDS-ORD-20260925-15130,ORD-20260925-15130,MCH-101,DEV-101-POS,2026-09-25 20:47:02,2026-09-25 20:47:22,2026-09-25 20:47:33,,10,720
KDS-ORD-20260925-15131,ORD-20260925-15131,MCH-114,DEV-114-POS,2026-09-25 16:36:53,2026-09-25 16:37:13,2026-09-25 16:37:31,2026-09-25 16:51:15,2,720
KDS-ORD-20260925-15132,ORD-20260925-15132,MCH-113,DEV-113-POS,2026-09-25 14:57:47,2026-09-25 14:58:07,2026-09-25 14:58:14,2026-09-25 15:27:37,13,720
KDS-ORD-20260925-15133,ORD-20260925-15133,MCH-114,DEV-114-POS,2026-09-25 09:00:43,2026-09-25 09:01:03,2026-09-25 09:01:23,2026-09-25 09:14:42,2,720
KDS-ORD-20260925-15134,ORD-20260925-15134,MCH-103,DEV-103-POS,2026-09-25 03:16:51,2026-09-25 03:17:11,2026-09-25 03:17:29,2026-09-25 03:35:38,6,720
KDS-ORD-20260925-15135,ORD-20260925-15135,MCH-106,DEV-106-POS,2026-09-25 22:16:21,2026-09-25 22:16:41,2026-09-25 22:16:52,2026-09-25 22:33:06,6,720
KDS-ORD-20260925-15136,ORD-20260925-15136,MCH-104,DEV-104-POS,2026-09-25 12:26:14,2026-09-25 12:26:34,2026-09-25 12:26:40,2026-09-25 13:05:05,11,1080
KDS-ORD-20260925-15137,ORD-20260925-15137,MCH-108,DEV-108-POS,2026-09-25 17:36:29,2026-09-25 17:36:49,2026-09-25 17:37:07,2026-09-25 17:52:59,3,900
KDS-ORD-20260925-15138,ORD-20260925-15138,MCH-109,DEV-109-POS,2026-09-25 07:54:17,2026-09-25 07:54:37,2026-09-25 07:55:02,2026-09-25 08:12:10,6,900
KDS-ORD-20260925-15139,ORD-20260925-15139,MCH-114,DEV-114-POS,2026-09-25 19:11:54,2026-09-25 19:12:14,2026-09-25 19:12:27,2026-09-25 19:34:19,6,720
KDS-ORD-20260925-15140,ORD-20260925-15140,MCH-103,DEV-103-POS,2026-09-25 21:43:02,2026-09-25 21:43:22,2026-09-25 21:43:54,2026-09-25 22:13:53,12,720
KDS-ORD-20260925-15141,ORD-20260925-15141,MCH-105,DEV-105-POS,2026-09-25 16:27:06,2026-09-25 16:27:26,2026-09-25 16:27:59,2026-09-25 16:45:23,4,900
KDS-ORD-20260925-15142,ORD-20260925-15142,MCH-106,DEV-106-POS,2026-09-25 08:26:23,2026-09-25 08:26:43,2026-09-25 08:26:38,2026-09-25 08:43:57,3,720
KDS-ORD-20260925-15143,ORD-20260925-15143,MCH-110,DEV-110-POS,2026-09-25 16:52:50,2026-09-25 16:53:10,2026-09-25 16:53:14,2026-09-25 17:11:50,6,720
KDS-ORD-20260925-15144,ORD-20260925-15144,MCH-101,DEV-101-POS,2026-09-25 20:36:55,2026-09-25 20:37:15,2026-09-25 20:37:42,2026-09-25 21:04:33,11,720
KDS-ORD-20260925-15145,ORD-20260925-15145,MCH-109,DEV-109-POS,2026-09-25 13:56:14,2026-09-25 13:56:34,2026-09-25 13:56:43,2026-09-25 14:26:58,11,900
KDS-ORD-20260925-15146,ORD-20260925-15146,MCH-110,DEV-110-POS,2026-09-25 21:24:13,2026-09-25 21:24:33,2026-09-25 21:24:33,2026-09-25 21:47:26,6,720
KDS-ORD-20260925-15147,ORD-20260925-15147,MCH-112,DEV-112-POS,2026-09-25 18:33:50,2026-09-25 18:34:10,2026-09-25 18:34:22,2026-09-25 18:53:13,6,900
KDS-ORD-20260925-15148,ORD-20260925-15148,MCH-104,DEV-104-POS,2026-09-25 21:37:43,2026-09-25 21:38:03,2026-09-25 21:38:28,2026-09-25 22:16:22,10,1080
KDS-ORD-20260925-15149,ORD-20260925-15149,MCH-109,DEV-109-POS,2026-09-25 18:28:15,2026-09-25 18:28:35,2026-09-25 18:29:05,2026-09-25 18:51:15,6,900
KDS-ORD-20260925-15150,ORD-20260925-15150,MCH-104,DEV-104-POS,2026-09-25 08:48:15,2026-09-25 08:48:35,2026-09-25 08:48:59,2026-09-25 09:11:34,3,1080
KDS-ORD-20260925-15151,ORD-20260925-15151,MCH-101,DEV-101-POS,2026-09-25 12:49:56,2026-09-25 12:50:16,2026-09-25 12:50:33,2026-09-25 13:23:20,16,720
KDS-ORD-20260925-15152,ORD-20260925-15152,MCH-103,DEV-103-POS,2026-09-25 10:09:16,2026-09-25 10:09:36,2026-09-25 10:09:37,2026-09-25 10:25:52,5,720
KDS-ORD-20260925-15153,ORD-20260925-15153,MCH-107,DEV-107-POS,2026-09-25 21:36:33,2026-09-25 21:36:53,2026-09-25 21:37:23,2026-09-25 22:05:04,8,900
KDS-ORD-20260925-15154,ORD-20260925-15154,MCH-115,DEV-115-POS,2026-09-25 19:43:41,2026-09-25 19:44:01,2026-09-25 19:44:13,2026-09-25 20:21:52,10,1080
KDS-ORD-20260925-15155,ORD-20260925-15155,MCH-109,DEV-109-POS,2026-09-25 19:10:15,2026-09-25 19:10:35,2026-09-25 19:10:42,,10,900
KDS-ORD-20260925-15156,ORD-20260925-15156,MCH-105,DEV-105-POS,2026-09-25 12:47:11,2026-09-25 12:47:31,2026-09-25 12:47:43,2026-09-25 13:16:48,12,900
KDS-ORD-20260925-15157,ORD-20260925-15157,MCH-112,DEV-112-POS,2026-09-25 10:32:02,2026-09-25 10:32:22,2026-09-25 10:32:39,2026-09-25 10:49:01,4,900
KDS-ORD-20260925-15158,ORD-20260925-15158,MCH-111,DEV-111-POS,2026-09-25 19:02:37,2026-09-25 19:02:57,2026-09-25 19:03:19,2026-09-25 19:51:35,15,1080
KDS-ORD-20260925-15159,ORD-20260925-15159,MCH-112,DEV-112-POS,2026-09-25 13:48:55,2026-09-25 13:49:15,2026-09-25 13:49:41,2026-09-25 14:26:36,11,900
KDS-ORD-20260925-15160,ORD-20260925-15160,MCH-106,DEV-106-POS,2026-09-25 10:40:46,2026-09-25 10:41:06,2026-09-25 10:41:34,2026-09-25 10:55:50,2,720
KDS-ORD-20260925-15161,ORD-20260925-15161,MCH-114,DEV-114-POS,2026-09-25 17:58:09,2026-09-25 17:58:29,2026-09-25 17:58:35,2026-09-25 18:17:24,6,720
KDS-ORD-20260925-15162,ORD-20260925-15162,MCH-103,DEV-103-POS,2026-09-25 05:35:12,2026-09-25 05:35:32,2026-09-25 05:36:02,2026-09-25 05:53:51,4,720
KDS-ORD-20260925-15163,ORD-20260925-15163,MCH-107,DEV-107-POS,2026-09-25 12:10:51,2026-09-25 12:11:11,2026-09-25 12:11:51,2026-09-25 12:36:46,7,900
KDS-ORD-20260925-15164,ORD-20260925-15164,MCH-104,DEV-104-POS,2026-09-25 13:39:45,2026-09-25 13:40:05,2026-09-25 13:40:45,2026-09-25 14:15:08,8,1080
KDS-ORD-20260925-15165,ORD-20260925-15165,MCH-103,DEV-103-POS,2026-09-25 09:02:19,2026-09-25 09:02:39,2026-09-25 09:03:01,2026-09-25 09:17:58,3,720
KDS-ORD-20260925-15166,ORD-20260925-15166,MCH-109,DEV-109-POS,2026-09-25 22:16:23,2026-09-25 22:16:43,2026-09-25 22:17:03,2026-09-25 22:33:02,2,900
KDS-ORD-20260925-15167,ORD-20260925-15167,MCH-114,DEV-114-POS,2026-09-25 10:42:12,2026-09-25 10:42:32,2026-09-25 10:42:58,2026-09-25 10:57:53,2,720
KDS-ORD-20260925-15168,ORD-20260925-15168,MCH-102,DEV-102-POS,2026-09-25 08:53:45,2026-09-25 08:54:05,2026-09-25 08:54:37,2026-09-25 09:14:43,6,720
KDS-ORD-20260925-15169,ORD-20260925-15169,MCH-112,DEV-112-POS,2026-09-25 10:34:43,2026-09-25 10:35:03,2026-09-25 10:35:38,2026-09-25 10:52:57,3,900
KDS-ORD-20260925-15170,ORD-20260925-15170,MCH-104,DEV-104-POS,2026-09-25 20:02:19,2026-09-25 20:02:39,2026-09-25 20:02:53,2026-09-25 20:40:57,10,1080
KDS-ORD-20260925-15171,ORD-20260925-15171,MCH-106,DEV-106-POS,2026-09-25 13:19:33,2026-09-25 13:19:53,2026-09-25 13:19:54,2026-09-25 13:40:42,7,720
KDS-ORD-20260925-15172,ORD-20260925-15172,MCH-109,DEV-109-POS,2026-09-25 16:15:17,2026-09-25 16:15:37,2026-09-25 16:15:33,2026-09-25 16:33:14,4,900
KDS-ORD-20260925-15173,ORD-20260925-15173,MCH-115,DEV-115-POS,2026-09-25 04:23:44,2026-09-25 04:24:04,2026-09-25 04:24:11,2026-09-25 04:43:32,2,1080
KDS-ORD-20260925-15174,ORD-20260925-15174,MCH-111,DEV-111-POS,2026-09-25 05:38:36,2026-09-25 05:38:56,2026-09-25 05:39:06,2026-09-25 05:58:57,2,1080
KDS-ORD-20260925-15175,ORD-20260925-15175,MCH-108,DEV-108-POS,2026-09-25 13:15:15,2026-09-25 13:15:35,2026-09-25 13:15:55,2026-09-25 13:44:16,10,900
KDS-ORD-20260925-15176,ORD-20260925-15176,MCH-109,DEV-109-POS,2026-09-25 20:08:28,2026-09-25 20:08:48,2026-09-25 20:09:04,2026-09-25 20:46:32,12,900
KDS-ORD-20260925-15177,ORD-20260925-15177,MCH-111,DEV-111-POS,2026-09-25 21:23:10,2026-09-25 21:23:30,2026-09-25 21:23:35,2026-09-25 22:08:00,13,1080
KDS-ORD-20260925-15178,ORD-20260925-15178,MCH-109,DEV-109-POS,2026-09-25 07:49:20,2026-09-25 07:49:40,2026-09-25 07:50:05,2026-09-25 08:10:36,3,900
KDS-ORD-20260925-15179,ORD-20260925-15179,MCH-106,DEV-106-POS,2026-09-25 15:12:37,2026-09-25 15:12:57,2026-09-25 15:13:28,2026-09-25 15:33:57,6,720
KDS-ORD-20260925-15180,ORD-20260925-15180,MCH-103,DEV-103-POS,2026-09-25 21:51:52,2026-09-25 21:52:12,2026-09-25 21:52:42,2026-09-25 22:21:17,14,720
KDS-ORD-20260925-15181,ORD-20260925-15181,MCH-105,DEV-105-POS,2026-09-25 12:02:30,2026-09-25 12:02:50,2026-09-25 12:03:17,2026-09-25 12:38:38,12,900
KDS-ORD-20260925-15182,ORD-20260925-15182,MCH-106,DEV-106-POS,2026-09-25 20:03:57,2026-09-25 20:04:17,2026-09-25 20:04:48,2026-09-25 20:31:05,12,720
KDS-ORD-20260925-15183,ORD-20260925-15183,MCH-110,DEV-110-POS,2026-09-25 09:49:21,2026-09-25 09:49:41,2026-09-25 09:50:11,2026-09-25 10:09:03,6,720
KDS-ORD-20260925-15184,ORD-20260925-15184,MCH-101,DEV-101-POS,2026-09-25 21:32:29,2026-09-25 21:32:49,2026-09-25 21:33:27,,14,720
KDS-ORD-20260925-15185,ORD-20260925-15185,MCH-109,DEV-109-POS,2026-09-25 19:29:48,2026-09-25 19:30:08,2026-09-25 19:30:19,2026-09-25 19:59:35,13,900
KDS-ORD-20260925-15186,ORD-20260925-15186,MCH-106,DEV-106-POS,2026-09-25 21:08:37,2026-09-25 21:08:57,2026-09-25 21:08:55,2026-09-25 21:39:34,11,720
KDS-ORD-20260925-15187,ORD-20260925-15187,MCH-106,DEV-106-POS,2026-09-25 19:45:19,2026-09-25 19:45:39,2026-09-25 19:45:49,2026-09-25 20:14:49,13,720
KDS-ORD-20260925-15188,ORD-20260925-15188,MCH-102,DEV-102-POS,2026-09-25 12:37:03,2026-09-25 12:37:23,2026-09-25 12:37:23,2026-09-25 13:05:28,15,720
KDS-ORD-20260925-15189,ORD-20260925-15189,MCH-111,DEV-111-POS,2026-09-25 21:33:03,2026-09-25 21:33:23,2026-09-25 21:33:24,2026-09-25 22:07:53,9,1080
KDS-ORD-20260925-15190,ORD-20260925-15190,MCH-107,DEV-107-POS,2026-09-25 11:05:27,2026-09-25 11:05:47,2026-09-25 11:06:13,2026-09-25 11:21:10,4,900
KDS-ORD-20260925-15191,ORD-20260925-15191,MCH-103,DEV-103-POS,2026-09-25 12:40:04,2026-09-25 12:40:24,2026-09-25 12:40:58,2026-09-25 13:06:35,7,720
KDS-ORD-20260925-15192,ORD-20260925-15192,MCH-111,DEV-111-POS,2026-09-25 19:41:15,2026-09-25 19:41:35,2026-09-25 19:42:12,2026-09-25 20:21:14,10,1080
KDS-ORD-20260925-15193,ORD-20260925-15193,MCH-101,DEV-101-POS,2026-09-25 19:34:30,2026-09-25 19:34:50,2026-09-25 19:34:59,,14,720
KDS-ORD-20260925-15194,ORD-20260925-15194,MCH-103,DEV-103-POS,2026-09-25 21:27:50,2026-09-25 21:28:10,2026-09-25 21:28:31,2026-09-25 22:03:00,15,720
KDS-ORD-20260925-15195,ORD-20260925-15195,MCH-105,DEV-105-POS,2026-09-25 10:47:39,2026-09-25 10:47:59,2026-09-25 10:48:30,2026-09-25 11:08:01,5,900
KDS-ORD-20260925-15196,ORD-20260925-15196,MCH-110,DEV-110-POS,2026-09-25 20:59:04,2026-09-25 20:59:24,2026-09-25 20:59:40,2026-09-25 21:27:14,6,720
KDS-ORD-20260925-15197,ORD-20260925-15197,MCH-103,DEV-103-POS,2026-09-25 19:18:04,2026-09-25 19:18:24,2026-09-25 19:18:53,2026-09-25 19:48:59,11,720
KDS-ORD-20260925-15198,ORD-20260925-15198,MCH-105,DEV-105-POS,2026-09-25 06:22:36,2026-09-25 06:22:56,2026-09-25 06:23:29,2026-09-25 06:41:21,5,900
KDS-ORD-20260925-15199,ORD-20260925-15199,MCH-105,DEV-105-POS,2026-09-25 12:15:37,2026-09-25 12:15:57,2026-09-25 12:16:36,2026-09-25 12:46:51,13,900
KDS-ORD-20260925-15200,ORD-20260925-15200,MCH-115,DEV-115-POS,2026-09-25 11:08:45,2026-09-25 11:09:05,2026-09-25 11:09:36,2026-09-25 11:31:11,4,1080
KDS-ORD-20260925-15201,ORD-20260925-15201,MCH-109,DEV-109-POS,2026-09-25 12:14:33,2026-09-25 12:14:53,2026-09-25 12:15:27,2026-09-25 12:48:07,11,900
KDS-ORD-20260925-15202,ORD-20260925-15202,MCH-115,DEV-115-POS,2026-09-25 22:36:13,2026-09-25 22:36:33,2026-09-25 22:36:47,2026-09-25 22:55:48,2,1080
KDS-ORD-20260925-15203,ORD-20260925-15203,MCH-110,DEV-110-POS,2026-09-25 18:20:52,2026-09-25 18:21:12,2026-09-25 18:21:24,2026-09-25 18:38:58,6,720
KDS-ORD-20260925-15204,ORD-20260925-15204,MCH-108,DEV-108-POS,2026-09-25 19:17:22,2026-09-25 19:17:42,2026-09-25 19:17:53,2026-09-25 19:48:26,10,900
KDS-ORD-20260925-15205,ORD-20260925-15205,MCH-102,DEV-102-POS,2026-09-25 22:02:19,2026-09-25 22:02:39,2026-09-25 22:03:18,2026-09-25 22:19:43,6,720
KDS-ORD-20260925-15206,ORD-20260925-15206,MCH-110,DEV-110-POS,2026-09-25 12:01:20,2026-09-25 12:01:40,2026-09-25 12:01:59,2026-09-25 12:24:24,9,720
KDS-ORD-20260925-15207,ORD-20260925-15207,MCH-114,DEV-114-POS,2026-09-25 20:59:01,2026-09-25 20:59:21,2026-09-25 20:59:30,2026-09-25 21:29:32,9,720
KDS-ORD-20260925-15208,ORD-20260925-15208,MCH-115,DEV-115-POS,2026-09-25 13:58:36,2026-09-25 13:58:56,2026-09-25 13:59:34,2026-09-25 14:33:08,8,1080
KDS-ORD-20260925-15209,ORD-20260925-15209,MCH-110,DEV-110-POS,2026-09-25 20:28:35,2026-09-25 20:28:55,2026-09-25 20:29:27,2026-09-25 21:00:05,9,720
KDS-ORD-20260925-15210,ORD-20260925-15210,MCH-110,DEV-110-POS,2026-09-25 10:15:58,2026-09-25 10:16:18,2026-09-25 10:16:38,2026-09-25 10:32:56,6,720
KDS-ORD-20260925-15211,ORD-20260925-15211,MCH-112,DEV-112-POS,2026-09-25 22:58:45,2026-09-25 22:59:05,2026-09-25 22:59:24,2026-09-25 23:16:23,2,900
KDS-ORD-20260925-15212,ORD-20260925-15212,MCH-111,DEV-111-POS,2026-09-25 10:10:28,2026-09-25 10:10:48,2026-09-25 10:10:55,2026-09-25 10:35:08,5,1080
KDS-ORD-20260925-15213,ORD-20260925-15213,MCH-105,DEV-105-POS,2026-09-25 12:14:42,2026-09-25 12:15:02,2026-09-25 12:15:34,2026-09-25 12:46:34,14,900
KDS-ORD-20260925-15214,ORD-20260925-15214,MCH-102,DEV-102-POS,2026-09-25 19:24:31,2026-09-25 19:24:51,2026-09-25 19:24:52,2026-09-25 19:51:36,10,720
KDS-ORD-20260925-15215,ORD-20260925-15215,MCH-112,DEV-112-POS,2026-09-25 12:28:25,2026-09-25 12:28:45,2026-09-25 12:28:44,2026-09-25 13:10:36,13,900
KDS-ORD-20260925-15216,ORD-20260925-15216,MCH-105,DEV-105-POS,2026-09-25 17:48:32,2026-09-25 17:48:52,2026-09-25 17:48:51,2026-09-25 18:10:20,5,900
KDS-ORD-20260925-15217,ORD-20260925-15217,MCH-112,DEV-112-POS,2026-09-25 13:57:59,2026-09-25 13:58:19,2026-09-25 13:58:46,2026-09-25 14:29:13,9,900
KDS-ORD-20260925-15218,ORD-20260925-15218,MCH-109,DEV-109-POS,2026-09-25 19:17:55,2026-09-25 19:18:15,2026-09-25 19:18:55,2026-09-25 19:44:37,7,900
KDS-ORD-20260925-15219,ORD-20260925-15219,MCH-103,DEV-103-POS,2026-09-25 10:33:36,2026-09-25 10:33:56,2026-09-25 10:34:30,2026-09-25 10:52:43,6,720
KDS-ORD-20260925-15220,ORD-20260925-15220,MCH-113,DEV-113-POS,2026-09-25 06:39:18,2026-09-25 06:39:38,2026-09-25 06:40:18,2026-09-25 06:53:56,2,720
KDS-ORD-20260925-15221,ORD-20260925-15221,MCH-114,DEV-114-POS,2026-09-25 12:10:13,2026-09-25 12:10:33,2026-09-25 12:11:00,2026-09-25 12:38:54,10,720
KDS-ORD-20260925-15222,ORD-20260925-15222,MCH-107,DEV-107-POS,2026-09-25 13:21:28,2026-09-25 13:21:48,2026-09-25 13:22:21,2026-09-25 13:58:31,15,900
KDS-ORD-20260925-15223,ORD-20260925-15223,MCH-108,DEV-108-POS,2026-09-25 09:39:47,2026-09-25 09:40:07,2026-09-25 09:40:35,2026-09-25 09:56:16,3,900
KDS-ORD-20260925-15224,ORD-20260925-15224,MCH-108,DEV-108-POS,2026-09-25 12:42:14,2026-09-25 12:42:34,2026-09-25 12:42:54,2026-09-25 13:13:37,9,900
KDS-ORD-20260925-15225,ORD-20260925-15225,MCH-101,DEV-101-POS,2026-09-25 13:06:07,2026-09-25 13:06:27,2026-09-25 13:06:40,2026-09-25 13:30:43,9,720
KDS-ORD-20260925-15226,ORD-20260925-15226,MCH-109,DEV-109-POS,2026-09-25 06:44:09,2026-09-25 06:44:29,2026-09-25 06:45:09,2026-09-25 07:01:01,4,900
KDS-ORD-20260925-15227,ORD-20260925-15227,MCH-104,DEV-104-POS,2026-09-25 16:51:21,2026-09-25 16:51:41,2026-09-25 16:51:39,2026-09-25 17:12:34,3,1080
KDS-ORD-20260925-15228,ORD-20260925-15228,MCH-111,DEV-111-POS,2026-09-25 21:44:43,2026-09-25 21:45:03,2026-09-25 21:45:05,2026-09-25 22:20:49,11,1080
KDS-ORD-20260925-15229,ORD-20260925-15229,MCH-109,DEV-109-POS,2026-09-25 09:24:41,2026-09-25 09:25:01,2026-09-25 09:25:04,2026-09-25 09:42:40,5,900
KDS-ORD-20260925-15230,ORD-20260925-15230,MCH-110,DEV-110-POS,2026-09-25 17:24:47,2026-09-25 17:25:07,2026-09-25 17:25:23,2026-09-25 17:38:13,2,720
KDS-ORD-20260925-15231,ORD-20260925-15231,MCH-104,DEV-104-POS,2026-09-25 18:38:45,2026-09-25 18:39:05,2026-09-25 18:39:42,2026-09-25 18:57:12,3,1080
KDS-ORD-20260925-15232,ORD-20260925-15232,MCH-102,DEV-102-POS,2026-09-25 13:17:29,2026-09-25 13:17:49,2026-09-25 13:18:26,2026-09-25 13:49:15,14,720
KDS-ORD-20260925-15233,ORD-20260925-15233,MCH-114,DEV-114-POS,2026-09-25 19:17:24,2026-09-25 19:17:44,2026-09-25 19:17:51,2026-09-25 19:53:27,16,720
KDS-ORD-20260925-15234,ORD-20260925-15234,MCH-107,DEV-107-POS,2026-09-25 12:59:46,2026-09-25 13:00:06,2026-09-25 13:00:41,2026-09-25 13:29:48,13,900
KDS-ORD-20260925-15235,ORD-20260925-15235,MCH-112,DEV-112-POS,2026-09-25 14:03:27,2026-09-25 14:03:47,2026-09-25 14:03:42,2026-09-25 14:30:56,7,900
KDS-ORD-20260925-15236,ORD-20260925-15236,MCH-103,DEV-103-POS,2026-09-25 00:22:28,2026-09-25 00:22:48,2026-09-25 00:23:25,2026-09-25 00:38:32,2,720
KDS-ORD-20260925-15237,ORD-20260925-15237,MCH-109,DEV-109-POS,2026-09-25 19:17:42,2026-09-25 19:18:02,2026-09-25 19:18:40,2026-09-25 19:47:49,6,900
KDS-ORD-20260925-15238,ORD-20260925-15238,MCH-106,DEV-106-POS,2026-09-25 18:54:35,2026-09-25 18:54:55,2026-09-25 18:55:03,2026-09-25 19:13:19,5,720
KDS-ORD-20260925-15239,ORD-20260925-15239,MCH-105,DEV-105-POS,2026-09-25 05:16:23,2026-09-25 05:16:43,2026-09-25 05:16:54,2026-09-25 05:36:11,5,900
KDS-ORD-20260925-15240,ORD-20260925-15240,MCH-106,DEV-106-POS,2026-09-25 12:16:41,2026-09-25 12:17:01,2026-09-25 12:17:14,2026-09-25 12:42:26,8,720
KDS-ORD-20260925-15241,ORD-20260925-15241,MCH-110,DEV-110-POS,2026-09-25 22:19:17,2026-09-25 22:19:37,2026-09-25 22:19:53,2026-09-25 22:36:42,6,720
KDS-ORD-20260925-15242,ORD-20260925-15242,MCH-107,DEV-107-POS,2026-09-25 13:14:26,2026-09-25 13:14:46,2026-09-25 13:15:01,2026-09-25 13:44:12,13,900
KDS-ORD-20260925-15243,ORD-20260925-15243,MCH-105,DEV-105-POS,2026-09-25 14:57:05,2026-09-25 14:57:25,2026-09-25 14:57:55,2026-09-25 15:38:30,14,900
KDS-ORD-20260925-15244,ORD-20260925-15244,MCH-102,DEV-102-POS,2026-09-25 21:40:36,2026-09-25 21:40:56,2026-09-25 21:41:22,2026-09-25 22:04:45,9,720
KDS-ORD-20260925-15245,ORD-20260925-15245,MCH-104,DEV-104-POS,2026-09-25 19:01:00,2026-09-25 19:01:20,2026-09-25 19:01:15,2026-09-25 19:37:17,11,1080
KDS-ORD-20260925-15246,ORD-20260925-15246,MCH-115,DEV-115-POS,2026-09-25 16:22:30,2026-09-25 16:22:50,2026-09-25 16:23:02,2026-09-25 16:46:08,4,1080
KDS-ORD-20260925-15247,ORD-20260925-15247,MCH-105,DEV-105-POS,2026-09-25 20:20:47,2026-09-25 20:21:07,2026-09-25 20:21:26,2026-09-25 20:55:04,15,900
KDS-ORD-20260925-15248,ORD-20260925-15248,MCH-105,DEV-105-POS,2026-09-25 20:07:01,2026-09-25 20:07:21,2026-09-25 20:07:27,2026-09-25 20:39:06,11,900
KDS-ORD-20260925-15249,ORD-20260925-15249,MCH-115,DEV-115-POS,2026-09-25 13:15:02,2026-09-25 13:15:22,2026-09-25 13:15:57,2026-09-25 13:48:18,6,1080
KDS-ORD-20260925-15250,ORD-20260925-15250,MCH-110,DEV-110-POS,2026-09-25 13:15:29,2026-09-25 13:15:49,2026-09-25 13:15:50,2026-09-25 13:39:18,8,720
KDS-ORD-20260925-15251,ORD-20260925-15251,MCH-106,DEV-106-POS,2026-09-25 12:41:58,2026-09-25 12:42:18,2026-09-25 12:42:57,2026-09-25 13:08:10,10,720
KDS-ORD-20260925-15252,ORD-20260925-15252,MCH-110,DEV-110-POS,2026-09-25 22:27:01,2026-09-25 22:27:21,2026-09-25 22:28:01,2026-09-25 22:47:38,6,720
KDS-ORD-20260925-15253,ORD-20260925-15253,MCH-115,DEV-115-POS,2026-09-25 19:19:27,2026-09-25 19:19:47,2026-09-25 19:19:50,2026-09-25 19:53:50,14,1080
KDS-ORD-20260925-15254,ORD-20260925-15254,MCH-111,DEV-111-POS,2026-09-25 07:30:08,2026-09-25 07:30:28,2026-09-25 07:30:35,2026-09-25 07:52:28,2,1080
KDS-ORD-20260925-15255,ORD-20260925-15255,MCH-113,DEV-113-POS,2026-09-25 20:35:09,2026-09-25 20:35:29,2026-09-25 20:35:32,2026-09-25 20:58:24,8,720
KDS-ORD-20260925-15256,ORD-20260925-15256,MCH-108,DEV-108-POS,2026-09-25 14:41:11,2026-09-25 14:41:31,2026-09-25 14:41:31,2026-09-25 15:15:26,13,900
KDS-ORD-20260925-15257,ORD-20260925-15257,MCH-111,DEV-111-POS,2026-09-25 07:29:12,2026-09-25 07:29:32,2026-09-25 07:29:46,2026-09-25 07:49:12,3,1080
KDS-ORD-20260925-15258,ORD-20260925-15258,MCH-112,DEV-112-POS,2026-09-25 15:14:25,2026-09-25 15:14:45,2026-09-25 15:14:43,2026-09-25 15:29:05,2,900
KDS-ORD-20260925-15259,ORD-20260925-15259,MCH-102,DEV-102-POS,2026-09-25 13:11:36,2026-09-25 13:11:56,2026-09-25 13:12:28,2026-09-25 13:37:30,8,720
KDS-ORD-20260925-15260,ORD-20260925-15260,MCH-109,DEV-109-POS,2026-09-25 21:23:32,2026-09-25 21:23:52,2026-09-25 21:24:30,,8,900
KDS-ORD-20260925-15261,ORD-20260925-15261,MCH-108,DEV-108-POS,2026-09-25 10:22:32,2026-09-25 10:22:52,2026-09-25 10:23:03,2026-09-25 10:40:25,3,900
KDS-ORD-20260925-15262,ORD-20260925-15262,MCH-105,DEV-105-POS,2026-09-25 20:36:58,2026-09-25 20:37:18,2026-09-25 20:37:31,2026-09-25 21:14:32,16,900
KDS-ORD-20260925-15263,ORD-20260925-15263,MCH-112,DEV-112-POS,2026-09-25 16:18:51,2026-09-25 16:19:11,2026-09-25 16:19:34,2026-09-25 16:32:06,2,900
KDS-ORD-20260925-15264,ORD-20260925-15264,MCH-101,DEV-101-POS,2026-09-25 06:47:44,2026-09-25 06:48:04,2026-09-25 06:48:35,2026-09-25 07:01:22,2,720
KDS-ORD-20260925-15265,ORD-20260925-15265,MCH-114,DEV-114-POS,2026-09-25 22:50:18,2026-09-25 22:50:38,2026-09-25 22:51:13,2026-09-25 23:08:16,4,720
KDS-ORD-20260925-15266,ORD-20260925-15266,MCH-111,DEV-111-POS,2026-09-25 14:37:33,2026-09-25 14:37:53,2026-09-25 14:38:05,2026-09-25 15:10:34,7,1080
KDS-ORD-20260925-15267,ORD-20260925-15267,MCH-103,DEV-103-POS,2026-09-25 11:33:54,2026-09-25 11:34:14,2026-09-25 11:34:46,2026-09-25 11:45:42,4,720
KDS-ORD-20260925-15268,ORD-20260925-15268,MCH-102,DEV-102-POS,2026-09-25 13:50:48,2026-09-25 13:51:08,2026-09-25 13:51:29,2026-09-25 14:16:10,8,720
KDS-ORD-20260925-15269,ORD-20260925-15269,MCH-112,DEV-112-POS,2026-09-25 20:18:08,2026-09-25 20:18:28,2026-09-25 20:18:28,2026-09-25 20:49:36,15,900
KDS-ORD-20260925-15270,ORD-20260925-15270,MCH-111,DEV-111-POS,2026-09-25 12:15:42,2026-09-25 12:16:02,2026-09-25 12:16:31,2026-09-25 13:01:48,12,1080
KDS-ORD-20260925-15271,ORD-20260925-15271,MCH-107,DEV-107-POS,2026-09-25 10:18:08,2026-09-25 10:18:28,2026-09-25 10:18:33,2026-09-25 10:44:00,6,900
KDS-ORD-20260925-15272,ORD-20260925-15272,MCH-115,DEV-115-POS,2026-09-25 08:52:13,2026-09-25 08:52:33,2026-09-25 08:52:37,2026-09-25 09:16:11,5,1080
KDS-ORD-20260925-15273,ORD-20260925-15273,MCH-101,DEV-101-POS,2026-09-25 11:10:49,2026-09-25 11:11:09,2026-09-25 11:11:47,2026-09-25 11:27:12,4,720
KDS-ORD-20260925-15274,ORD-20260925-15274,MCH-107,DEV-107-POS,2026-09-25 20:53:03,2026-09-25 20:53:23,2026-09-25 20:53:41,2026-09-25 21:30:55,16,900
KDS-ORD-20260925-15275,ORD-20260925-15275,MCH-104,DEV-104-POS,2026-09-25 13:54:24,2026-09-25 13:54:44,2026-09-25 13:55:16,2026-09-25 14:28:41,8,1080
KDS-ORD-20260925-15276,ORD-20260925-15276,MCH-114,DEV-114-POS,2026-09-25 10:07:36,2026-09-25 10:07:56,2026-09-25 10:08:09,2026-09-25 10:22:20,3,720
KDS-ORD-20260925-15277,ORD-20260925-15277,MCH-103,DEV-103-POS,2026-09-25 09:38:27,2026-09-25 09:38:47,2026-09-25 09:39:04,2026-09-25 09:53:53,3,720
KDS-ORD-20260925-15278,ORD-20260925-15278,MCH-112,DEV-112-POS,2026-09-25 12:45:06,2026-09-25 12:45:26,2026-09-25 12:45:43,,11,900
KDS-ORD-20260925-15279,ORD-20260925-15279,MCH-110,DEV-110-POS,2026-09-25 21:51:01,2026-09-25 21:51:21,2026-09-25 21:51:45,2026-09-25 22:23:19,13,720
KDS-ORD-20260925-15280,ORD-20260925-15280,MCH-115,DEV-115-POS,2026-09-25 12:16:17,2026-09-25 12:16:37,2026-09-25 12:16:43,,8,1080
KDS-ORD-20260925-15281,ORD-20260925-15281,MCH-106,DEV-106-POS,2026-09-25 23:49:13,2026-09-25 23:49:33,2026-09-25 23:49:38,2026-09-26 00:03:57,3,720
KDS-ORD-20260925-15282,ORD-20260925-15282,MCH-102,DEV-102-POS,2026-09-25 14:25:48,2026-09-25 14:26:08,2026-09-25 14:26:40,2026-09-25 15:02:01,15,720
KDS-ORD-20260925-15283,ORD-20260925-15283,MCH-104,DEV-104-POS,2026-09-25 10:42:10,2026-09-25 10:42:30,2026-09-25 10:42:57,2026-09-25 11:08:34,4,1080
KDS-ORD-20260925-15284,ORD-20260925-15284,MCH-107,DEV-107-POS,2026-09-25 21:56:02,2026-09-25 21:56:22,2026-09-25 21:56:31,2026-09-25 22:33:20,11,900
KDS-ORD-20260925-15285,ORD-20260925-15285,MCH-114,DEV-114-POS,2026-09-25 13:12:40,2026-09-25 13:13:00,2026-09-25 13:13:06,,15,720
KDS-ORD-20260925-15286,ORD-20260925-15286,MCH-101,DEV-101-POS,2026-09-25 19:12:41,2026-09-25 19:13:01,2026-09-25 19:13:23,2026-09-25 19:40:27,10,720
KDS-ORD-20260925-15287,ORD-20260925-15287,MCH-107,DEV-107-POS,2026-09-25 22:19:13,2026-09-25 22:19:33,2026-09-25 22:20:02,2026-09-25 22:39:30,2,900
KDS-ORD-20260925-15288,ORD-20260925-15288,MCH-101,DEV-101-POS,2026-09-25 06:31:56,2026-09-25 06:32:16,2026-09-25 06:32:45,2026-09-25 06:48:00,5,720
KDS-ORD-20260925-15289,ORD-20260925-15289,MCH-112,DEV-112-POS,2026-09-25 08:19:01,2026-09-25 08:19:21,2026-09-25 08:19:26,2026-09-25 08:37:13,4,900
KDS-ORD-20260925-15290,ORD-20260925-15290,MCH-105,DEV-105-POS,2026-09-25 19:59:42,2026-09-25 20:00:02,2026-09-25 20:00:14,2026-09-25 20:29:32,10,900
KDS-ORD-20260925-15291,ORD-20260925-15291,MCH-113,DEV-113-POS,2026-09-25 11:19:30,2026-09-25 11:19:50,2026-09-25 11:19:46,2026-09-25 11:32:37,2,720
KDS-ORD-20260925-15292,ORD-20260925-15292,MCH-107,DEV-107-POS,2026-09-25 10:15:37,2026-09-25 10:15:57,2026-09-25 10:15:54,2026-09-25 10:33:11,2,900
KDS-ORD-20260925-15293,ORD-20260925-15293,MCH-110,DEV-110-POS,2026-09-25 05:06:14,2026-09-25 05:06:34,2026-09-25 05:07:12,2026-09-25 05:22:41,4,720
KDS-ORD-20260925-15294,ORD-20260925-15294,MCH-106,DEV-106-POS,2026-09-25 04:12:27,2026-09-25 04:12:47,2026-09-25 04:13:04,2026-09-25 04:27:58,4,720
KDS-ORD-20260925-15295,ORD-20260925-15295,MCH-106,DEV-106-POS,2026-09-25 20:38:52,2026-09-25 20:39:12,2026-09-25 20:39:13,2026-09-25 21:08:02,16,720
KDS-ORD-20260925-15296,ORD-20260925-15296,MCH-110,DEV-110-POS,2026-09-25 09:46:59,2026-09-25 09:47:19,2026-09-25 09:47:47,2026-09-25 10:04:49,3,720
KDS-ORD-20260925-15297,ORD-20260925-15297,MCH-113,DEV-113-POS,2026-09-25 13:09:39,2026-09-25 13:09:59,2026-09-25 13:10:23,2026-09-25 13:44:58,15,720
KDS-ORD-20260925-15298,ORD-20260925-15298,MCH-111,DEV-111-POS,2026-09-25 17:25:20,2026-09-25 17:25:40,2026-09-25 17:26:17,2026-09-25 17:51:27,4,1080
KDS-ORD-20260925-15299,ORD-20260925-15299,MCH-102,DEV-102-POS,2026-09-25 13:58:56,2026-09-25 13:59:16,2026-09-25 13:59:21,2026-09-25 14:29:27,11,720
KDS-ORD-20260925-15300,ORD-20260925-15300,MCH-113,DEV-113-POS,2026-09-25 05:05:46,2026-09-25 05:06:06,2026-09-25 05:06:25,2026-09-25 05:20:48,5,720
KDS-ORD-20260925-15301,ORD-20260925-15301,MCH-103,DEV-103-POS,2026-09-25 20:11:17,2026-09-25 20:11:37,2026-09-25 20:12:13,2026-09-25 20:46:49,14,720
KDS-ORD-20260925-15302,ORD-20260925-15302,MCH-101,DEV-101-POS,2026-09-25 01:12:07,2026-09-25 01:12:27,2026-09-25 01:12:42,2026-09-25 01:29:17,3,720
KDS-ORD-20260925-15303,ORD-20260925-15303,MCH-101,DEV-101-POS,2026-09-25 19:06:34,2026-09-25 19:06:54,2026-09-25 19:06:55,2026-09-25 19:35:26,10,720
KDS-ORD-20260925-15304,ORD-20260925-15304,MCH-107,DEV-107-POS,2026-09-25 21:39:43,2026-09-25 21:40:03,2026-09-25 21:40:35,2026-09-25 22:04:56,11,900
KDS-ORD-20260925-15305,ORD-20260925-15305,MCH-104,DEV-104-POS,2026-09-25 13:21:21,2026-09-25 13:21:41,2026-09-25 13:22:07,2026-09-25 13:57:24,9,1080
KDS-ORD-20260925-15306,ORD-20260925-15306,MCH-106,DEV-106-POS,2026-09-25 15:42:23,2026-09-25 15:42:43,2026-09-25 15:43:06,2026-09-25 16:00:38,4,720
KDS-ORD-20260925-15307,ORD-20260925-15307,MCH-110,DEV-110-POS,2026-09-25 13:29:37,2026-09-25 13:29:57,2026-09-25 13:30:22,2026-09-25 14:02:22,12,720
KDS-ORD-20260925-15308,ORD-20260925-15308,MCH-113,DEV-113-POS,2026-09-25 12:02:01,2026-09-25 12:02:21,2026-09-25 12:02:58,2026-09-25 12:29:52,14,720
KDS-ORD-20260925-15309,ORD-20260925-15309,MCH-110,DEV-110-POS,2026-09-25 21:33:16,2026-09-25 21:33:36,2026-09-25 21:34:10,2026-09-25 21:57:19,11,720
KDS-ORD-20260925-15310,ORD-20260925-15310,MCH-109,DEV-109-POS,2026-09-25 21:37:38,2026-09-25 21:37:58,2026-09-25 21:38:22,2026-09-25 22:06:09,6,900
KDS-ORD-20260925-15311,ORD-20260925-15311,MCH-105,DEV-105-POS,2026-09-25 12:09:43,2026-09-25 12:10:03,2026-09-25 12:10:18,2026-09-25 12:38:30,13,900
KDS-ORD-20260925-15312,ORD-20260925-15312,MCH-103,DEV-103-POS,2026-09-25 17:53:35,2026-09-25 17:53:55,2026-09-25 17:54:01,2026-09-25 18:14:18,5,720
KDS-ORD-20260925-15313,ORD-20260925-15313,MCH-103,DEV-103-POS,2026-09-25 21:51:41,2026-09-25 21:52:01,2026-09-25 21:52:20,2026-09-25 22:21:36,15,720
KDS-ORD-20260925-15314,ORD-20260925-15314,MCH-115,DEV-115-POS,2026-09-25 22:06:36,2026-09-25 22:06:56,2026-09-25 22:07:17,2026-09-25 22:26:25,2,1080
KDS-ORD-20260925-15315,ORD-20260925-15315,MCH-103,DEV-103-POS,2026-09-25 14:21:28,2026-09-25 14:21:48,2026-09-25 14:22:19,2026-09-25 14:44:19,6,720
KDS-ORD-20260925-15316,ORD-20260925-15316,MCH-111,DEV-111-POS,2026-09-25 13:08:47,2026-09-25 13:09:07,2026-09-25 13:09:46,2026-09-25 13:45:28,7,1080
KDS-ORD-20260925-15317,ORD-20260925-15317,MCH-110,DEV-110-POS,2026-09-25 11:44:13,2026-09-25 11:44:33,2026-09-25 11:44:58,2026-09-25 11:59:40,4,720
KDS-ORD-20260925-15318,ORD-20260925-15318,MCH-110,DEV-110-POS,2026-09-25 22:46:58,2026-09-25 22:47:18,2026-09-25 22:47:25,2026-09-25 23:03:49,4,720
KDS-ORD-20260925-15319,ORD-20260925-15319,MCH-102,DEV-102-POS,2026-09-25 09:34:18,2026-09-25 09:34:38,2026-09-25 09:35:03,2026-09-25 09:52:28,4,720
KDS-ORD-20260925-15320,ORD-20260925-15320,MCH-101,DEV-101-POS,2026-09-25 16:15:56,2026-09-25 16:16:16,2026-09-25 16:16:56,2026-09-25 16:30:57,6,720
KDS-ORD-20260925-15321,ORD-20260925-15321,MCH-113,DEV-113-POS,2026-09-25 11:25:48,2026-09-25 11:26:08,2026-09-25 11:26:19,2026-09-25 11:38:51,2,720
KDS-ORD-20260925-15322,ORD-20260925-15322,MCH-105,DEV-105-POS,2026-09-25 11:33:10,2026-09-25 11:33:30,2026-09-25 11:33:58,2026-09-25 11:50:00,2,900
KDS-ORD-20260925-15323,ORD-20260925-15323,MCH-112,DEV-112-POS,2026-09-25 13:48:55,2026-09-25 13:49:15,2026-09-25 13:49:15,2026-09-25 14:24:13,16,900
KDS-ORD-20260925-15324,ORD-20260925-15324,MCH-105,DEV-105-POS,2026-09-25 23:24:53,2026-09-25 23:25:13,2026-09-25 23:25:36,2026-09-25 23:43:03,4,900
KDS-ORD-20260925-15325,ORD-20260925-15325,MCH-115,DEV-115-POS,2026-09-25 06:33:28,2026-09-25 06:33:48,2026-09-25 06:34:22,2026-09-25 06:55:25,3,1080
KDS-ORD-20260925-15326,ORD-20260925-15326,MCH-106,DEV-106-POS,2026-09-25 16:35:23,2026-09-25 16:35:43,2026-09-25 16:35:53,2026-09-25 16:50:42,3,720
KDS-ORD-20260925-15327,ORD-20260925-15327,MCH-104,DEV-104-POS,2026-09-25 07:44:52,2026-09-25 07:45:12,2026-09-25 07:45:26,2026-09-25 08:09:11,6,1080
KDS-ORD-20260925-15328,ORD-20260925-15328,MCH-102,DEV-102-POS,2026-09-25 09:40:50,2026-09-25 09:41:10,2026-09-25 09:41:50,2026-09-25 09:58:17,4,720
KDS-ORD-20260925-15329,ORD-20260925-15329,MCH-101,DEV-101-POS,2026-09-25 13:23:08,2026-09-25 13:23:28,2026-09-25 13:23:39,2026-09-25 14:00:39,15,720
KDS-ORD-20260925-15330,ORD-20260925-15330,MCH-109,DEV-109-POS,2026-09-25 15:03:02,2026-09-25 15:03:22,2026-09-25 15:03:23,2026-09-25 15:33:40,8,900
KDS-ORD-20260925-15331,ORD-20260925-15331,MCH-107,DEV-107-POS,2026-09-25 11:47:57,2026-09-25 11:48:17,2026-09-25 11:48:23,2026-09-25 12:07:08,5,900
KDS-ORD-20260925-15332,ORD-20260925-15332,MCH-106,DEV-106-POS,2026-09-25 12:05:49,2026-09-25 12:06:09,2026-09-25 12:06:34,2026-09-25 12:30:26,9,720
KDS-ORD-20260925-15333,ORD-20260925-15333,MCH-114,DEV-114-POS,2026-09-25 07:09:27,2026-09-25 07:09:47,2026-09-25 07:10:08,2026-09-25 07:24:21,2,720
KDS-ORD-20260925-15334,ORD-20260925-15334,MCH-107,DEV-107-POS,2026-09-25 12:05:07,2026-09-25 12:05:27,2026-09-25 12:05:32,2026-09-25 12:47:25,14,900
KDS-ORD-20260925-15335,ORD-20260925-15335,MCH-113,DEV-113-POS,2026-09-25 22:31:38,2026-09-25 22:31:58,2026-09-25 22:31:55,2026-09-25 22:48:37,4,720
KDS-ORD-20260925-15336,ORD-20260925-15336,MCH-101,DEV-101-POS,2026-09-25 21:36:40,2026-09-25 21:37:00,2026-09-25 21:37:22,2026-09-25 22:03:33,6,720
KDS-ORD-20260925-15337,ORD-20260925-15337,MCH-107,DEV-107-POS,2026-09-25 12:30:03,2026-09-25 12:30:23,2026-09-25 12:30:37,2026-09-25 13:09:53,14,900
KDS-ORD-20260925-15338,ORD-20260925-15338,MCH-104,DEV-104-POS,2026-09-25 16:51:17,2026-09-25 16:51:37,2026-09-25 16:51:41,2026-09-25 17:11:58,3,1080
KDS-ORD-20260925-15339,ORD-20260925-15339,MCH-115,DEV-115-POS,2026-09-25 21:10:09,2026-09-25 21:10:29,2026-09-25 21:10:29,2026-09-25 21:41:44,10,1080
KDS-ORD-20260925-15340,ORD-20260925-15340,MCH-110,DEV-110-POS,2026-09-25 00:45:33,2026-09-25 00:45:53,2026-09-25 00:46:10,2026-09-25 01:05:15,6,720
KDS-ORD-20260925-15341,ORD-20260925-15341,MCH-108,DEV-108-POS,2026-09-25 20:14:10,2026-09-25 20:14:30,2026-09-25 20:14:37,2026-09-25 20:48:56,9,900
KDS-ORD-20260925-15342,ORD-20260925-15342,MCH-108,DEV-108-POS,2026-09-25 22:02:17,2026-09-25 22:02:37,2026-09-25 22:03:17,2026-09-25 22:22:38,5,900
KDS-ORD-20260925-15343,ORD-20260925-15343,MCH-107,DEV-107-POS,2026-09-25 07:26:13,2026-09-25 07:26:33,2026-09-25 07:27:11,2026-09-25 07:43:06,3,900
KDS-ORD-20260925-15344,ORD-20260925-15344,MCH-107,DEV-107-POS,2026-09-25 09:22:43,2026-09-25 09:23:03,2026-09-25 09:23:27,2026-09-25 09:41:57,4,900
KDS-ORD-20260925-15345,ORD-20260925-15345,MCH-113,DEV-113-POS,2026-09-25 22:50:27,2026-09-25 22:50:47,2026-09-25 22:50:56,2026-09-25 23:07:09,4,720
KDS-ORD-20260925-15346,ORD-20260925-15346,MCH-113,DEV-113-POS,2026-09-25 15:45:37,2026-09-25 15:45:57,2026-09-25 15:46:00,2026-09-25 16:04:11,3,720
KDS-ORD-20260925-15347,ORD-20260925-15347,MCH-102,DEV-102-POS,2026-09-25 02:41:12,2026-09-25 02:41:32,2026-09-25 02:42:11,2026-09-25 02:55:16,3,720
KDS-ORD-20260925-15348,ORD-20260925-15348,MCH-110,DEV-110-POS,2026-09-25 11:53:45,2026-09-25 11:54:05,2026-09-25 11:54:39,2026-09-25 12:10:14,6,720
KDS-ORD-20260925-15349,ORD-20260925-15349,MCH-110,DEV-110-POS,2026-09-25 14:00:30,2026-09-25 14:00:50,2026-09-25 14:01:02,,14,720
KDS-ORD-20260925-15350,ORD-20260925-15350,MCH-103,DEV-103-POS,2026-09-25 19:35:46,2026-09-25 19:36:06,2026-09-25 19:36:20,,13,720
KDS-ORD-20260925-15351,ORD-20260925-15351,MCH-109,DEV-109-POS,2026-09-25 19:05:18,2026-09-25 19:05:38,2026-09-25 19:05:57,2026-09-25 19:36:03,8,900
KDS-ORD-20260925-15352,ORD-20260925-15352,MCH-109,DEV-109-POS,2026-09-25 23:05:02,2026-09-25 23:05:22,2026-09-25 23:06:02,2026-09-25 23:21:49,4,900
KDS-ORD-20260925-15353,ORD-20260925-15353,MCH-111,DEV-111-POS,2026-09-25 11:04:26,2026-09-25 11:04:46,2026-09-25 11:05:03,2026-09-25 11:26:14,6,1080
KDS-ORD-20260925-15354,ORD-20260925-15354,MCH-107,DEV-107-POS,2026-09-25 15:28:27,2026-09-25 15:28:47,2026-09-25 15:29:07,2026-09-25 15:45:36,5,900
KDS-ORD-20260925-15355,ORD-20260925-15355,MCH-110,DEV-110-POS,2026-09-25 15:42:40,2026-09-25 15:43:00,2026-09-25 15:43:22,2026-09-25 15:58:34,2,720
KDS-ORD-20260925-15356,ORD-20260925-15356,MCH-109,DEV-109-POS,2026-09-25 13:24:47,2026-09-25 13:25:07,2026-09-25 13:25:17,,11,900
KDS-ORD-20260925-15357,ORD-20260925-15357,MCH-112,DEV-112-POS,2026-09-25 09:56:03,2026-09-25 09:56:23,2026-09-25 09:56:54,2026-09-25 10:17:18,6,900
KDS-ORD-20260925-15358,ORD-20260925-15358,MCH-103,DEV-103-POS,2026-09-25 22:01:17,2026-09-25 22:01:37,2026-09-25 22:01:46,2026-09-25 22:16:15,4,720
KDS-ORD-20260925-15359,ORD-20260925-15359,MCH-113,DEV-113-POS,2026-09-25 20:44:36,2026-09-25 20:44:56,2026-09-25 20:44:56,2026-09-25 21:08:14,7,720
KDS-ORD-20260925-15360,ORD-20260925-15360,MCH-105,DEV-105-POS,2026-09-25 14:09:45,2026-09-25 14:10:05,2026-09-25 14:10:43,2026-09-25 14:44:05,15,900
KDS-ORD-20260925-15361,ORD-20260925-15361,MCH-114,DEV-114-POS,2026-09-25 17:30:03,2026-09-25 17:30:23,2026-09-25 17:30:34,2026-09-25 17:43:23,3,720
KDS-ORD-20260925-15362,ORD-20260925-15362,MCH-112,DEV-112-POS,2026-09-25 10:42:18,2026-09-25 10:42:38,2026-09-25 10:42:41,2026-09-25 11:03:02,5,900
KDS-ORD-20260925-15363,ORD-20260925-15363,MCH-109,DEV-109-POS,2026-09-25 15:47:32,2026-09-25 15:47:52,2026-09-25 15:48:15,2026-09-25 16:08:08,5,900
KDS-ORD-20260925-15364,ORD-20260925-15364,MCH-106,DEV-106-POS,2026-09-25 19:58:59,2026-09-25 19:59:19,2026-09-25 19:59:50,2026-09-25 20:28:31,8,720
KDS-ORD-20260925-15365,ORD-20260925-15365,MCH-110,DEV-110-POS,2026-09-25 14:04:02,2026-09-25 14:04:22,2026-09-25 14:04:39,2026-09-25 14:27:15,7,720
KDS-ORD-20260925-15366,ORD-20260925-15366,MCH-104,DEV-104-POS,2026-09-25 23:14:14,2026-09-25 23:14:34,2026-09-25 23:14:56,2026-09-25 23:38:19,3,1080
KDS-ORD-20260925-15367,ORD-20260925-15367,MCH-105,DEV-105-POS,2026-09-25 17:52:30,2026-09-25 17:52:50,2026-09-25 17:53:27,2026-09-25 18:17:18,6,900
KDS-ORD-20260925-15368,ORD-20260925-15368,MCH-114,DEV-114-POS,2026-09-25 12:44:57,2026-09-25 12:45:17,2026-09-25 12:45:14,,8,720
KDS-ORD-20260925-15369,ORD-20260925-15369,MCH-115,DEV-115-POS,2026-09-25 20:05:30,2026-09-25 20:05:50,2026-09-25 20:05:53,2026-09-25 20:36:28,7,1080
KDS-ORD-20260925-15370,ORD-20260925-15370,MCH-108,DEV-108-POS,2026-09-25 09:50:19,2026-09-25 09:50:39,2026-09-25 09:51:19,2026-09-25 10:11:27,4,900
KDS-ORD-20260925-15371,ORD-20260925-15371,MCH-111,DEV-111-POS,2026-09-25 12:53:54,2026-09-25 12:54:14,2026-09-25 12:54:13,2026-09-25 13:30:24,11,1080
KDS-ORD-20260925-15372,ORD-20260925-15372,MCH-113,DEV-113-POS,2026-09-25 12:38:05,2026-09-25 12:38:25,2026-09-25 12:39:03,2026-09-25 13:10:08,15,720
KDS-ORD-20260925-15373,ORD-20260925-15373,MCH-110,DEV-110-POS,2026-09-25 13:45:04,2026-09-25 13:45:24,2026-09-25 13:46:03,2026-09-25 14:08:12,9,720
KDS-ORD-20260925-15374,ORD-20260925-15374,MCH-103,DEV-103-POS,2026-09-25 20:53:40,2026-09-25 20:54:00,2026-09-25 20:54:04,2026-09-25 21:20:36,10,720
KDS-ORD-20260925-15375,ORD-20260925-15375,MCH-108,DEV-108-POS,2026-09-25 14:40:07,2026-09-25 14:40:27,2026-09-25 14:40:46,2026-09-25 15:11:42,16,900
KDS-ORD-20260925-15376,ORD-20260925-15376,MCH-108,DEV-108-POS,2026-09-25 20:16:40,2026-09-25 20:17:00,2026-09-25 20:17:24,2026-09-25 20:54:36,13,900
KDS-ORD-20260925-15377,ORD-20260925-15377,MCH-111,DEV-111-POS,2026-09-25 16:20:28,2026-09-25 16:20:48,2026-09-25 16:21:10,2026-09-25 16:45:08,6,1080
KDS-ORD-20260925-15378,ORD-20260925-15378,MCH-104,DEV-104-POS,2026-09-25 12:17:39,2026-09-25 12:17:59,2026-09-25 12:18:20,2026-09-25 12:52:58,7,1080
KDS-ORD-20260925-15379,ORD-20260925-15379,MCH-104,DEV-104-POS,2026-09-25 20:20:43,2026-09-25 20:21:03,2026-09-25 20:21:08,2026-09-25 20:56:12,12,1080
KDS-ORD-20260925-15380,ORD-20260925-15380,MCH-103,DEV-103-POS,2026-09-25 11:47:01,2026-09-25 11:47:21,2026-09-25 11:47:58,2026-09-25 12:03:48,5,720
KDS-ORD-20260925-15381,ORD-20260925-15381,MCH-109,DEV-109-POS,2026-09-25 10:49:54,2026-09-25 10:50:14,2026-09-25 10:50:45,2026-09-25 11:07:05,3,900
KDS-ORD-20260925-15382,ORD-20260925-15382,MCH-110,DEV-110-POS,2026-09-25 14:43:31,2026-09-25 14:43:51,2026-09-25 14:44:21,2026-09-25 15:11:27,12,720
KDS-ORD-20260925-15383,ORD-20260925-15383,MCH-112,DEV-112-POS,2026-09-25 11:39:48,2026-09-25 11:40:08,2026-09-25 11:40:09,2026-09-25 12:00:26,6,900
KDS-ORD-20260925-15384,ORD-20260925-15384,MCH-114,DEV-114-POS,2026-09-25 01:34:24,2026-09-25 01:34:44,2026-09-25 01:35:04,2026-09-25 01:47:49,2,720
KDS-ORD-20260925-15385,ORD-20260925-15385,MCH-107,DEV-107-POS,2026-09-25 18:41:54,2026-09-25 18:42:14,2026-09-25 18:42:13,2026-09-25 19:02:17,6,900
KDS-ORD-20260925-15386,ORD-20260925-15386,MCH-115,DEV-115-POS,2026-09-25 14:25:39,2026-09-25 14:25:59,2026-09-25 14:25:57,2026-09-25 15:00:43,8,1080
KDS-ORD-20260925-15387,ORD-20260925-15387,MCH-114,DEV-114-POS,2026-09-25 13:50:24,2026-09-25 13:50:44,2026-09-25 13:51:05,2026-09-25 14:16:11,8,720
KDS-ORD-20260925-15388,ORD-20260925-15388,MCH-114,DEV-114-POS,2026-09-25 22:52:54,2026-09-25 22:53:14,2026-09-25 22:53:27,2026-09-25 23:09:03,2,720
KDS-ORD-20260925-15389,ORD-20260925-15389,MCH-104,DEV-104-POS,2026-09-25 16:37:36,2026-09-25 16:37:56,2026-09-25 16:38:31,2026-09-25 16:55:59,2,1080
KDS-ORD-20260925-15390,ORD-20260925-15390,MCH-107,DEV-107-POS,2026-09-25 20:54:45,2026-09-25 20:55:05,2026-09-25 20:55:25,2026-09-25 21:24:25,8,900
KDS-ORD-20260925-15391,ORD-20260925-15391,MCH-102,DEV-102-POS,2026-09-25 09:23:42,2026-09-25 09:24:02,2026-09-25 09:24:37,2026-09-25 09:38:34,2,720
KDS-ORD-20260925-15392,ORD-20260925-15392,MCH-106,DEV-106-POS,2026-09-25 16:34:09,2026-09-25 16:34:29,2026-09-25 16:34:44,2026-09-25 16:49:11,3,720
KDS-ORD-20260925-15393,ORD-20260925-15393,MCH-114,DEV-114-POS,2026-09-25 20:56:33,2026-09-25 20:56:53,2026-09-25 20:56:57,2026-09-25 21:26:34,16,720
KDS-ORD-20260925-15394,ORD-20260925-15394,MCH-104,DEV-104-POS,2026-09-25 16:17:34,2026-09-25 16:17:54,2026-09-25 16:17:57,2026-09-25 16:34:27,2,1080
KDS-ORD-20260925-15395,ORD-20260925-15395,MCH-103,DEV-103-POS,2026-09-25 19:27:29,2026-09-25 19:27:49,2026-09-25 19:28:08,2026-09-25 19:54:04,6,720
KDS-ORD-20260925-15396,ORD-20260925-15396,MCH-110,DEV-110-POS,2026-09-25 12:15:16,2026-09-25 12:15:36,2026-09-25 12:15:54,2026-09-25 12:43:51,8,720
KDS-ORD-20260925-15397,ORD-20260925-15397,MCH-108,DEV-108-POS,2026-09-25 07:59:14,2026-09-25 07:59:34,2026-09-25 07:59:40,2026-09-25 08:14:27,2,900
KDS-ORD-20260925-15398,ORD-20260925-15398,MCH-114,DEV-114-POS,2026-09-25 13:46:39,2026-09-25 13:46:59,2026-09-25 13:47:17,2026-09-25 14:16:50,13,720
KDS-ORD-20260925-15399,ORD-20260925-15399,MCH-101,DEV-101-POS,2026-09-25 12:37:51,2026-09-25 12:38:11,2026-09-25 12:38:32,2026-09-25 13:13:23,13,720
KDS-ORD-20260925-15400,ORD-20260925-15400,MCH-107,DEV-107-POS,2026-09-25 20:30:05,2026-09-25 20:30:25,2026-09-25 20:31:00,2026-09-25 21:14:45,14,900
KDS-ORD-20260925-15401,ORD-20260925-15401,MCH-106,DEV-106-POS,2026-09-25 11:15:18,2026-09-25 11:15:38,2026-09-25 11:16:06,2026-09-25 11:34:47,6,720
KDS-ORD-20260925-15402,ORD-20260925-15402,MCH-102,DEV-102-POS,2026-09-25 22:08:15,2026-09-25 22:08:35,2026-09-25 22:08:53,2026-09-25 22:24:22,5,720
KDS-ORD-20260925-15403,ORD-20260925-15403,MCH-110,DEV-110-POS,2026-09-25 22:54:04,2026-09-25 22:54:24,2026-09-25 22:54:40,2026-09-25 23:09:51,3,720
KDS-ORD-20260925-15404,ORD-20260925-15404,MCH-104,DEV-104-POS,2026-09-25 11:53:36,2026-09-25 11:53:56,2026-09-25 11:54:31,2026-09-25 12:15:21,2,1080
KDS-ORD-20260925-15405,ORD-20260925-15405,MCH-112,DEV-112-POS,2026-09-25 12:13:37,2026-09-25 12:13:57,2026-09-25 12:14:33,2026-09-25 12:46:13,8,900
KDS-ORD-20260925-15406,ORD-20260925-15406,MCH-108,DEV-108-POS,2026-09-25 21:19:49,2026-09-25 21:20:09,2026-09-25 21:20:09,2026-09-25 21:59:17,12,900
KDS-ORD-20260925-15407,ORD-20260925-15407,MCH-115,DEV-115-POS,2026-09-25 22:06:57,2026-09-25 22:07:17,2026-09-25 22:07:42,2026-09-25 22:29:46,3,1080
KDS-ORD-20260925-15408,ORD-20260925-15408,MCH-113,DEV-113-POS,2026-09-25 13:58:28,2026-09-25 13:58:48,2026-09-25 13:58:44,2026-09-25 14:23:01,7,720
KDS-ORD-20260925-15409,ORD-20260925-15409,MCH-105,DEV-105-POS,2026-09-25 12:33:00,2026-09-25 12:33:20,2026-09-25 12:33:36,2026-09-25 13:01:21,7,900
KDS-ORD-20260925-15410,ORD-20260925-15410,MCH-109,DEV-109-POS,2026-09-25 15:15:28,2026-09-25 15:15:48,2026-09-25 15:16:27,2026-09-25 15:33:02,4,900
KDS-ORD-20260925-15411,ORD-20260925-15411,MCH-104,DEV-104-POS,2026-09-25 19:05:47,2026-09-25 19:06:07,2026-09-25 19:06:11,2026-09-25 19:39:44,6,1080
KDS-ORD-20260925-15412,ORD-20260925-15412,MCH-105,DEV-105-POS,2026-09-25 11:09:08,2026-09-25 11:09:28,2026-09-25 11:09:30,2026-09-25 11:30:48,6,900
KDS-ORD-20260925-15413,ORD-20260925-15413,MCH-104,DEV-104-POS,2026-09-25 19:00:45,2026-09-25 19:01:05,2026-09-25 19:01:24,2026-09-25 19:32:37,6,1080
KDS-ORD-20260925-15414,ORD-20260925-15414,MCH-101,DEV-101-POS,2026-09-25 06:42:03,2026-09-25 06:42:23,2026-09-25 06:42:38,2026-09-25 07:00:48,6,720
KDS-ORD-20260925-15415,ORD-20260925-15415,MCH-104,DEV-104-POS,2026-09-25 06:41:03,2026-09-25 06:41:23,2026-09-25 06:41:40,2026-09-25 07:04:42,3,1080
KDS-ORD-20260925-15416,ORD-20260925-15416,MCH-110,DEV-110-POS,2026-09-25 12:37:22,2026-09-25 12:37:42,2026-09-25 12:38:18,2026-09-25 13:02:58,7,720
KDS-ORD-20260925-15417,ORD-20260925-15417,MCH-107,DEV-107-POS,2026-09-25 12:46:02,2026-09-25 12:46:22,2026-09-25 12:46:56,2026-09-25 13:11:45,7,900
KDS-ORD-20260925-15418,ORD-20260925-15418,MCH-115,DEV-115-POS,2026-09-25 12:27:53,2026-09-25 12:28:13,2026-09-25 12:28:31,2026-09-25 13:03:36,10,1080
KDS-ORD-20260925-15419,ORD-20260925-15419,MCH-112,DEV-112-POS,2026-09-25 14:31:57,2026-09-25 14:32:17,2026-09-25 14:32:28,2026-09-25 15:02:46,7,900
KDS-ORD-20260925-15420,ORD-20260925-15420,MCH-114,DEV-114-POS,2026-09-25 12:42:44,2026-09-25 12:43:04,2026-09-25 12:43:00,2026-09-25 13:08:54,9,720
KDS-ORD-20260925-15421,ORD-20260925-15421,MCH-105,DEV-105-POS,2026-09-25 10:08:01,2026-09-25 10:08:21,2026-09-25 10:08:57,2026-09-25 10:26:05,2,900
KDS-ORD-20260925-15422,ORD-20260925-15422,MCH-114,DEV-114-POS,2026-09-25 12:50:17,2026-09-25 12:50:37,2026-09-25 12:50:37,2026-09-25 13:14:41,8,720
KDS-ORD-20260925-15423,ORD-20260925-15423,MCH-108,DEV-108-POS,2026-09-25 22:19:24,2026-09-25 22:19:44,2026-09-25 22:19:58,2026-09-25 22:36:55,2,900
KDS-ORD-20260925-15424,ORD-20260925-15424,MCH-114,DEV-114-POS,2026-09-25 13:26:29,2026-09-25 13:26:49,2026-09-25 13:27:16,2026-09-25 13:59:18,14,720
KDS-ORD-20260925-15425,ORD-20260925-15425,MCH-104,DEV-104-POS,2026-09-25 13:42:43,2026-09-25 13:43:03,2026-09-25 13:43:34,2026-09-25 14:17:32,14,1080
KDS-ORD-20260925-15426,ORD-20260925-15426,MCH-112,DEV-112-POS,2026-09-25 16:15:55,2026-09-25 16:16:15,2026-09-25 16:16:16,2026-09-25 16:34:23,5,900
KDS-ORD-20260925-15427,ORD-20260925-15427,MCH-115,DEV-115-POS,2026-09-25 23:00:00,2026-09-25 23:00:20,2026-09-25 23:00:38,2026-09-25 23:20:06,3,1080
KDS-ORD-20260925-15428,ORD-20260925-15428,MCH-110,DEV-110-POS,2026-09-25 11:46:20,2026-09-25 11:46:40,2026-09-25 11:47:13,2026-09-25 12:02:45,2,720
KDS-ORD-20260925-15429,ORD-20260925-15429,MCH-103,DEV-103-POS,2026-09-25 19:44:30,2026-09-25 19:44:50,2026-09-25 19:45:01,2026-09-25 20:07:44,9,720
KDS-ORD-20260925-15430,ORD-20260925-15430,MCH-113,DEV-113-POS,2026-09-25 19:36:38,2026-09-25 19:36:58,2026-09-25 19:37:19,2026-09-25 20:15:37,14,720
KDS-ORD-20260925-15431,ORD-20260925-15431,MCH-112,DEV-112-POS,2026-09-25 18:02:19,2026-09-25 18:02:39,2026-09-25 18:03:14,2026-09-25 18:20:34,3,900
KDS-ORD-20260925-15432,ORD-20260925-15432,MCH-107,DEV-107-POS,2026-09-25 06:59:29,2026-09-25 06:59:49,2026-09-25 07:00:26,2026-09-25 07:20:22,4,900
KDS-ORD-20260925-15433,ORD-20260925-15433,MCH-111,DEV-111-POS,2026-09-25 19:51:46,2026-09-25 19:52:06,2026-09-25 19:52:42,2026-09-25 20:28:41,8,1080
KDS-ORD-20260925-15434,ORD-20260925-15434,MCH-112,DEV-112-POS,2026-09-25 06:23:32,2026-09-25 06:23:52,2026-09-25 06:24:03,2026-09-25 06:41:34,2,900
KDS-ORD-20260925-15435,ORD-20260925-15435,MCH-102,DEV-102-POS,2026-09-25 17:59:53,2026-09-25 18:00:13,2026-09-25 18:00:27,2026-09-25 18:14:56,4,720
KDS-ORD-20260925-15436,ORD-20260925-15436,MCH-115,DEV-115-POS,2026-09-25 19:52:14,2026-09-25 19:52:34,2026-09-25 19:52:59,2026-09-25 20:32:05,13,1080
KDS-ORD-20260925-15437,ORD-20260925-15437,MCH-108,DEV-108-POS,2026-09-25 10:54:37,2026-09-25 10:54:57,2026-09-25 10:54:52,2026-09-25 11:12:50,3,900
KDS-ORD-20260925-15438,ORD-20260925-15438,MCH-111,DEV-111-POS,2026-09-25 20:21:43,2026-09-25 20:22:03,2026-09-25 20:22:19,2026-09-25 20:56:49,9,1080
KDS-ORD-20260925-15439,ORD-20260925-15439,MCH-110,DEV-110-POS,2026-09-25 05:32:48,2026-09-25 05:33:08,2026-09-25 05:33:29,2026-09-25 05:47:49,3,720
KDS-ORD-20260925-15440,ORD-20260925-15440,MCH-109,DEV-109-POS,2026-09-25 20:20:37,2026-09-25 20:20:57,2026-09-25 20:21:24,2026-09-25 20:47:28,6,900
KDS-ORD-20260925-15441,ORD-20260925-15441,MCH-103,DEV-103-POS,2026-09-25 13:52:09,2026-09-25 13:52:29,2026-09-25 13:52:35,,7,720
KDS-ORD-20260925-15442,ORD-20260925-15442,MCH-114,DEV-114-POS,2026-09-25 10:43:55,2026-09-25 10:44:15,2026-09-25 10:44:35,2026-09-25 10:59:26,3,720
KDS-ORD-20260925-15443,ORD-20260925-15443,MCH-104,DEV-104-POS,2026-09-25 09:12:17,2026-09-25 09:12:37,2026-09-25 09:13:01,2026-09-25 09:36:01,6,1080
KDS-ORD-20260925-15444,ORD-20260925-15444,MCH-105,DEV-105-POS,2026-09-25 22:14:40,2026-09-25 22:15:00,2026-09-25 22:15:13,2026-09-25 22:39:38,6,900
KDS-ORD-20260925-15445,ORD-20260925-15445,MCH-109,DEV-109-POS,2026-09-25 07:31:38,2026-09-25 07:31:58,2026-09-25 07:32:10,2026-09-25 07:51:55,5,900
KDS-ORD-20260925-15446,ORD-20260925-15446,MCH-101,DEV-101-POS,2026-09-25 10:52:35,2026-09-25 10:52:55,2026-09-25 10:53:26,2026-09-25 11:08:36,2,720
KDS-ORD-20260925-15447,ORD-20260925-15447,MCH-107,DEV-107-POS,2026-09-25 13:01:35,2026-09-25 13:01:55,2026-09-25 13:01:50,2026-09-25 13:43:00,13,900
KDS-ORD-20260925-15448,ORD-20260925-15448,MCH-111,DEV-111-POS,2026-09-25 17:03:36,2026-09-25 17:03:56,2026-09-25 17:03:54,2026-09-25 17:25:43,4,1080
KDS-ORD-20260925-15449,ORD-20260925-15449,MCH-109,DEV-109-POS,2026-09-25 15:44:15,2026-09-25 15:44:35,2026-09-25 15:44:58,2026-09-25 16:05:19,6,900
KDS-ORD-20260925-15450,ORD-20260925-15450,MCH-115,DEV-115-POS,2026-09-25 08:24:26,2026-09-25 08:24:46,2026-09-25 08:25:18,2026-09-25 08:46:14,4,1080
KDS-ORD-20260925-15451,ORD-20260925-15451,MCH-104,DEV-104-POS,2026-09-25 11:03:41,2026-09-25 11:04:01,2026-09-25 11:04:32,2026-09-25 11:26:50,6,1080
KDS-ORD-20260925-15452,ORD-20260925-15452,MCH-106,DEV-106-POS,2026-09-25 11:51:03,2026-09-25 11:51:23,2026-09-25 11:51:32,2026-09-25 12:05:33,3,720
KDS-ORD-20260925-15453,ORD-20260925-15453,MCH-114,DEV-114-POS,2026-09-25 10:03:30,2026-09-25 10:03:50,2026-09-25 10:04:07,2026-09-25 10:19:09,5,720
KDS-ORD-20260925-15454,ORD-20260925-15454,MCH-108,DEV-108-POS,2026-09-25 13:45:12,2026-09-25 13:45:32,2026-09-25 13:45:56,2026-09-25 14:18:34,15,900
KDS-ORD-20260925-15455,ORD-20260925-15455,MCH-106,DEV-106-POS,2026-09-25 19:25:26,2026-09-25 19:25:46,2026-09-25 19:25:47,2026-09-25 19:56:16,16,720
KDS-ORD-20260925-15456,ORD-20260925-15456,MCH-102,DEV-102-POS,2026-09-25 10:09:10,2026-09-25 10:09:30,2026-09-25 10:09:27,2026-09-25 10:25:24,3,720
KDS-ORD-20260925-15457,ORD-20260925-15457,MCH-101,DEV-101-POS,2026-09-25 12:39:06,2026-09-25 12:39:26,2026-09-25 12:39:24,2026-09-25 13:09:32,11,720
KDS-ORD-20260925-15458,ORD-20260925-15458,MCH-114,DEV-114-POS,2026-09-25 12:06:54,2026-09-25 12:07:14,2026-09-25 12:07:48,2026-09-25 12:40:03,13,720
KDS-ORD-20260925-15459,ORD-20260925-15459,MCH-104,DEV-104-POS,2026-09-25 22:42:56,2026-09-25 22:43:16,2026-09-25 22:43:39,2026-09-25 23:05:53,4,1080
KDS-ORD-20260925-15460,ORD-20260925-15460,MCH-111,DEV-111-POS,2026-09-25 22:17:57,2026-09-25 22:18:17,2026-09-25 22:18:14,2026-09-25 22:39:10,2,1080
KDS-ORD-20260925-15461,ORD-20260925-15461,MCH-106,DEV-106-POS,2026-09-25 20:11:26,2026-09-25 20:11:46,2026-09-25 20:12:25,2026-09-25 20:43:17,14,720
KDS-ORD-20260925-15462,ORD-20260925-15462,MCH-111,DEV-111-POS,2026-09-25 11:28:04,2026-09-25 11:28:24,2026-09-25 11:28:31,2026-09-25 11:50:54,3,1080
KDS-ORD-20260925-15463,ORD-20260925-15463,MCH-107,DEV-107-POS,2026-09-25 07:14:58,2026-09-25 07:15:18,2026-09-25 07:15:18,2026-09-25 07:33:17,4,900
KDS-ORD-20260925-15464,ORD-20260925-15464,MCH-115,DEV-115-POS,2026-09-25 12:46:50,2026-09-25 12:47:10,2026-09-25 12:47:49,2026-09-25 13:25:23,9,1080
KDS-ORD-20260925-15465,ORD-20260925-15465,MCH-108,DEV-108-POS,2026-09-25 11:33:33,2026-09-25 11:33:53,2026-09-25 11:34:01,2026-09-25 11:52:05,2,900
KDS-ORD-20260925-15466,ORD-20260925-15466,MCH-106,DEV-106-POS,2026-09-25 14:02:29,2026-09-25 14:02:49,2026-09-25 14:03:13,2026-09-25 14:33:00,14,720
KDS-ORD-20260925-15467,ORD-20260925-15467,MCH-102,DEV-102-POS,2026-09-25 20:55:00,2026-09-25 20:55:20,2026-09-25 20:55:42,2026-09-25 21:25:16,16,720
KDS-ORD-20260925-15468,ORD-20260925-15468,MCH-113,DEV-113-POS,2026-09-25 20:06:22,2026-09-25 20:06:42,2026-09-25 20:07:16,2026-09-25 20:40:25,12,720
KDS-ORD-20260925-15469,ORD-20260925-15469,MCH-113,DEV-113-POS,2026-09-25 20:03:14,2026-09-25 20:03:34,2026-09-25 20:03:58,2026-09-25 20:28:16,7,720
KDS-ORD-20260925-15470,ORD-20260925-15470,MCH-114,DEV-114-POS,2026-09-25 12:25:56,2026-09-25 12:26:16,2026-09-25 12:26:42,2026-09-25 12:52:18,9,720
KDS-ORD-20260925-15471,ORD-20260925-15471,MCH-109,DEV-109-POS,2026-09-25 19:18:41,2026-09-25 19:19:01,2026-09-25 19:18:58,2026-09-25 19:51:33,9,900
KDS-ORD-20260925-15472,ORD-20260925-15472,MCH-113,DEV-113-POS,2026-09-25 12:29:52,2026-09-25 12:30:12,2026-09-25 12:30:22,2026-09-25 12:59:48,9,720
KDS-ORD-20260925-15473,ORD-20260925-15473,MCH-108,DEV-108-POS,2026-09-25 06:54:38,2026-09-25 06:54:58,2026-09-25 06:55:15,2026-09-25 07:11:49,2,900
KDS-ORD-20260925-15474,ORD-20260925-15474,MCH-108,DEV-108-POS,2026-09-25 19:26:39,2026-09-25 19:26:59,2026-09-25 19:27:33,2026-09-25 19:57:45,9,900
KDS-ORD-20260925-15475,ORD-20260925-15475,MCH-101,DEV-101-POS,2026-09-25 01:10:02,2026-09-25 01:10:22,2026-09-25 01:10:56,2026-09-25 01:25:54,4,720
KDS-ORD-20260925-15476,ORD-20260925-15476,MCH-108,DEV-108-POS,2026-09-25 13:40:35,2026-09-25 13:40:55,2026-09-25 13:40:53,2026-09-25 14:14:06,15,900
KDS-ORD-20260925-15477,ORD-20260925-15477,MCH-113,DEV-113-POS,2026-09-25 12:05:49,2026-09-25 12:06:09,2026-09-25 12:06:47,2026-09-25 12:37:01,16,720
KDS-ORD-20260925-15478,ORD-20260925-15478,MCH-104,DEV-104-POS,2026-09-25 19:45:33,2026-09-25 19:45:53,2026-09-25 19:46:01,2026-09-25 20:27:16,14,1080
KDS-ORD-20260925-15479,ORD-20260925-15479,MCH-115,DEV-115-POS,2026-09-25 20:53:52,2026-09-25 20:54:12,2026-09-25 20:54:10,2026-09-25 21:25:45,7,1080
KDS-ORD-20260925-15480,ORD-20260925-15480,MCH-112,DEV-112-POS,2026-09-25 12:09:09,2026-09-25 12:09:29,2026-09-25 12:09:34,2026-09-25 12:46:10,12,900
KDS-ORD-20260925-15481,ORD-20260925-15481,MCH-104,DEV-104-POS,2026-09-25 20:58:41,2026-09-25 20:59:01,2026-09-25 20:59:33,2026-09-25 21:37:30,12,1080
KDS-ORD-20260925-15482,ORD-20260925-15482,MCH-110,DEV-110-POS,2026-09-25 11:03:30,2026-09-25 11:03:50,2026-09-25 11:03:55,2026-09-25 11:20:50,3,720
KDS-ORD-20260925-15483,ORD-20260925-15483,MCH-109,DEV-109-POS,2026-09-25 13:18:50,2026-09-25 13:19:10,2026-09-25 13:19:50,2026-09-25 13:56:02,12,900
KDS-ORD-20260925-15484,ORD-20260925-15484,MCH-101,DEV-101-POS,2026-09-25 19:59:25,2026-09-25 19:59:45,2026-09-25 19:59:45,2026-09-25 20:37:31,15,720
KDS-ORD-20260925-15485,ORD-20260925-15485,MCH-108,DEV-108-POS,2026-09-25 19:24:54,2026-09-25 19:25:14,2026-09-25 19:25:36,2026-09-25 20:00:06,16,900
KDS-ORD-20260925-15486,ORD-20260925-15486,MCH-101,DEV-101-POS,2026-09-25 23:47:05,2026-09-25 23:47:25,2026-09-25 23:47:55,2026-09-26 00:02:08,3,720
KDS-ORD-20260925-15487,ORD-20260925-15487,MCH-111,DEV-111-POS,2026-09-25 10:12:15,2026-09-25 10:12:35,2026-09-25 10:13:02,2026-09-25 10:34:04,4,1080
KDS-ORD-20260925-15488,ORD-20260925-15488,MCH-107,DEV-107-POS,2026-09-25 18:58:08,2026-09-25 18:58:28,2026-09-25 18:58:47,2026-09-25 19:14:13,4,900
KDS-ORD-20260925-15489,ORD-20260925-15489,MCH-112,DEV-112-POS,2026-09-25 17:03:22,2026-09-25 17:03:42,2026-09-25 17:03:48,2026-09-25 17:20:18,2,900
KDS-ORD-20260925-15490,ORD-20260925-15490,MCH-113,DEV-113-POS,2026-09-25 21:35:45,2026-09-25 21:36:05,2026-09-25 21:36:31,2026-09-25 22:09:40,16,720
KDS-ORD-20260925-15491,ORD-20260925-15491,MCH-103,DEV-103-POS,2026-09-25 09:57:37,2026-09-25 09:57:57,2026-09-25 09:57:54,2026-09-25 10:13:46,3,720
KDS-ORD-20260925-15492,ORD-20260925-15492,MCH-113,DEV-113-POS,2026-09-25 19:17:59,2026-09-25 19:18:19,2026-09-25 19:18:48,,14,720
KDS-ORD-20260925-15493,ORD-20260925-15493,MCH-103,DEV-103-POS,2026-09-25 16:54:44,2026-09-25 16:55:04,2026-09-25 16:55:12,2026-09-25 17:10:00,2,720
KDS-ORD-20260925-15494,ORD-20260925-15494,MCH-111,DEV-111-POS,2026-09-25 11:20:01,2026-09-25 11:20:21,2026-09-25 11:20:19,2026-09-25 11:39:19,2,1080
KDS-ORD-20260925-15495,ORD-20260925-15495,MCH-104,DEV-104-POS,2026-09-25 13:09:25,2026-09-25 13:09:45,2026-09-25 13:10:17,2026-09-25 13:45:11,12,1080
KDS-ORD-20260925-15496,ORD-20260925-15496,MCH-102,DEV-102-POS,2026-09-25 12:30:43,2026-09-25 12:31:03,2026-09-25 12:31:32,2026-09-25 13:00:23,10,720
KDS-ORD-20260925-15497,ORD-20260925-15497,MCH-104,DEV-104-POS,2026-09-25 16:51:17,2026-09-25 16:51:37,2026-09-25 16:52:02,2026-09-25 17:15:11,6,1080
KDS-ORD-20260925-15498,ORD-20260925-15498,MCH-115,DEV-115-POS,2026-09-25 21:34:03,2026-09-25 21:34:23,2026-09-25 21:34:33,,7,1080
KDS-ORD-20260925-15499,ORD-20260925-15499,MCH-106,DEV-106-POS,2026-09-25 16:28:49,2026-09-25 16:29:09,2026-09-25 16:29:30,2026-09-25 16:43:03,2,720
KDS-ORD-20260925-15500,ORD-20260925-15500,MCH-111,DEV-111-POS,2026-09-25 18:05:11,2026-09-25 18:05:31,2026-09-25 18:05:27,2026-09-25 18:24:30,4,1080
KDS-ORD-20260925-15501,ORD-20260925-15501,MCH-113,DEV-113-POS,2026-09-25 14:35:03,2026-09-25 14:35:23,2026-09-25 14:36:01,2026-09-25 15:10:30,15,720
KDS-ORD-20260925-15502,ORD-20260925-15502,MCH-115,DEV-115-POS,2026-09-25 06:15:37,2026-09-25 06:15:57,2026-09-25 06:16:23,2026-09-25 06:39:05,6,1080
KDS-ORD-20260925-15503,ORD-20260925-15503,MCH-112,DEV-112-POS,2026-09-25 11:54:23,2026-09-25 11:54:43,2026-09-25 11:55:22,2026-09-25 12:13:32,5,900
KDS-ORD-20260925-15504,ORD-20260925-15504,MCH-111,DEV-111-POS,2026-09-25 14:29:47,2026-09-25 14:30:07,2026-09-25 14:30:40,2026-09-25 15:04:08,12,1080
KDS-ORD-20260925-15505,ORD-20260925-15505,MCH-104,DEV-104-POS,2026-09-25 12:51:11,2026-09-25 12:51:31,2026-09-25 12:51:40,2026-09-25 13:29:21,12,1080
KDS-ORD-20260925-15506,ORD-20260925-15506,MCH-101,DEV-101-POS,2026-09-25 10:28:46,2026-09-25 10:29:06,2026-09-25 10:29:34,2026-09-25 10:49:02,5,720
KDS-ORD-20260925-15507,ORD-20260925-15507,MCH-113,DEV-113-POS,2026-09-25 14:26:25,2026-09-25 14:26:45,2026-09-25 14:26:57,2026-09-25 14:52:28,11,720
KDS-ORD-20260925-15508,ORD-20260925-15508,MCH-106,DEV-106-POS,2026-09-25 12:29:42,2026-09-25 12:30:02,2026-09-25 12:30:06,2026-09-25 13:03:51,11,720
KDS-ORD-20260925-15509,ORD-20260925-15509,MCH-108,DEV-108-POS,2026-09-25 11:47:50,2026-09-25 11:48:10,2026-09-25 11:48:13,2026-09-25 12:05:13,2,900
KDS-ORD-20260925-15510,ORD-20260925-15510,MCH-106,DEV-106-POS,2026-09-25 14:02:08,2026-09-25 14:02:28,2026-09-25 14:02:58,2026-09-25 14:31:11,11,720
KDS-ORD-20260925-15511,ORD-20260925-15511,MCH-115,DEV-115-POS,2026-09-25 09:20:36,2026-09-25 09:20:56,2026-09-25 09:21:14,2026-09-25 09:44:35,3,1080
KDS-ORD-20260925-15512,ORD-20260925-15512,MCH-102,DEV-102-POS,2026-09-25 21:17:30,2026-09-25 21:17:50,2026-09-25 21:17:57,2026-09-25 21:50:51,15,720
KDS-ORD-20260925-15513,ORD-20260925-15513,MCH-101,DEV-101-POS,2026-09-25 20:34:26,2026-09-25 20:34:46,2026-09-25 20:35:23,2026-09-25 21:00:08,8,720
KDS-ORD-20260925-15514,ORD-20260925-15514,MCH-108,DEV-108-POS,2026-09-25 19:06:52,2026-09-25 19:07:12,2026-09-25 19:07:27,2026-09-25 19:34:51,8,900
KDS-ORD-20260925-15515,ORD-20260925-15515,MCH-104,DEV-104-POS,2026-09-25 08:14:01,2026-09-25 08:14:21,2026-09-25 08:14:23,2026-09-25 08:35:43,4,1080
KDS-ORD-20260925-15516,ORD-20260925-15516,MCH-111,DEV-111-POS,2026-09-25 20:41:37,2026-09-25 20:41:57,2026-09-25 20:42:02,2026-09-25 21:23:25,12,1080
KDS-ORD-20260925-15517,ORD-20260925-15517,MCH-113,DEV-113-POS,2026-09-25 20:21:01,2026-09-25 20:21:21,2026-09-25 20:21:53,2026-09-25 20:52:42,14,720
KDS-ORD-20260925-15518,ORD-20260925-15518,MCH-112,DEV-112-POS,2026-09-25 20:37:29,2026-09-25 20:37:49,2026-09-25 20:38:09,2026-09-25 21:09:58,8,900
KDS-ORD-20260925-15519,ORD-20260925-15519,MCH-105,DEV-105-POS,2026-09-25 08:12:02,2026-09-25 08:12:22,2026-09-25 08:12:48,2026-09-25 08:27:46,3,900
KDS-ORD-20260925-15520,ORD-20260925-15520,MCH-106,DEV-106-POS,2026-09-25 18:31:32,2026-09-25 18:31:52,2026-09-25 18:31:53,2026-09-25 18:47:48,3,720
KDS-ORD-20260925-15521,ORD-20260925-15521,MCH-102,DEV-102-POS,2026-09-25 20:27:40,2026-09-25 20:28:00,2026-09-25 20:28:04,2026-09-25 20:50:57,6,720
KDS-ORD-20260925-15522,ORD-20260925-15522,MCH-113,DEV-113-POS,2026-09-25 16:28:59,2026-09-25 16:29:19,2026-09-25 16:29:58,2026-09-25 16:46:03,3,720
KDS-ORD-20260925-15523,ORD-20260925-15523,MCH-114,DEV-114-POS,2026-09-25 18:25:35,2026-09-25 18:25:55,2026-09-25 18:26:04,2026-09-25 18:42:46,2,720
KDS-ORD-20260925-15524,ORD-20260925-15524,MCH-104,DEV-104-POS,2026-09-25 13:04:12,2026-09-25 13:04:32,2026-09-25 13:04:41,,7,1080
KDS-ORD-20260925-15525,ORD-20260925-15525,MCH-114,DEV-114-POS,2026-09-25 15:32:59,2026-09-25 15:33:19,2026-09-25 15:33:50,2026-09-25 15:45:43,2,720
KDS-ORD-20260925-15526,ORD-20260925-15526,MCH-114,DEV-114-POS,2026-09-25 05:25:20,2026-09-25 05:25:40,2026-09-25 05:26:10,2026-09-25 05:40:28,3,720
KDS-ORD-20260925-15527,ORD-20260925-15527,MCH-115,DEV-115-POS,2026-09-25 18:31:13,2026-09-25 18:31:33,2026-09-25 18:31:56,2026-09-25 18:49:51,2,1080
KDS-ORD-20260925-15528,ORD-20260925-15528,MCH-108,DEV-108-POS,2026-09-25 07:01:35,2026-09-25 07:01:55,2026-09-25 07:01:57,2026-09-25 07:27:17,6,900
KDS-ORD-20260925-15529,ORD-20260925-15529,MCH-111,DEV-111-POS,2026-09-25 13:57:00,2026-09-25 13:57:20,2026-09-25 13:57:47,2026-09-25 14:31:36,10,1080
KDS-ORD-20260925-15530,ORD-20260925-15530,MCH-101,DEV-101-POS,2026-09-25 11:14:50,2026-09-25 11:15:10,2026-09-25 11:15:33,2026-09-25 11:26:30,2,720
KDS-ORD-20260925-15531,ORD-20260925-15531,MCH-101,DEV-101-POS,2026-09-25 15:16:27,2026-09-25 15:16:47,2026-09-25 15:17:15,2026-09-25 15:36:27,6,720
KDS-ORD-20260925-15532,ORD-20260925-15532,MCH-104,DEV-104-POS,2026-09-25 09:45:29,2026-09-25 09:45:49,2026-09-25 09:46:20,2026-09-25 10:08:58,5,1080
KDS-ORD-20260925-15533,ORD-20260925-15533,MCH-114,DEV-114-POS,2026-09-25 19:19:06,2026-09-25 19:19:26,2026-09-25 19:19:25,2026-09-25 19:42:28,8,720
KDS-ORD-20260925-15534,ORD-20260925-15534,MCH-103,DEV-103-POS,2026-09-25 20:21:56,2026-09-25 20:22:16,2026-09-25 20:22:52,2026-09-25 20:44:43,7,720
KDS-ORD-20260925-15535,ORD-20260925-15535,MCH-104,DEV-104-POS,2026-09-25 09:17:19,2026-09-25 09:17:39,2026-09-25 09:17:44,2026-09-25 09:39:28,3,1080
KDS-ORD-20260925-15536,ORD-20260925-15536,MCH-113,DEV-113-POS,2026-09-25 08:57:39,2026-09-25 08:57:59,2026-09-25 08:58:15,2026-09-25 09:15:15,4,720
KDS-ORD-20260925-15537,ORD-20260925-15537,MCH-109,DEV-109-POS,2026-09-25 09:41:05,2026-09-25 09:41:25,2026-09-25 09:41:35,2026-09-25 10:02:09,5,900
KDS-ORD-20260925-15538,ORD-20260925-15538,MCH-109,DEV-109-POS,2026-09-25 21:25:18,2026-09-25 21:25:38,2026-09-25 21:26:03,,9,900
KDS-ORD-20260925-15539,ORD-20260925-15539,MCH-112,DEV-112-POS,2026-09-25 15:23:50,2026-09-25 15:24:10,2026-09-25 15:24:27,2026-09-25 15:41:13,3,900
KDS-ORD-20260925-15540,ORD-20260925-15540,MCH-114,DEV-114-POS,2026-09-25 13:07:01,2026-09-25 13:07:21,2026-09-25 13:07:33,2026-09-25 13:30:43,8,720
KDS-ORD-20260925-15541,ORD-20260925-15541,MCH-111,DEV-111-POS,2026-09-25 08:32:49,2026-09-25 08:33:09,2026-09-25 08:33:36,2026-09-25 08:51:52,3,1080
KDS-ORD-20260925-15542,ORD-20260925-15542,MCH-106,DEV-106-POS,2026-09-25 18:43:48,2026-09-25 18:44:08,2026-09-25 18:44:35,2026-09-25 19:02:07,3,720
KDS-ORD-20260925-15543,ORD-20260925-15543,MCH-105,DEV-105-POS,2026-09-25 20:13:46,2026-09-25 20:14:06,2026-09-25 20:14:19,2026-09-25 20:41:17,7,900
KDS-ORD-20260925-15544,ORD-20260925-15544,MCH-114,DEV-114-POS,2026-09-25 20:43:29,2026-09-25 20:43:49,2026-09-25 20:43:47,2026-09-25 21:19:45,14,720
KDS-ORD-20260925-15545,ORD-20260925-15545,MCH-102,DEV-102-POS,2026-09-25 18:50:20,2026-09-25 18:50:40,2026-09-25 18:51:01,2026-09-25 19:03:17,2,720
KDS-ORD-20260925-15546,ORD-20260925-15546,MCH-113,DEV-113-POS,2026-09-25 07:22:05,2026-09-25 07:22:25,2026-09-25 07:22:40,2026-09-25 07:38:29,6,720
KDS-ORD-20260925-15547,ORD-20260925-15547,MCH-114,DEV-114-POS,2026-09-25 08:55:41,2026-09-25 08:56:01,2026-09-25 08:56:10,2026-09-25 09:11:28,5,720
KDS-ORD-20260925-15548,ORD-20260925-15548,MCH-113,DEV-113-POS,2026-09-25 06:28:48,2026-09-25 06:29:08,2026-09-25 06:29:41,2026-09-25 06:46:53,6,720
KDS-ORD-20260925-15549,ORD-20260925-15549,MCH-101,DEV-101-POS,2026-09-25 11:33:41,2026-09-25 11:34:01,2026-09-25 11:34:41,2026-09-25 11:46:20,2,720
KDS-ORD-20260925-15550,ORD-20260925-15550,MCH-104,DEV-104-POS,2026-09-25 09:56:12,2026-09-25 09:56:32,2026-09-25 09:56:52,2026-09-25 10:14:27,5,1080
KDS-ORD-20260925-15551,ORD-20260925-15551,MCH-102,DEV-102-POS,2026-09-25 11:58:17,2026-09-25 11:58:37,2026-09-25 11:58:57,2026-09-25 12:14:25,2,720
KDS-ORD-20260925-15552,ORD-20260925-15552,MCH-108,DEV-108-POS,2026-09-25 12:42:10,2026-09-25 12:42:30,2026-09-25 12:42:54,,6,900
KDS-ORD-20260925-15553,ORD-20260925-15553,MCH-112,DEV-112-POS,2026-09-25 21:30:39,2026-09-25 21:30:59,2026-09-25 21:30:54,2026-09-25 22:04:10,13,900
KDS-ORD-20260925-15554,ORD-20260925-15554,MCH-102,DEV-102-POS,2026-09-25 17:06:15,2026-09-25 17:06:35,2026-09-25 17:06:55,2026-09-25 17:21:47,5,720
KDS-ORD-20260925-15555,ORD-20260925-15555,MCH-101,DEV-101-POS,2026-09-25 20:45:16,2026-09-25 20:45:36,2026-09-25 20:45:58,2026-09-25 21:05:34,9,720
KDS-ORD-20260925-15556,ORD-20260925-15556,MCH-107,DEV-107-POS,2026-09-25 19:07:18,2026-09-25 19:07:38,2026-09-25 19:08:17,2026-09-25 19:37:56,9,900
KDS-ORD-20260925-15557,ORD-20260925-15557,MCH-115,DEV-115-POS,2026-09-25 08:57:06,2026-09-25 08:57:26,2026-09-25 08:57:38,2026-09-25 09:22:45,3,1080
KDS-ORD-20260925-15558,ORD-20260925-15558,MCH-112,DEV-112-POS,2026-09-25 19:55:43,2026-09-25 19:56:03,2026-09-25 19:56:02,2026-09-25 20:29:01,7,900
KDS-ORD-20260925-15559,ORD-20260925-15559,MCH-109,DEV-109-POS,2026-09-25 11:20:28,2026-09-25 11:20:48,2026-09-25 11:20:59,2026-09-25 11:38:34,3,900
KDS-ORD-20260925-15560,ORD-20260925-15560,MCH-110,DEV-110-POS,2026-09-25 18:48:42,2026-09-25 18:49:02,2026-09-25 18:49:30,2026-09-25 19:04:08,4,720
KDS-ORD-20260925-15561,ORD-20260925-15561,MCH-103,DEV-103-POS,2026-09-25 12:30:29,2026-09-25 12:30:49,2026-09-25 12:31:13,2026-09-25 12:58:44,7,720
KDS-ORD-20260925-15562,ORD-20260925-15562,MCH-102,DEV-102-POS,2026-09-25 23:27:33,2026-09-25 23:27:53,2026-09-25 23:28:13,2026-09-25 23:42:37,3,720
KDS-ORD-20260925-15563,ORD-20260925-15563,MCH-109,DEV-109-POS,2026-09-25 11:40:47,2026-09-25 11:41:07,2026-09-25 11:41:42,2026-09-25 12:02:07,5,900
KDS-ORD-20260925-15564,ORD-20260925-15564,MCH-112,DEV-112-POS,2026-09-25 11:09:08,2026-09-25 11:09:28,2026-09-25 11:09:39,2026-09-25 11:31:38,5,900
KDS-ORD-20260925-15565,ORD-20260925-15565,MCH-112,DEV-112-POS,2026-09-25 21:44:26,2026-09-25 21:44:46,2026-09-25 21:44:43,2026-09-25 22:28:26,15,900
KDS-ORD-20260925-15566,ORD-20260925-15566,MCH-113,DEV-113-POS,2026-09-25 04:29:21,2026-09-25 04:29:41,2026-09-25 04:30:14,2026-09-25 04:51:48,6,720
KDS-ORD-20260925-15567,ORD-20260925-15567,MCH-104,DEV-104-POS,2026-09-25 19:39:59,2026-09-25 19:40:19,2026-09-25 19:40:50,2026-09-25 20:13:56,10,1080
KDS-ORD-20260925-15568,ORD-20260925-15568,MCH-111,DEV-111-POS,2026-09-25 19:21:02,2026-09-25 19:21:22,2026-09-25 19:21:43,2026-09-25 19:56:04,8,1080
KDS-ORD-20260925-15569,ORD-20260925-15569,MCH-105,DEV-105-POS,2026-09-25 20:56:52,2026-09-25 20:57:12,2026-09-25 20:57:26,2026-09-25 21:33:29,13,900
KDS-ORD-20260925-15570,ORD-20260925-15570,MCH-114,DEV-114-POS,2026-09-25 22:14:13,2026-09-25 22:14:33,2026-09-25 22:15:00,2026-09-25 22:27:18,2,720
KDS-ORD-20260925-15571,ORD-20260925-15571,MCH-108,DEV-108-POS,2026-09-25 22:43:41,2026-09-25 22:44:01,2026-09-25 22:44:25,2026-09-25 23:01:56,6,900
KDS-ORD-20260925-15572,ORD-20260925-15572,MCH-113,DEV-113-POS,2026-09-25 07:32:32,2026-09-25 07:32:52,2026-09-25 07:33:10,2026-09-25 07:52:43,6,720
KDS-ORD-20260925-15573,ORD-20260925-15573,MCH-115,DEV-115-POS,2026-09-25 20:06:36,2026-09-25 20:06:56,2026-09-25 20:07:26,2026-09-25 20:37:23,6,1080
KDS-ORD-20260925-15574,ORD-20260925-15574,MCH-109,DEV-109-POS,2026-09-25 18:43:28,2026-09-25 18:43:48,2026-09-25 18:44:17,2026-09-25 19:01:34,2,900
KDS-ORD-20260925-15575,ORD-20260925-15575,MCH-103,DEV-103-POS,2026-09-25 18:43:00,2026-09-25 18:43:20,2026-09-25 18:43:55,2026-09-25 18:57:26,5,720
KDS-ORD-20260925-15576,ORD-20260925-15576,MCH-114,DEV-114-POS,2026-09-25 08:14:19,2026-09-25 08:14:39,2026-09-25 08:14:44,2026-09-25 08:30:15,3,720
KDS-ORD-20260925-15577,ORD-20260925-15577,MCH-110,DEV-110-POS,2026-09-25 18:58:16,2026-09-25 18:58:36,2026-09-25 18:58:37,2026-09-25 19:12:31,3,720
KDS-ORD-20260925-15578,ORD-20260925-15578,MCH-106,DEV-106-POS,2026-09-25 22:38:58,2026-09-25 22:39:18,2026-09-25 22:39:14,2026-09-25 22:52:51,2,720
KDS-ORD-20260925-15579,ORD-20260925-15579,MCH-111,DEV-111-POS,2026-09-25 21:51:40,2026-09-25 21:52:00,2026-09-25 21:52:23,2026-09-25 22:25:27,9,1080
KDS-ORD-20260925-15580,ORD-20260925-15580,MCH-107,DEV-107-POS,2026-09-25 13:26:46,2026-09-25 13:27:06,2026-09-25 13:27:33,2026-09-25 14:01:22,9,900
KDS-ORD-20260925-15581,ORD-20260925-15581,MCH-101,DEV-101-POS,2026-09-25 05:56:10,2026-09-25 05:56:30,2026-09-25 05:57:10,2026-09-25 06:13:36,6,720
KDS-ORD-20260925-15582,ORD-20260925-15582,MCH-105,DEV-105-POS,2026-09-25 12:21:33,2026-09-25 12:21:53,2026-09-25 12:22:23,2026-09-25 12:52:04,6,900
KDS-ORD-20260925-15583,ORD-20260925-15583,MCH-110,DEV-110-POS,2026-09-25 20:33:59,2026-09-25 20:34:19,2026-09-25 20:34:16,2026-09-25 21:13:16,14,720
KDS-ORD-20260925-15584,ORD-20260925-15584,MCH-115,DEV-115-POS,2026-09-25 19:44:34,2026-09-25 19:44:54,2026-09-25 19:44:57,2026-09-25 20:23:02,16,1080
KDS-ORD-20260925-15585,ORD-20260925-15585,MCH-115,DEV-115-POS,2026-09-25 13:54:17,2026-09-25 13:54:37,2026-09-25 13:54:33,2026-09-25 14:24:41,7,1080
KDS-ORD-20260925-15586,ORD-20260925-15586,MCH-106,DEV-106-POS,2026-09-25 06:55:16,2026-09-25 06:55:36,2026-09-25 06:55:45,2026-09-25 07:09:22,2,720
KDS-ORD-20260925-15587,ORD-20260925-15587,MCH-101,DEV-101-POS,2026-09-25 13:27:01,2026-09-25 13:27:21,2026-09-25 13:27:24,2026-09-25 13:58:52,11,720
KDS-ORD-20260925-15588,ORD-20260925-15588,MCH-108,DEV-108-POS,2026-09-25 13:40:46,2026-09-25 13:41:06,2026-09-25 13:41:42,2026-09-25 14:17:55,16,900
KDS-ORD-20260925-15589,ORD-20260925-15589,MCH-107,DEV-107-POS,2026-09-25 21:31:05,2026-09-25 21:31:25,2026-09-25 21:31:38,2026-09-25 22:01:45,10,900
KDS-ORD-20260925-15590,ORD-20260925-15590,MCH-115,DEV-115-POS,2026-09-25 18:50:54,2026-09-25 18:51:14,2026-09-25 18:51:26,2026-09-25 19:17:46,5,1080
KDS-ORD-20260925-15591,ORD-20260925-15591,MCH-112,DEV-112-POS,2026-09-25 12:49:45,2026-09-25 12:50:05,2026-09-25 12:50:33,2026-09-25 13:33:47,16,900
KDS-ORD-20260925-15592,ORD-20260925-15592,MCH-103,DEV-103-POS,2026-09-25 15:38:02,2026-09-25 15:38:22,2026-09-25 15:38:58,2026-09-25 15:55:57,3,720
KDS-ORD-20260925-15593,ORD-20260925-15593,MCH-112,DEV-112-POS,2026-09-25 07:41:35,2026-09-25 07:41:55,2026-09-25 07:42:17,2026-09-25 08:06:21,6,900
KDS-ORD-20260925-15594,ORD-20260925-15594,MCH-105,DEV-105-POS,2026-09-25 23:00:09,2026-09-25 23:00:29,2026-09-25 23:01:08,2026-09-25 23:21:07,4,900
KDS-ORD-20260925-15595,ORD-20260925-15595,MCH-101,DEV-101-POS,2026-09-25 12:27:33,2026-09-25 12:27:53,2026-09-25 12:28:01,2026-09-25 12:57:39,8,720
KDS-ORD-20260925-15596,ORD-20260925-15596,MCH-110,DEV-110-POS,2026-09-25 13:53:11,2026-09-25 13:53:31,2026-09-25 13:53:55,2026-09-25 14:22:42,12,720
KDS-ORD-20260925-15597,ORD-20260925-15597,MCH-102,DEV-102-POS,2026-09-25 12:19:21,2026-09-25 12:19:41,2026-09-25 12:19:44,2026-09-25 12:50:45,16,720
KDS-ORD-20260925-15598,ORD-20260925-15598,MCH-106,DEV-106-POS,2026-09-25 19:07:12,2026-09-25 19:07:32,2026-09-25 19:08:02,2026-09-25 19:32:15,11,720
KDS-ORD-20260925-15599,ORD-20260925-15599,MCH-103,DEV-103-POS,2026-09-25 18:40:17,2026-09-25 18:40:37,2026-09-25 18:40:37,2026-09-25 18:57:53,5,720
KDS-ORD-20260925-15600,ORD-20260925-15600,MCH-109,DEV-109-POS,2026-09-25 19:48:53,2026-09-25 19:49:13,2026-09-25 19:49:37,2026-09-25 20:19:37,8,900
KDS-ORD-20260925-15601,ORD-20260925-15601,MCH-111,DEV-111-POS,2026-09-25 11:45:58,2026-09-25 11:46:18,2026-09-25 11:46:58,2026-09-25 12:06:29,4,1080
KDS-ORD-20260925-15602,ORD-20260925-15602,MCH-114,DEV-114-POS,2026-09-25 12:50:54,2026-09-25 12:51:14,2026-09-25 12:51:27,2026-09-25 13:22:41,12,720
KDS-ORD-20260925-15603,ORD-20260925-15603,MCH-109,DEV-109-POS,2026-09-25 08:51:04,2026-09-25 08:51:24,2026-09-25 08:51:41,2026-09-25 09:08:06,3,900
KDS-ORD-20260925-15604,ORD-20260925-15604,MCH-104,DEV-104-POS,2026-09-25 18:41:29,2026-09-25 18:41:49,2026-09-25 18:41:54,2026-09-25 19:03:32,6,1080
KDS-ORD-20260925-15605,ORD-20260925-15605,MCH-107,DEV-107-POS,2026-09-25 05:23:31,2026-09-25 05:23:51,2026-09-25 05:24:07,2026-09-25 05:40:13,2,900
KDS-ORD-20260925-15606,ORD-20260925-15606,MCH-112,DEV-112-POS,2026-09-25 17:52:17,2026-09-25 17:52:37,2026-09-25 17:52:47,2026-09-25 18:12:08,5,900
KDS-ORD-20260925-15607,ORD-20260925-15607,MCH-113,DEV-113-POS,2026-09-25 20:04:59,2026-09-25 20:05:19,2026-09-25 20:05:38,2026-09-25 20:33:16,15,720
KDS-ORD-20260925-15608,ORD-20260925-15608,MCH-114,DEV-114-POS,2026-09-25 21:39:26,2026-09-25 21:39:46,2026-09-25 21:40:08,2026-09-25 22:01:52,7,720
KDS-ORD-20260925-15609,ORD-20260925-15609,MCH-112,DEV-112-POS,2026-09-25 13:21:31,2026-09-25 13:21:51,2026-09-25 13:21:51,2026-09-25 13:49:04,6,900
KDS-ORD-20260925-15610,ORD-20260925-15610,MCH-109,DEV-109-POS,2026-09-25 13:56:31,2026-09-25 13:56:51,2026-09-25 13:57:03,,15,900
KDS-ORD-20260925-15611,ORD-20260925-15611,MCH-103,DEV-103-POS,2026-09-25 07:38:37,2026-09-25 07:38:57,2026-09-25 07:39:03,2026-09-25 07:52:42,3,720
KDS-ORD-20260925-15612,ORD-20260925-15612,MCH-111,DEV-111-POS,2026-09-25 18:41:50,2026-09-25 18:42:10,2026-09-25 18:42:40,2026-09-25 19:10:39,6,1080
KDS-ORD-20260925-15613,ORD-20260925-15613,MCH-103,DEV-103-POS,2026-09-25 20:19:03,2026-09-25 20:19:23,2026-09-25 20:20:02,2026-09-25 20:49:36,16,720
KDS-ORD-20260925-15614,ORD-20260925-15614,MCH-113,DEV-113-POS,2026-09-25 11:38:20,2026-09-25 11:38:40,2026-09-25 11:38:54,2026-09-25 11:59:43,6,720
KDS-ORD-20260925-15615,ORD-20260925-15615,MCH-102,DEV-102-POS,2026-09-25 13:43:57,2026-09-25 13:44:17,2026-09-25 13:44:33,2026-09-25 14:08:30,10,720
KDS-ORD-20260925-15616,ORD-20260925-15616,MCH-112,DEV-112-POS,2026-09-25 20:42:52,2026-09-25 20:43:12,2026-09-25 20:43:23,2026-09-25 21:21:47,15,900
KDS-ORD-20260925-15617,ORD-20260925-15617,MCH-101,DEV-101-POS,2026-09-25 21:17:47,2026-09-25 21:18:07,2026-09-25 21:18:41,2026-09-25 21:41:46,7,720
KDS-ORD-20260925-15618,ORD-20260925-15618,MCH-102,DEV-102-POS,2026-09-25 11:53:03,2026-09-25 11:53:23,2026-09-25 11:53:37,2026-09-25 12:05:44,2,720
KDS-ORD-20260925-15619,ORD-20260925-15619,MCH-102,DEV-102-POS,2026-09-25 15:21:34,2026-09-25 15:21:54,2026-09-25 15:22:27,2026-09-25 15:36:25,6,720
KDS-ORD-20260925-15620,ORD-20260925-15620,MCH-107,DEV-107-POS,2026-09-25 10:24:23,2026-09-25 10:24:43,2026-09-25 10:24:43,2026-09-25 10:44:30,3,900
KDS-ORD-20260925-15621,ORD-20260925-15621,MCH-103,DEV-103-POS,2026-09-25 08:31:39,2026-09-25 08:31:59,2026-09-25 08:32:16,2026-09-25 08:44:50,5,720
KDS-ORD-20260925-15622,ORD-20260925-15622,MCH-112,DEV-112-POS,2026-09-25 21:33:41,2026-09-25 21:34:01,2026-09-25 21:34:10,2026-09-25 22:01:16,9,900
KDS-ORD-20260925-15623,ORD-20260925-15623,MCH-114,DEV-114-POS,2026-09-25 21:01:25,2026-09-25 21:01:45,2026-09-25 21:02:25,2026-09-25 21:32:19,11,720
KDS-ORD-20260925-15624,ORD-20260925-15624,MCH-105,DEV-105-POS,2026-09-25 19:58:06,2026-09-25 19:58:26,2026-09-25 19:58:42,2026-09-25 20:29:49,9,900
KDS-ORD-20260925-15625,ORD-20260925-15625,MCH-102,DEV-102-POS,2026-09-25 06:19:47,2026-09-25 06:20:07,2026-09-25 06:20:39,2026-09-25 06:40:36,6,720
KDS-ORD-20260925-15626,ORD-20260925-15626,MCH-112,DEV-112-POS,2026-09-25 20:30:02,2026-09-25 20:30:22,2026-09-25 20:30:28,2026-09-25 21:01:44,13,900
KDS-ORD-20260925-15627,ORD-20260925-15627,MCH-108,DEV-108-POS,2026-09-25 13:09:59,2026-09-25 13:10:19,2026-09-25 13:10:28,2026-09-25 13:48:01,15,900
KDS-ORD-20260925-15628,ORD-20260925-15628,MCH-107,DEV-107-POS,2026-09-25 12:37:46,2026-09-25 12:38:06,2026-09-25 12:38:08,2026-09-25 13:12:55,11,900
KDS-ORD-20260925-15629,ORD-20260925-15629,MCH-103,DEV-103-POS,2026-09-25 15:14:22,2026-09-25 15:14:42,2026-09-25 15:15:09,2026-09-25 15:28:47,3,720
KDS-ORD-20260925-15630,ORD-20260925-15630,MCH-114,DEV-114-POS,2026-09-25 07:02:01,2026-09-25 07:02:21,2026-09-25 07:02:25,2026-09-25 07:21:09,6,720
KDS-ORD-20260925-15631,ORD-20260925-15631,MCH-113,DEV-113-POS,2026-09-25 19:16:13,2026-09-25 19:16:33,2026-09-25 19:17:03,2026-09-25 19:42:58,15,720
KDS-ORD-20260925-15632,ORD-20260925-15632,MCH-115,DEV-115-POS,2026-09-25 16:46:18,2026-09-25 16:46:38,2026-09-25 16:46:55,2026-09-25 17:05:17,3,1080
KDS-ORD-20260925-15633,ORD-20260925-15633,MCH-110,DEV-110-POS,2026-09-25 10:51:59,2026-09-25 10:52:19,2026-09-25 10:52:34,2026-09-25 11:03:34,3,720
KDS-ORD-20260925-15634,ORD-20260925-15634,MCH-113,DEV-113-POS,2026-09-25 10:25:10,2026-09-25 10:25:30,2026-09-25 10:25:29,2026-09-25 10:43:41,2,720
KDS-ORD-20260925-15635,ORD-20260925-15635,MCH-104,DEV-104-POS,2026-09-25 10:12:51,2026-09-25 10:13:11,2026-09-25 10:13:16,2026-09-25 10:34:53,5,1080
KDS-ORD-20260925-15636,ORD-20260925-15636,MCH-111,DEV-111-POS,2026-09-25 06:35:49,2026-09-25 06:36:09,2026-09-25 06:36:31,2026-09-25 06:59:20,2,1080
KDS-ORD-20260925-15637,ORD-20260925-15637,MCH-105,DEV-105-POS,2026-09-25 17:24:13,2026-09-25 17:24:33,2026-09-25 17:25:01,2026-09-25 17:40:22,2,900
KDS-ORD-20260925-15638,ORD-20260925-15638,MCH-106,DEV-106-POS,2026-09-25 20:11:17,2026-09-25 20:11:37,2026-09-25 20:12:14,2026-09-25 20:36:43,6,720
KDS-ORD-20260925-15639,ORD-20260925-15639,MCH-105,DEV-105-POS,2026-09-25 03:10:05,2026-09-25 03:10:25,2026-09-25 03:10:22,2026-09-25 03:28:22,5,900
KDS-ORD-20260925-15640,ORD-20260925-15640,MCH-105,DEV-105-POS,2026-09-25 06:44:45,2026-09-25 06:45:05,2026-09-25 06:45:27,2026-09-25 07:03:24,5,900
KDS-ORD-20260925-15641,ORD-20260925-15641,MCH-108,DEV-108-POS,2026-09-25 16:52:32,2026-09-25 16:52:52,2026-09-25 16:53:21,2026-09-25 17:09:38,6,900
KDS-ORD-20260925-15642,ORD-20260925-15642,MCH-111,DEV-111-POS,2026-09-25 20:26:14,2026-09-25 20:26:34,2026-09-25 20:26:30,2026-09-25 21:13:03,15,1080
KDS-ORD-20260925-15643,ORD-20260925-15643,MCH-112,DEV-112-POS,2026-09-25 12:55:10,2026-09-25 12:55:30,2026-09-25 12:56:09,2026-09-25 13:25:01,8,900
KDS-ORD-20260925-15644,ORD-20260925-15644,MCH-113,DEV-113-POS,2026-09-25 12:16:19,2026-09-25 12:16:39,2026-09-25 12:16:59,2026-09-25 12:46:34,9,720
KDS-ORD-20260925-15645,ORD-20260925-15645,MCH-115,DEV-115-POS,2026-09-25 17:12:35,2026-09-25 17:12:55,2026-09-25 17:13:29,2026-09-25 17:30:37,2,1080
KDS-ORD-20260925-15646,ORD-20260925-15646,MCH-108,DEV-108-POS,2026-09-25 11:53:55,2026-09-25 11:54:15,2026-09-25 11:54:46,2026-09-25 12:12:51,5,900
KDS-ORD-20260925-15647,ORD-20260925-15647,MCH-103,DEV-103-POS,2026-09-25 05:40:42,2026-09-25 05:41:02,2026-09-25 05:41:30,2026-09-25 05:57:01,5,720
KDS-ORD-20260925-15648,ORD-20260925-15648,MCH-112,DEV-112-POS,2026-09-25 19:11:02,2026-09-25 19:11:22,2026-09-25 19:12:01,2026-09-25 19:53:12,12,900
KDS-ORD-20260925-15649,ORD-20260925-15649,MCH-111,DEV-111-POS,2026-09-25 18:07:43,2026-09-25 18:08:03,2026-09-25 18:08:09,2026-09-25 18:27:55,4,1080
KDS-ORD-20260925-15650,ORD-20260925-15650,MCH-109,DEV-109-POS,2026-09-25 16:37:36,2026-09-25 16:37:56,2026-09-25 16:38:27,2026-09-25 16:54:12,2,900
KDS-ORD-20260925-15651,ORD-20260925-15651,MCH-103,DEV-103-POS,2026-09-25 19:35:16,2026-09-25 19:35:36,2026-09-25 19:35:39,2026-09-25 19:59:42,7,720
KDS-ORD-20260925-15652,ORD-20260925-15652,MCH-110,DEV-110-POS,2026-09-25 18:10:01,2026-09-25 18:10:21,2026-09-25 18:10:46,2026-09-25 18:27:19,2,720
KDS-ORD-20260925-15653,ORD-20260925-15653,MCH-103,DEV-103-POS,2026-09-25 10:17:19,2026-09-25 10:17:39,2026-09-25 10:18:19,2026-09-25 10:30:50,2,720
KDS-ORD-20260925-15654,ORD-20260925-15654,MCH-101,DEV-101-POS,2026-09-25 13:02:41,2026-09-25 13:03:01,2026-09-25 13:03:00,2026-09-25 13:35:52,16,720
KDS-ORD-20260925-15655,ORD-20260925-15655,MCH-109,DEV-109-POS,2026-09-25 08:41:36,2026-09-25 08:41:56,2026-09-25 08:42:34,2026-09-25 09:02:31,5,900
KDS-ORD-20260925-15656,ORD-20260925-15656,MCH-111,DEV-111-POS,2026-09-25 08:05:07,2026-09-25 08:05:27,2026-09-25 08:05:42,2026-09-25 08:26:09,3,1080
KDS-ORD-20260925-15657,ORD-20260925-15657,MCH-107,DEV-107-POS,2026-09-25 19:27:47,2026-09-25 19:28:07,2026-09-25 19:28:37,2026-09-25 19:59:22,13,900
KDS-ORD-20260925-15658,ORD-20260925-15658,MCH-105,DEV-105-POS,2026-09-25 20:57:28,2026-09-25 20:57:48,2026-09-25 20:58:00,2026-09-25 21:21:12,8,900
KDS-ORD-20260925-15659,ORD-20260925-15659,MCH-107,DEV-107-POS,2026-09-25 22:47:51,2026-09-25 22:48:11,2026-09-25 22:48:26,2026-09-25 23:05:23,3,900
KDS-ORD-20260925-15660,ORD-20260925-15660,MCH-115,DEV-115-POS,2026-09-25 18:35:38,2026-09-25 18:35:58,2026-09-25 18:36:34,2026-09-25 18:56:32,5,1080
KDS-ORD-20260925-15661,ORD-20260925-15661,MCH-108,DEV-108-POS,2026-09-25 10:50:02,2026-09-25 10:50:22,2026-09-25 10:50:33,2026-09-25 11:11:57,6,900
KDS-ORD-20260925-15662,ORD-20260925-15662,MCH-105,DEV-105-POS,2026-09-25 08:08:19,2026-09-25 08:08:39,2026-09-25 08:08:59,2026-09-25 08:27:42,5,900
KDS-ORD-20260925-15663,ORD-20260925-15663,MCH-115,DEV-115-POS,2026-09-25 20:34:21,2026-09-25 20:34:41,2026-09-25 20:35:17,2026-09-25 21:14:10,15,1080
KDS-ORD-20260925-15664,ORD-20260925-15664,MCH-110,DEV-110-POS,2026-09-25 16:46:34,2026-09-25 16:46:54,2026-09-25 16:47:03,2026-09-25 17:02:46,3,720
KDS-ORD-20260925-15665,ORD-20260925-15665,MCH-114,DEV-114-POS,2026-09-25 17:11:28,2026-09-25 17:11:48,2026-09-25 17:12:27,2026-09-25 17:28:18,6,720
KDS-ORD-20260925-15666,ORD-20260925-15666,MCH-104,DEV-104-POS,2026-09-25 20:47:03,2026-09-25 20:47:23,2026-09-25 20:47:31,2026-09-25 21:37:36,16,1080
KDS-ORD-20260925-15667,ORD-20260925-15667,MCH-103,DEV-103-POS,2026-09-25 19:23:25,2026-09-25 19:23:45,2026-09-25 19:24:16,2026-09-25 19:55:13,11,720
KDS-ORD-20260925-15668,ORD-20260925-15668,MCH-106,DEV-106-POS,2026-09-25 20:10:46,2026-09-25 20:11:06,2026-09-25 20:11:17,2026-09-25 20:38:14,10,720
KDS-ORD-20260925-15669,ORD-20260925-15669,MCH-101,DEV-101-POS,2026-09-25 06:42:21,2026-09-25 06:42:41,2026-09-25 06:42:48,2026-09-25 06:58:03,5,720
KDS-ORD-20260925-15670,ORD-20260925-15670,MCH-105,DEV-105-POS,2026-09-25 20:00:05,2026-09-25 20:00:25,2026-09-25 20:00:35,2026-09-25 20:29:40,6,900
KDS-ORD-20260925-15671,ORD-20260925-15671,MCH-113,DEV-113-POS,2026-09-25 20:54:47,2026-09-25 20:55:07,2026-09-25 20:55:42,2026-09-25 21:18:39,13,720
KDS-ORD-20260925-15672,ORD-20260925-15672,MCH-109,DEV-109-POS,2026-09-25 11:09:03,2026-09-25 11:09:23,2026-09-25 11:09:39,2026-09-25 11:26:14,2,900
KDS-ORD-20260925-15673,ORD-20260925-15673,MCH-113,DEV-113-POS,2026-09-25 18:38:53,2026-09-25 18:39:13,2026-09-25 18:39:13,2026-09-25 18:52:34,2,720
KDS-ORD-20260925-15674,ORD-20260925-15674,MCH-107,DEV-107-POS,2026-09-25 12:11:07,2026-09-25 12:11:27,2026-09-25 12:12:01,2026-09-25 12:45:41,10,900
KDS-ORD-20260925-15675,ORD-20260925-15675,MCH-104,DEV-104-POS,2026-09-25 22:54:11,2026-09-25 22:54:31,2026-09-25 22:55:01,2026-09-25 23:13:05,2,1080
KDS-ORD-20260925-15676,ORD-20260925-15676,MCH-103,DEV-103-POS,2026-09-25 05:40:57,2026-09-25 05:41:17,2026-09-25 05:41:44,2026-09-25 05:56:03,5,720
KDS-ORD-20260925-15677,ORD-20260925-15677,MCH-108,DEV-108-POS,2026-09-25 16:09:26,2026-09-25 16:09:46,2026-09-25 16:10:09,2026-09-25 16:24:52,3,900
KDS-ORD-20260925-15678,ORD-20260925-15678,MCH-108,DEV-108-POS,2026-09-25 09:12:02,2026-09-25 09:12:22,2026-09-25 09:12:52,2026-09-25 09:31:20,5,900
KDS-ORD-20260925-15679,ORD-20260925-15679,MCH-105,DEV-105-POS,2026-09-25 19:21:11,2026-09-25 19:21:31,2026-09-25 19:21:56,2026-09-25 19:52:04,6,900
KDS-ORD-20260925-15680,ORD-20260925-15680,MCH-112,DEV-112-POS,2026-09-25 09:52:37,2026-09-25 09:52:57,2026-09-25 09:52:56,2026-09-25 10:08:54,2,900
KDS-ORD-20260925-15681,ORD-20260925-15681,MCH-108,DEV-108-POS,2026-09-25 11:58:09,2026-09-25 11:58:29,2026-09-25 11:58:48,2026-09-25 12:17:22,5,900
KDS-ORD-20260925-15682,ORD-20260925-15682,MCH-101,DEV-101-POS,2026-09-25 14:28:50,2026-09-25 14:29:10,2026-09-25 14:29:19,2026-09-25 15:04:17,15,720
KDS-ORD-20260925-15683,ORD-20260925-15683,MCH-107,DEV-107-POS,2026-09-25 21:28:20,2026-09-25 21:28:40,2026-09-25 21:29:05,2026-09-25 21:59:03,10,900
KDS-ORD-20260925-15684,ORD-20260925-15684,MCH-107,DEV-107-POS,2026-09-25 10:32:57,2026-09-25 10:33:17,2026-09-25 10:33:20,2026-09-25 10:52:26,4,900
KDS-ORD-20260925-15685,ORD-20260925-15685,MCH-115,DEV-115-POS,2026-09-25 09:56:51,2026-09-25 09:57:11,2026-09-25 09:57:29,2026-09-25 10:22:39,6,1080
KDS-ORD-20260925-15686,ORD-20260925-15686,MCH-106,DEV-106-POS,2026-09-25 19:01:56,2026-09-25 19:02:16,2026-09-25 19:02:45,2026-09-25 19:30:11,14,720
KDS-ORD-20260925-15687,ORD-20260925-15687,MCH-113,DEV-113-POS,2026-09-25 14:32:35,2026-09-25 14:32:55,2026-09-25 14:33:16,,15,720
KDS-ORD-20260925-15688,ORD-20260925-15688,MCH-115,DEV-115-POS,2026-09-25 21:13:28,2026-09-25 21:13:48,2026-09-25 21:14:16,2026-09-25 21:54:23,13,1080
KDS-ORD-20260925-15689,ORD-20260925-15689,MCH-113,DEV-113-POS,2026-09-25 09:30:40,2026-09-25 09:31:00,2026-09-25 09:31:33,2026-09-25 09:44:18,2,720
KDS-ORD-20260925-15690,ORD-20260925-15690,MCH-102,DEV-102-POS,2026-09-25 18:11:58,2026-09-25 18:12:18,2026-09-25 18:12:14,2026-09-25 18:28:45,5,720
KDS-ORD-20260925-15691,ORD-20260925-15691,MCH-108,DEV-108-POS,2026-09-25 11:33:29,2026-09-25 11:33:49,2026-09-25 11:34:22,2026-09-25 11:49:18,2,900
KDS-ORD-20260925-15692,ORD-20260925-15692,MCH-103,DEV-103-POS,2026-09-25 09:19:46,2026-09-25 09:20:06,2026-09-25 09:20:25,2026-09-25 09:36:09,6,720
KDS-ORD-20260925-15693,ORD-20260925-15693,MCH-107,DEV-107-POS,2026-09-25 19:45:23,2026-09-25 19:45:43,2026-09-25 19:46:09,2026-09-25 20:30:23,16,900
KDS-ORD-20260925-15694,ORD-20260925-15694,MCH-111,DEV-111-POS,2026-09-25 17:40:28,2026-09-25 17:40:48,2026-09-25 17:41:28,2026-09-25 18:06:03,5,1080
KDS-ORD-20260925-15695,ORD-20260925-15695,MCH-105,DEV-105-POS,2026-09-25 19:34:29,2026-09-25 19:34:49,2026-09-25 19:34:59,2026-09-25 20:00:44,8,900
KDS-ORD-20260925-15696,ORD-20260925-15696,MCH-112,DEV-112-POS,2026-09-25 12:38:23,2026-09-25 12:38:43,2026-09-25 12:39:16,2026-09-25 13:06:59,9,900
KDS-ORD-20260925-15697,ORD-20260925-15697,MCH-109,DEV-109-POS,2026-09-25 13:18:00,2026-09-25 13:18:20,2026-09-25 13:18:40,2026-09-25 13:47:35,8,900
KDS-ORD-20260925-15698,ORD-20260925-15698,MCH-101,DEV-101-POS,2026-09-25 13:13:25,2026-09-25 13:13:45,2026-09-25 13:14:18,2026-09-25 13:41:20,10,720
KDS-ORD-20260925-15699,ORD-20260925-15699,MCH-110,DEV-110-POS,2026-09-25 22:22:55,2026-09-25 22:23:15,2026-09-25 22:23:23,2026-09-25 22:37:42,4,720
KDS-ORD-20260925-15700,ORD-20260925-15700,MCH-101,DEV-101-POS,2026-09-25 11:44:07,2026-09-25 11:44:27,2026-09-25 11:44:22,2026-09-25 12:00:17,2,720
KDS-ORD-20260925-15701,ORD-20260925-15701,MCH-110,DEV-110-POS,2026-09-25 11:24:45,2026-09-25 11:25:05,2026-09-25 11:25:31,2026-09-25 11:43:09,2,720
KDS-ORD-20260925-15702,ORD-20260925-15702,MCH-101,DEV-101-POS,2026-09-25 12:46:57,2026-09-25 12:47:17,2026-09-25 12:47:48,2026-09-25 13:12:32,8,720
KDS-ORD-20260925-15703,ORD-20260925-15703,MCH-114,DEV-114-POS,2026-09-25 16:42:29,2026-09-25 16:42:49,2026-09-25 16:42:51,2026-09-25 17:01:23,6,720
KDS-ORD-20260925-15704,ORD-20260925-15704,MCH-114,DEV-114-POS,2026-09-25 11:34:19,2026-09-25 11:34:39,2026-09-25 11:34:41,2026-09-25 11:45:32,2,720
KDS-ORD-20260925-15705,ORD-20260925-15705,MCH-107,DEV-107-POS,2026-09-25 21:26:49,2026-09-25 21:27:09,2026-09-25 21:27:36,2026-09-25 22:00:06,8,900
KDS-ORD-20260925-15706,ORD-20260925-15706,MCH-115,DEV-115-POS,2026-09-25 11:49:50,2026-09-25 11:50:10,2026-09-25 11:50:32,2026-09-25 12:09:40,4,1080
KDS-ORD-20260925-15707,ORD-20260925-15707,MCH-101,DEV-101-POS,2026-09-25 21:01:28,2026-09-25 21:01:48,2026-09-25 21:02:21,2026-09-25 21:30:09,11,720
KDS-ORD-20260925-15708,ORD-20260925-15708,MCH-104,DEV-104-POS,2026-09-25 08:40:46,2026-09-25 08:41:06,2026-09-25 08:41:34,2026-09-25 09:04:04,6,1080
KDS-ORD-20260925-15709,ORD-20260925-15709,MCH-109,DEV-109-POS,2026-09-25 19:01:25,2026-09-25 19:01:45,2026-09-25 19:01:44,2026-09-25 19:18:43,6,900
KDS-ORD-20260925-15710,ORD-20260925-15710,MCH-104,DEV-104-POS,2026-09-25 21:59:12,2026-09-25 21:59:32,2026-09-25 21:59:38,2026-09-25 22:35:19,15,1080
KDS-ORD-20260925-15711,ORD-20260925-15711,MCH-107,DEV-107-POS,2026-09-25 09:59:21,2026-09-25 09:59:41,2026-09-25 10:00:05,2026-09-25 10:20:54,5,900
KDS-ORD-20260925-15712,ORD-20260925-15712,MCH-103,DEV-103-POS,2026-09-25 22:50:15,2026-09-25 22:50:35,2026-09-25 22:50:56,2026-09-25 23:06:28,5,720
KDS-ORD-20260925-15713,ORD-20260925-15713,MCH-109,DEV-109-POS,2026-09-25 13:18:37,2026-09-25 13:18:57,2026-09-25 13:19:06,2026-09-25 13:53:02,10,900
KDS-ORD-20260925-15714,ORD-20260925-15714,MCH-101,DEV-101-POS,2026-09-25 21:59:45,2026-09-25 22:00:05,2026-09-25 22:00:35,2026-09-25 22:35:41,12,720
KDS-ORD-20260925-15715,ORD-20260925-15715,MCH-109,DEV-109-POS,2026-09-25 19:56:37,2026-09-25 19:56:57,2026-09-25 19:56:56,2026-09-25 20:30:30,12,900
KDS-ORD-20260925-15716,ORD-20260925-15716,MCH-103,DEV-103-POS,2026-09-25 12:04:11,2026-09-25 12:04:31,2026-09-25 12:04:55,2026-09-25 12:30:47,7,720
KDS-ORD-20260925-15717,ORD-20260925-15717,MCH-109,DEV-109-POS,2026-09-25 10:21:52,2026-09-25 10:22:12,2026-09-25 10:22:22,2026-09-25 10:43:59,4,900
KDS-ORD-20260925-15718,ORD-20260925-15718,MCH-102,DEV-102-POS,2026-09-25 12:51:57,2026-09-25 12:52:17,2026-09-25 12:52:17,2026-09-25 13:30:47,16,720
KDS-ORD-20260925-15719,ORD-20260925-15719,MCH-106,DEV-106-POS,2026-09-25 07:32:33,2026-09-25 07:32:53,2026-09-25 07:33:02,2026-09-25 07:44:45,3,720
KDS-ORD-20260925-15720,ORD-20260925-15720,MCH-113,DEV-113-POS,2026-09-25 09:36:56,2026-09-25 09:37:16,2026-09-25 09:37:55,2026-09-25 09:50:48,2,720
KDS-ORD-20260925-15721,ORD-20260925-15721,MCH-109,DEV-109-POS,2026-09-25 08:05:43,2026-09-25 08:06:03,2026-09-25 08:06:01,2026-09-25 08:24:16,3,900
KDS-ORD-20260925-15722,ORD-20260925-15722,MCH-106,DEV-106-POS,2026-09-25 13:30:02,2026-09-25 13:30:22,2026-09-25 13:30:30,2026-09-25 13:56:18,8,720
KDS-ORD-20260925-15723,ORD-20260925-15723,MCH-106,DEV-106-POS,2026-09-25 20:44:54,2026-09-25 20:45:14,2026-09-25 20:45:43,2026-09-25 21:12:41,11,720
KDS-ORD-20260925-15724,ORD-20260925-15724,MCH-104,DEV-104-POS,2026-09-25 09:25:41,2026-09-25 09:26:01,2026-09-25 09:26:36,2026-09-25 09:44:49,4,1080
KDS-ORD-20260925-15725,ORD-20260925-15725,MCH-105,DEV-105-POS,2026-09-25 08:44:50,2026-09-25 08:45:10,2026-09-25 08:45:43,2026-09-25 09:01:24,2,900
KDS-ORD-20260925-15726,ORD-20260925-15726,MCH-114,DEV-114-POS,2026-09-25 18:36:01,2026-09-25 18:36:21,2026-09-25 18:36:57,2026-09-25 18:48:27,2,720
KDS-ORD-20260925-15727,ORD-20260925-15727,MCH-105,DEV-105-POS,2026-09-25 10:57:36,2026-09-25 10:57:56,2026-09-25 10:58:20,2026-09-25 11:16:26,2,900
KDS-ORD-20260925-15728,ORD-20260925-15728,MCH-105,DEV-105-POS,2026-09-25 08:33:04,2026-09-25 08:33:24,2026-09-25 08:33:20,2026-09-25 08:47:34,3,900
KDS-ORD-20260925-15729,ORD-20260925-15729,MCH-104,DEV-104-POS,2026-09-25 09:37:52,2026-09-25 09:38:12,2026-09-25 09:38:46,2026-09-25 10:03:42,5,1080
KDS-ORD-20260925-15730,ORD-20260925-15730,MCH-109,DEV-109-POS,2026-09-25 21:19:33,2026-09-25 21:19:53,2026-09-25 21:20:25,2026-09-25 21:50:35,16,900
KDS-ORD-20260925-15731,ORD-20260925-15731,MCH-108,DEV-108-POS,2026-09-25 20:49:55,2026-09-25 20:50:15,2026-09-25 20:50:24,2026-09-25 21:20:52,12,900
KDS-ORD-20260925-15732,ORD-20260925-15732,MCH-103,DEV-103-POS,2026-09-25 12:34:37,2026-09-25 12:34:57,2026-09-25 12:35:35,2026-09-25 12:57:41,7,720
KDS-ORD-20260925-15733,ORD-20260925-15733,MCH-110,DEV-110-POS,2026-09-25 18:18:16,2026-09-25 18:18:36,2026-09-25 18:19:01,2026-09-25 18:34:00,4,720
KDS-ORD-20260925-15734,ORD-20260925-15734,MCH-115,DEV-115-POS,2026-09-25 15:53:46,2026-09-25 15:54:06,2026-09-25 15:54:46,2026-09-25 16:14:18,3,1080
KDS-ORD-20260925-15735,ORD-20260925-15735,MCH-114,DEV-114-POS,2026-09-25 19:41:13,2026-09-25 19:41:33,2026-09-25 19:42:02,2026-09-25 20:11:43,10,720
KDS-ORD-20260925-15736,ORD-20260925-15736,MCH-109,DEV-109-POS,2026-09-25 19:04:56,2026-09-25 19:05:16,2026-09-25 19:05:17,2026-09-25 19:40:39,15,900
KDS-ORD-20260925-15737,ORD-20260925-15737,MCH-112,DEV-112-POS,2026-09-25 18:22:07,2026-09-25 18:22:27,2026-09-25 18:22:33,2026-09-25 18:40:54,4,900
KDS-ORD-20260925-15738,ORD-20260925-15738,MCH-110,DEV-110-POS,2026-09-25 11:05:31,2026-09-25 11:05:51,2026-09-25 11:05:47,2026-09-25 11:23:39,4,720
KDS-ORD-20260925-15739,ORD-20260925-15739,MCH-101,DEV-101-POS,2026-09-25 05:06:22,2026-09-25 05:06:42,2026-09-25 05:06:57,2026-09-25 05:25:52,6,720
KDS-ORD-20260925-15740,ORD-20260925-15740,MCH-111,DEV-111-POS,2026-09-25 13:50:02,2026-09-25 13:50:22,2026-09-25 13:50:47,2026-09-25 14:25:23,7,1080
KDS-ORD-20260925-15741,ORD-20260925-15741,MCH-106,DEV-106-POS,2026-09-25 21:59:17,2026-09-25 21:59:37,2026-09-25 22:00:11,2026-09-25 22:28:10,11,720
KDS-ORD-20260925-15742,ORD-20260925-15742,MCH-115,DEV-115-POS,2026-09-25 16:43:47,2026-09-25 16:44:07,2026-09-25 16:44:04,2026-09-25 17:09:17,5,1080
KDS-ORD-20260925-15743,ORD-20260925-15743,MCH-105,DEV-105-POS,2026-09-25 20:40:29,2026-09-25 20:40:49,2026-09-25 20:40:48,2026-09-25 21:13:46,9,900
KDS-ORD-20260925-15744,ORD-20260925-15744,MCH-110,DEV-110-POS,2026-09-25 23:59:20,2026-09-25 23:59:40,2026-09-25 23:59:47,2026-09-26 00:19:13,4,720
KDS-ORD-20260925-15745,ORD-20260925-15745,MCH-104,DEV-104-POS,2026-09-25 09:35:37,2026-09-25 09:35:57,2026-09-25 09:36:37,2026-09-25 09:56:24,2,1080
KDS-ORD-20260925-15746,ORD-20260925-15746,MCH-112,DEV-112-POS,2026-09-25 19:58:21,2026-09-25 19:58:41,2026-09-25 19:58:52,2026-09-25 20:32:02,12,900
KDS-ORD-20260925-15747,ORD-20260925-15747,MCH-107,DEV-107-POS,2026-09-25 18:16:35,2026-09-25 18:16:55,2026-09-25 18:17:31,2026-09-25 18:37:20,5,900
KDS-ORD-20260925-15748,ORD-20260925-15748,MCH-111,DEV-111-POS,2026-09-25 22:45:59,2026-09-25 22:46:19,2026-09-25 22:46:56,2026-09-25 23:07:19,3,1080
KDS-ORD-20260925-15749,ORD-20260925-15749,MCH-115,DEV-115-POS,2026-09-25 23:47:00,2026-09-25 23:47:20,2026-09-25 23:47:15,2026-09-26 00:07:56,4,1080
KDS-ORD-20260925-15750,ORD-20260925-15750,MCH-115,DEV-115-POS,2026-09-25 19:59:16,2026-09-25 19:59:36,2026-09-25 19:59:44,2026-09-25 20:40:18,15,1080
KDS-ORD-20260925-15751,ORD-20260925-15751,MCH-112,DEV-112-POS,2026-09-25 11:45:21,2026-09-25 11:45:41,2026-09-25 11:45:37,2026-09-25 12:09:16,5,900
KDS-ORD-20260925-15752,ORD-20260925-15752,MCH-109,DEV-109-POS,2026-09-25 20:14:40,2026-09-25 20:15:00,2026-09-25 20:15:11,2026-09-25 20:55:39,12,900
KDS-ORD-20260925-15753,ORD-20260925-15753,MCH-101,DEV-101-POS,2026-09-25 08:33:20,2026-09-25 08:33:40,2026-09-25 08:33:51,2026-09-25 08:51:39,4,720
KDS-ORD-20260925-15754,ORD-20260925-15754,MCH-113,DEV-113-POS,2026-09-25 21:00:11,2026-09-25 21:00:31,2026-09-25 21:01:08,2026-09-25 21:30:28,10,720
KDS-ORD-20260925-15755,ORD-20260925-15755,MCH-113,DEV-113-POS,2026-09-25 21:05:52,2026-09-25 21:06:12,2026-09-25 21:06:40,2026-09-25 21:36:22,12,720
KDS-ORD-20260925-15756,ORD-20260925-15756,MCH-112,DEV-112-POS,2026-09-25 12:09:07,2026-09-25 12:09:27,2026-09-25 12:09:47,2026-09-25 12:37:32,8,900
KDS-ORD-20260925-15757,ORD-20260925-15757,MCH-107,DEV-107-POS,2026-09-25 18:42:31,2026-09-25 18:42:51,2026-09-25 18:43:25,2026-09-25 19:01:54,3,900
KDS-ORD-20260925-15758,ORD-20260925-15758,MCH-110,DEV-110-POS,2026-09-25 13:00:56,2026-09-25 13:01:16,2026-09-25 13:01:32,2026-09-25 13:28:14,12,720
KDS-ORD-20260925-15759,ORD-20260925-15759,MCH-110,DEV-110-POS,2026-09-25 13:45:00,2026-09-25 13:45:20,2026-09-25 13:45:48,2026-09-25 14:11:07,13,720
KDS-ORD-20260925-15760,ORD-20260925-15760,MCH-103,DEV-103-POS,2026-09-25 12:34:39,2026-09-25 12:34:59,2026-09-25 12:35:03,,7,720
KDS-ORD-20260925-15761,ORD-20260925-15761,MCH-102,DEV-102-POS,2026-09-25 19:49:28,2026-09-25 19:49:48,2026-09-25 19:50:26,2026-09-25 20:21:22,16,720
KDS-ORD-20260925-15762,ORD-20260925-15762,MCH-105,DEV-105-POS,2026-09-25 21:29:40,2026-09-25 21:30:00,2026-09-25 21:30:10,2026-09-25 22:01:43,10,900
KDS-ORD-20260925-15763,ORD-20260925-15763,MCH-102,DEV-102-POS,2026-09-25 21:34:22,2026-09-25 21:34:42,2026-09-25 21:34:48,2026-09-25 22:02:48,14,720
KDS-ORD-20260925-15764,ORD-20260925-15764,MCH-105,DEV-105-POS,2026-09-25 09:26:46,2026-09-25 09:27:06,2026-09-25 09:27:40,2026-09-25 09:46:42,3,900
KDS-ORD-20260925-15765,ORD-20260925-15765,MCH-108,DEV-108-POS,2026-09-25 21:41:01,2026-09-25 21:41:21,2026-09-25 21:41:47,2026-09-25 22:13:53,8,900
KDS-ORD-20260925-15766,ORD-20260925-15766,MCH-111,DEV-111-POS,2026-09-25 19:10:59,2026-09-25 19:11:19,2026-09-25 19:11:18,2026-09-25 19:48:35,7,1080
KDS-ORD-20260925-15767,ORD-20260925-15767,MCH-102,DEV-102-POS,2026-09-25 11:11:02,2026-09-25 11:11:22,2026-09-25 11:11:59,2026-09-25 11:29:17,5,720
KDS-ORD-20260925-15768,ORD-20260925-15768,MCH-111,DEV-111-POS,2026-09-25 07:28:52,2026-09-25 07:29:12,2026-09-25 07:29:19,2026-09-25 07:52:48,2,1080
KDS-ORD-20260925-15769,ORD-20260925-15769,MCH-113,DEV-113-POS,2026-09-25 11:05:30,2026-09-25 11:05:50,2026-09-25 11:06:30,2026-09-25 11:20:40,4,720
KDS-ORD-20260925-15770,ORD-20260925-15770,MCH-107,DEV-107-POS,2026-09-25 21:28:40,2026-09-25 21:29:00,2026-09-25 21:29:09,2026-09-25 22:02:20,8,900
KDS-ORD-20260925-15771,ORD-20260925-15771,MCH-115,DEV-115-POS,2026-09-25 18:54:48,2026-09-25 18:55:08,2026-09-25 18:55:29,2026-09-25 19:19:37,6,1080
KDS-ORD-20260925-15772,ORD-20260925-15772,MCH-111,DEV-111-POS,2026-09-25 19:17:45,2026-09-25 19:18:05,2026-09-25 19:18:18,2026-09-25 19:56:02,10,1080
KDS-ORD-20260925-15773,ORD-20260925-15773,MCH-109,DEV-109-POS,2026-09-25 11:18:46,2026-09-25 11:19:06,2026-09-25 11:19:08,2026-09-25 11:36:03,4,900
KDS-ORD-20260925-15774,ORD-20260925-15774,MCH-103,DEV-103-POS,2026-09-25 19:09:08,2026-09-25 19:09:28,2026-09-25 19:09:54,2026-09-25 19:40:32,10,720
KDS-ORD-20260925-15775,ORD-20260925-15775,MCH-101,DEV-101-POS,2026-09-25 05:12:56,2026-09-25 05:13:16,2026-09-25 05:13:45,2026-09-25 05:25:01,2,720
KDS-ORD-20260925-15776,ORD-20260925-15776,MCH-113,DEV-113-POS,2026-09-25 12:41:43,2026-09-25 12:42:03,2026-09-25 12:42:20,2026-09-25 13:09:56,13,720
KDS-ORD-20260925-15777,ORD-20260925-15777,MCH-113,DEV-113-POS,2026-09-25 18:34:05,2026-09-25 18:34:25,2026-09-25 18:34:37,2026-09-25 18:49:42,3,720
KDS-ORD-20260925-15778,ORD-20260925-15778,MCH-115,DEV-115-POS,2026-09-25 09:08:05,2026-09-25 09:08:25,2026-09-25 09:08:41,2026-09-25 09:27:17,2,1080
KDS-ORD-20260925-15779,ORD-20260925-15779,MCH-106,DEV-106-POS,2026-09-25 20:50:40,2026-09-25 20:51:00,2026-09-25 20:51:22,2026-09-25 21:19:56,9,720
KDS-ORD-20260925-15780,ORD-20260925-15780,MCH-114,DEV-114-POS,2026-09-25 11:40:16,2026-09-25 11:40:36,2026-09-25 11:40:38,2026-09-25 12:01:16,5,720
KDS-ORD-20260925-15781,ORD-20260925-15781,MCH-102,DEV-102-POS,2026-09-25 18:42:04,2026-09-25 18:42:24,2026-09-25 18:42:26,2026-09-25 18:58:57,5,720
KDS-ORD-20260925-15782,ORD-20260925-15782,MCH-114,DEV-114-POS,2026-09-25 13:09:14,2026-09-25 13:09:34,2026-09-25 13:09:55,2026-09-25 13:33:45,7,720
KDS-ORD-20260925-15783,ORD-20260925-15783,MCH-104,DEV-104-POS,2026-09-25 17:32:45,2026-09-25 17:33:05,2026-09-25 17:33:40,2026-09-25 17:58:32,5,1080
KDS-ORD-20260925-15784,ORD-20260925-15784,MCH-107,DEV-107-POS,2026-09-25 08:49:05,2026-09-25 08:49:25,2026-09-25 08:50:02,2026-09-25 09:07:02,4,900
KDS-ORD-20260925-15785,ORD-20260925-15785,MCH-108,DEV-108-POS,2026-09-25 03:45:04,2026-09-25 03:45:24,2026-09-25 03:45:35,2026-09-25 04:10:00,6,900
KDS-ORD-20260925-15786,ORD-20260925-15786,MCH-111,DEV-111-POS,2026-09-25 21:08:15,2026-09-25 21:08:35,2026-09-25 21:08:54,2026-09-25 21:42:33,6,1080
KDS-ORD-20260925-15787,ORD-20260925-15787,MCH-102,DEV-102-POS,2026-09-25 11:40:28,2026-09-25 11:40:48,2026-09-25 11:41:14,2026-09-25 11:55:41,3,720
KDS-ORD-20260925-15788,ORD-20260925-15788,MCH-109,DEV-109-POS,2026-09-25 20:17:53,2026-09-25 20:18:13,2026-09-25 20:18:22,,7,900
KDS-ORD-20260925-15789,ORD-20260925-15789,MCH-109,DEV-109-POS,2026-09-25 23:21:39,2026-09-25 23:21:59,2026-09-25 23:21:59,2026-09-25 23:39:05,6,900
KDS-ORD-20260925-15790,ORD-20260925-15790,MCH-106,DEV-106-POS,2026-09-25 10:26:06,2026-09-25 10:26:26,2026-09-25 10:26:40,2026-09-25 10:43:33,5,720
KDS-ORD-20260925-15791,ORD-20260925-15791,MCH-107,DEV-107-POS,2026-09-25 11:23:00,2026-09-25 11:23:20,2026-09-25 11:23:22,2026-09-25 11:40:55,2,900
KDS-ORD-20260925-15792,ORD-20260925-15792,MCH-112,DEV-112-POS,2026-09-25 18:57:06,2026-09-25 18:57:26,2026-09-25 18:58:05,2026-09-25 19:17:26,6,900
KDS-ORD-20260925-15793,ORD-20260925-15793,MCH-113,DEV-113-POS,2026-09-25 22:34:52,2026-09-25 22:35:12,2026-09-25 22:35:10,2026-09-25 22:52:00,5,720
KDS-ORD-20260925-15794,ORD-20260925-15794,MCH-104,DEV-104-POS,2026-09-25 21:38:52,2026-09-25 21:39:12,2026-09-25 21:39:50,2026-09-25 22:15:49,12,1080
KDS-ORD-20260925-15795,ORD-20260925-15795,MCH-103,DEV-103-POS,2026-09-25 14:27:31,2026-09-25 14:27:51,2026-09-25 14:28:30,2026-09-25 14:54:17,13,720
KDS-ORD-20260925-15796,ORD-20260925-15796,MCH-110,DEV-110-POS,2026-09-25 20:27:51,2026-09-25 20:28:11,2026-09-25 20:28:21,,10,720
KDS-ORD-20260925-15797,ORD-20260925-15797,MCH-104,DEV-104-POS,2026-09-25 09:20:38,2026-09-25 09:20:58,2026-09-25 09:20:58,2026-09-25 09:42:19,5,1080
KDS-ORD-20260925-15798,ORD-20260925-15798,MCH-110,DEV-110-POS,2026-09-25 22:34:43,2026-09-25 22:35:03,2026-09-25 22:35:43,2026-09-25 22:53:11,3,720
KDS-ORD-20260925-15799,ORD-20260925-15799,MCH-107,DEV-107-POS,2026-09-25 22:44:27,2026-09-25 22:44:47,2026-09-25 22:45:10,2026-09-25 23:02:15,4,900
KDS-ORD-20260925-15800,ORD-20260925-15800,MCH-102,DEV-102-POS,2026-09-25 09:50:06,2026-09-25 09:50:26,2026-09-25 09:50:58,2026-09-25 10:08:50,4,720
KDS-ORD-20260925-15801,ORD-20260925-15801,MCH-109,DEV-109-POS,2026-09-25 12:21:36,2026-09-25 12:21:56,2026-09-25 12:21:56,2026-09-25 13:04:22,15,900
KDS-ORD-20260925-15802,ORD-20260925-15802,MCH-107,DEV-107-POS,2026-09-25 08:43:25,2026-09-25 08:43:45,2026-09-25 08:44:15,2026-09-25 09:04:35,6,900
KDS-ORD-20260925-15803,ORD-20260925-15803,MCH-104,DEV-104-POS,2026-09-25 11:55:30,2026-09-25 11:55:50,2026-09-25 11:56:18,2026-09-25 12:17:00,2,1080
KDS-ORD-20260925-15804,ORD-20260925-15804,MCH-106,DEV-106-POS,2026-09-25 20:08:00,2026-09-25 20:08:20,2026-09-25 20:08:37,2026-09-25 20:32:24,7,720
KDS-ORD-20260925-15805,ORD-20260925-15805,MCH-106,DEV-106-POS,2026-09-25 13:00:25,2026-09-25 13:00:45,2026-09-25 13:00:40,2026-09-25 13:24:43,8,720
KDS-ORD-20260925-15806,ORD-20260925-15806,MCH-101,DEV-101-POS,2026-09-25 07:10:59,2026-09-25 07:11:19,2026-09-25 07:11:48,2026-09-25 07:24:26,2,720
KDS-ORD-20260925-15807,ORD-20260925-15807,MCH-113,DEV-113-POS,2026-09-25 12:16:31,2026-09-25 12:16:51,2026-09-25 12:17:30,2026-09-25 12:41:56,8,720
KDS-ORD-20260925-15808,ORD-20260925-15808,MCH-110,DEV-110-POS,2026-09-25 22:03:15,2026-09-25 22:03:35,2026-09-25 22:04:14,2026-09-25 22:18:13,2,720
KDS-ORD-20260925-15809,ORD-20260925-15809,MCH-108,DEV-108-POS,2026-09-25 19:01:10,2026-09-25 19:01:30,2026-09-25 19:01:38,2026-09-25 19:22:33,6,900
KDS-ORD-20260925-15810,ORD-20260925-15810,MCH-104,DEV-104-POS,2026-09-25 13:20:41,2026-09-25 13:21:01,2026-09-25 13:21:27,2026-09-25 14:00:20,9,1080
KDS-ORD-20260925-15811,ORD-20260925-15811,MCH-106,DEV-106-POS,2026-09-25 09:45:49,2026-09-25 09:46:09,2026-09-25 09:46:44,2026-09-25 10:01:00,5,720
KDS-ORD-20260925-15812,ORD-20260925-15812,MCH-101,DEV-101-POS,2026-09-25 23:32:59,2026-09-25 23:33:19,2026-09-25 23:33:24,2026-09-25 23:54:10,6,720
KDS-ORD-20260925-15813,ORD-20260925-15813,MCH-111,DEV-111-POS,2026-09-25 20:32:35,2026-09-25 20:32:55,2026-09-25 20:33:00,2026-09-25 21:07:50,11,1080
KDS-ORD-20260925-15814,ORD-20260925-15814,MCH-112,DEV-112-POS,2026-09-25 11:40:37,2026-09-25 11:40:57,2026-09-25 11:41:00,2026-09-25 11:59:28,5,900
KDS-ORD-20260925-15815,ORD-20260925-15815,MCH-102,DEV-102-POS,2026-09-25 07:08:20,2026-09-25 07:08:40,2026-09-25 07:08:40,2026-09-25 07:28:01,4,720
KDS-ORD-20260925-15816,ORD-20260925-15816,MCH-102,DEV-102-POS,2026-09-25 06:06:50,2026-09-25 06:07:10,2026-09-25 06:07:07,2026-09-25 06:24:51,4,720
KDS-ORD-20260925-15817,ORD-20260925-15817,MCH-114,DEV-114-POS,2026-09-25 08:44:52,2026-09-25 08:45:12,2026-09-25 08:45:30,2026-09-25 08:59:13,4,720
KDS-ORD-20260925-15818,ORD-20260925-15818,MCH-113,DEV-113-POS,2026-09-25 16:05:48,2026-09-25 16:06:08,2026-09-25 16:06:09,2026-09-25 16:22:38,6,720
KDS-ORD-20260925-15819,ORD-20260925-15819,MCH-112,DEV-112-POS,2026-09-25 21:39:56,2026-09-25 21:40:16,2026-09-25 21:40:30,2026-09-25 22:08:32,10,900
KDS-ORD-20260925-15820,ORD-20260925-15820,MCH-106,DEV-106-POS,2026-09-25 14:18:16,2026-09-25 14:18:36,2026-09-25 14:18:31,2026-09-25 14:46:16,7,720
KDS-ORD-20260925-15821,ORD-20260925-15821,MCH-111,DEV-111-POS,2026-09-25 20:46:47,2026-09-25 20:47:07,2026-09-25 20:47:12,,13,1080
KDS-ORD-20260925-15822,ORD-20260925-15822,MCH-111,DEV-111-POS,2026-09-25 13:14:12,2026-09-25 13:14:32,2026-09-25 13:14:36,2026-09-25 13:59:26,15,1080
KDS-ORD-20260925-15823,ORD-20260925-15823,MCH-113,DEV-113-POS,2026-09-25 19:39:46,2026-09-25 19:40:06,2026-09-25 19:40:37,2026-09-25 20:00:49,6,720
KDS-ORD-20260925-15824,ORD-20260925-15824,MCH-106,DEV-106-POS,2026-09-25 19:18:23,2026-09-25 19:18:43,2026-09-25 19:19:17,2026-09-25 19:45:28,11,720
KDS-ORD-20260925-15825,ORD-20260925-15825,MCH-114,DEV-114-POS,2026-09-25 10:00:58,2026-09-25 10:01:18,2026-09-25 10:01:26,2026-09-25 10:21:27,6,720
KDS-ORD-20260925-15826,ORD-20260925-15826,MCH-113,DEV-113-POS,2026-09-25 12:09:48,2026-09-25 12:10:08,2026-09-25 12:10:19,2026-09-25 12:37:35,8,720
KDS-ORD-20260925-15827,ORD-20260925-15827,MCH-108,DEV-108-POS,2026-09-25 18:02:43,2026-09-25 18:03:03,2026-09-25 18:03:13,2026-09-25 18:20:52,6,900
KDS-ORD-20260925-15828,ORD-20260925-15828,MCH-103,DEV-103-POS,2026-09-25 07:00:17,2026-09-25 07:00:37,2026-09-25 07:01:08,2026-09-25 07:16:59,5,720
KDS-ORD-20260925-15829,ORD-20260925-15829,MCH-103,DEV-103-POS,2026-09-25 12:04:49,2026-09-25 12:05:09,2026-09-25 12:05:46,2026-09-25 12:29:54,10,720
KDS-ORD-20260925-15830,ORD-20260925-15830,MCH-108,DEV-108-POS,2026-09-25 15:17:46,2026-09-25 15:18:06,2026-09-25 15:18:26,2026-09-25 15:37:32,5,900
KDS-ORD-20260925-15831,ORD-20260925-15831,MCH-106,DEV-106-POS,2026-09-25 23:37:07,2026-09-25 23:37:27,2026-09-25 23:37:40,2026-09-25 23:54:50,4,720
KDS-ORD-20260925-15832,ORD-20260925-15832,MCH-105,DEV-105-POS,2026-09-25 13:28:20,2026-09-25 13:28:40,2026-09-25 13:29:18,2026-09-25 14:02:53,12,900
KDS-ORD-20260925-15833,ORD-20260925-15833,MCH-115,DEV-115-POS,2026-09-25 20:12:47,2026-09-25 20:13:07,2026-09-25 20:13:45,,16,1080
KDS-ORD-20260925-15834,ORD-20260925-15834,MCH-103,DEV-103-POS,2026-09-25 14:00:09,2026-09-25 14:00:29,2026-09-25 14:00:56,2026-09-25 14:43:20,15,720
KDS-ORD-20260925-15835,ORD-20260925-15835,MCH-101,DEV-101-POS,2026-09-25 20:26:09,2026-09-25 20:26:29,2026-09-25 20:26:28,2026-09-25 20:50:06,9,720
KDS-ORD-20260925-15836,ORD-20260925-15836,MCH-112,DEV-112-POS,2026-09-25 17:45:47,2026-09-25 17:46:07,2026-09-25 17:46:19,2026-09-25 18:01:38,2,900
KDS-ORD-20260925-15837,ORD-20260925-15837,MCH-103,DEV-103-POS,2026-09-25 21:29:41,2026-09-25 21:30:01,2026-09-25 21:30:10,2026-09-25 21:58:40,14,720
KDS-ORD-20260925-15838,ORD-20260925-15838,MCH-114,DEV-114-POS,2026-09-25 13:08:19,2026-09-25 13:08:39,2026-09-25 13:08:39,2026-09-25 13:35:42,12,720
KDS-ORD-20260925-15839,ORD-20260925-15839,MCH-102,DEV-102-POS,2026-09-25 17:37:09,2026-09-25 17:37:29,2026-09-25 17:38:00,2026-09-25 17:56:16,6,720
KDS-ORD-20260925-15840,ORD-20260925-15840,MCH-106,DEV-106-POS,2026-09-25 18:22:24,2026-09-25 18:22:44,2026-09-25 18:23:12,2026-09-25 18:37:02,4,720
KDS-ORD-20260925-15841,ORD-20260925-15841,MCH-102,DEV-102-POS,2026-09-25 13:44:44,2026-09-25 13:45:04,2026-09-25 13:45:12,2026-09-25 14:14:01,16,720
KDS-ORD-20260925-15842,ORD-20260925-15842,MCH-108,DEV-108-POS,2026-09-25 09:07:09,2026-09-25 09:07:29,2026-09-25 09:07:27,2026-09-25 09:25:28,3,900
KDS-ORD-20260925-15843,ORD-20260925-15843,MCH-107,DEV-107-POS,2026-09-25 07:42:28,2026-09-25 07:42:48,2026-09-25 07:42:55,2026-09-25 07:58:25,2,900
KDS-ORD-20260925-15844,ORD-20260925-15844,MCH-112,DEV-112-POS,2026-09-25 03:30:54,2026-09-25 03:31:14,2026-09-25 03:31:18,2026-09-25 03:50:14,5,900
KDS-ORD-20260925-15845,ORD-20260925-15845,MCH-114,DEV-114-POS,2026-09-25 21:18:16,2026-09-25 21:18:36,2026-09-25 21:18:57,2026-09-25 21:48:52,14,720
KDS-ORD-20260925-15846,ORD-20260925-15846,MCH-103,DEV-103-POS,2026-09-25 11:24:41,2026-09-25 11:25:01,2026-09-25 11:25:03,2026-09-25 11:39:01,2,720
KDS-ORD-20260925-15847,ORD-20260925-15847,MCH-108,DEV-108-POS,2026-09-25 10:53:29,2026-09-25 10:53:49,2026-09-25 10:54:09,2026-09-25 11:13:23,4,900
KDS-ORD-20260925-15848,ORD-20260925-15848,MCH-111,DEV-111-POS,2026-09-25 19:40:26,2026-09-25 19:40:46,2026-09-25 19:41:25,2026-09-25 20:15:30,7,1080
KDS-ORD-20260925-15849,ORD-20260925-15849,MCH-114,DEV-114-POS,2026-09-25 12:26:15,2026-09-25 12:26:35,2026-09-25 12:26:43,2026-09-25 12:57:58,8,720
KDS-ORD-20260925-15850,ORD-20260925-15850,MCH-112,DEV-112-POS,2026-09-25 14:22:18,2026-09-25 14:22:38,2026-09-25 14:23:04,2026-09-25 14:53:10,10,900
KDS-ORD-20260925-15851,ORD-20260925-15851,MCH-108,DEV-108-POS,2026-09-25 09:09:27,2026-09-25 09:09:47,2026-09-25 09:10:02,2026-09-25 09:32:20,6,900
KDS-ORD-20260925-15852,ORD-20260925-15852,MCH-104,DEV-104-POS,2026-09-25 22:45:15,2026-09-25 22:45:35,2026-09-25 22:45:54,2026-09-25 23:10:15,6,1080
KDS-ORD-20260925-15853,ORD-20260925-15853,MCH-113,DEV-113-POS,2026-09-25 20:10:06,2026-09-25 20:10:26,2026-09-25 20:10:33,2026-09-25 20:38:22,11,720
KDS-ORD-20260925-15854,ORD-20260925-15854,MCH-105,DEV-105-POS,2026-09-25 20:24:58,2026-09-25 20:25:18,2026-09-25 20:25:32,2026-09-25 20:55:11,11,900
KDS-ORD-20260925-15855,ORD-20260925-15855,MCH-115,DEV-115-POS,2026-09-25 13:10:40,2026-09-25 13:11:00,2026-09-25 13:10:55,2026-09-25 14:01:12,16,1080
KDS-ORD-20260925-15856,ORD-20260925-15856,MCH-109,DEV-109-POS,2026-09-25 19:26:37,2026-09-25 19:26:57,2026-09-25 19:27:04,2026-09-25 20:07:51,14,900
KDS-ORD-20260925-15857,ORD-20260925-15857,MCH-106,DEV-106-POS,2026-09-25 09:36:30,2026-09-25 09:36:50,2026-09-25 09:37:05,2026-09-25 09:49:24,2,720
KDS-ORD-20260925-15858,ORD-20260925-15858,MCH-112,DEV-112-POS,2026-09-25 01:58:13,2026-09-25 01:58:33,2026-09-25 01:58:31,2026-09-25 02:16:13,2,900
KDS-ORD-20260925-15859,ORD-20260925-15859,MCH-108,DEV-108-POS,2026-09-25 04:53:50,2026-09-25 04:54:10,2026-09-25 04:54:21,2026-09-25 05:13:36,4,900
KDS-ORD-20260925-15860,ORD-20260925-15860,MCH-104,DEV-104-POS,2026-09-25 17:31:35,2026-09-25 17:31:55,2026-09-25 17:32:22,2026-09-25 17:56:11,6,1080
KDS-ORD-20260925-15861,ORD-20260925-15861,MCH-110,DEV-110-POS,2026-09-25 13:53:30,2026-09-25 13:53:50,2026-09-25 13:54:26,2026-09-25 14:22:48,9,720
KDS-ORD-20260925-15862,ORD-20260925-15862,MCH-103,DEV-103-POS,2026-09-25 14:20:59,2026-09-25 14:21:19,2026-09-25 14:21:20,2026-09-25 14:52:52,12,720
KDS-ORD-20260925-15863,ORD-20260925-15863,MCH-115,DEV-115-POS,2026-09-25 00:43:12,2026-09-25 00:43:32,2026-09-25 00:43:45,2026-09-25 01:08:26,5,1080
KDS-ORD-20260925-15864,ORD-20260925-15864,MCH-101,DEV-101-POS,2026-09-25 13:55:49,2026-09-25 13:56:09,2026-09-25 13:56:34,2026-09-25 14:19:52,6,720
KDS-ORD-20260925-15865,ORD-20260925-15865,MCH-102,DEV-102-POS,2026-09-25 19:13:18,2026-09-25 19:13:38,2026-09-25 19:14:08,2026-09-25 19:44:09,14,720
KDS-ORD-20260925-15866,ORD-20260925-15866,MCH-108,DEV-108-POS,2026-09-25 13:57:25,2026-09-25 13:57:45,2026-09-25 13:58:23,2026-09-25 14:42:08,16,900
KDS-ORD-20260925-15867,ORD-20260925-15867,MCH-114,DEV-114-POS,2026-09-25 19:04:02,2026-09-25 19:04:22,2026-09-25 19:04:56,2026-09-25 19:38:23,15,720
KDS-ORD-20260925-15868,ORD-20260925-15868,MCH-111,DEV-111-POS,2026-09-25 11:09:14,2026-09-25 11:09:34,2026-09-25 11:09:57,2026-09-25 11:29:21,5,1080
KDS-ORD-20260925-15869,ORD-20260925-15869,MCH-107,DEV-107-POS,2026-09-25 20:15:29,2026-09-25 20:15:49,2026-09-25 20:16:17,2026-09-25 20:55:16,13,900
KDS-ORD-20260925-15870,ORD-20260925-15870,MCH-108,DEV-108-POS,2026-09-25 17:51:34,2026-09-25 17:51:54,2026-09-25 17:52:15,2026-09-25 18:14:09,6,900
KDS-ORD-20260925-15871,ORD-20260925-15871,MCH-106,DEV-106-POS,2026-09-25 10:07:49,2026-09-25 10:08:09,2026-09-25 10:08:37,2026-09-25 10:24:04,5,720
KDS-ORD-20260925-15872,ORD-20260925-15872,MCH-102,DEV-102-POS,2026-09-25 11:35:07,2026-09-25 11:35:27,2026-09-25 11:35:26,2026-09-25 11:52:18,5,720
KDS-ORD-20260925-15873,ORD-20260925-15873,MCH-108,DEV-108-POS,2026-09-25 18:04:59,2026-09-25 18:05:19,2026-09-25 18:05:21,2026-09-25 18:19:12,3,900
KDS-ORD-20260925-15874,ORD-20260925-15874,MCH-106,DEV-106-POS,2026-09-25 21:01:52,2026-09-25 21:02:12,2026-09-25 21:02:26,2026-09-25 21:33:43,12,720
KDS-ORD-20260925-15875,ORD-20260925-15875,MCH-114,DEV-114-POS,2026-09-25 13:23:26,2026-09-25 13:23:46,2026-09-25 13:24:26,2026-09-25 13:52:19,13,720
KDS-ORD-20260925-15876,ORD-20260925-15876,MCH-111,DEV-111-POS,2026-09-25 11:17:45,2026-09-25 11:18:05,2026-09-25 11:18:35,2026-09-25 11:41:16,4,1080
KDS-ORD-20260925-15877,ORD-20260925-15877,MCH-106,DEV-106-POS,2026-09-25 20:34:59,2026-09-25 20:35:19,2026-09-25 20:35:41,2026-09-25 21:04:24,16,720
KDS-ORD-20260925-15878,ORD-20260925-15878,MCH-115,DEV-115-POS,2026-09-25 18:25:10,2026-09-25 18:25:30,2026-09-25 18:25:53,2026-09-25 18:45:41,3,1080
KDS-ORD-20260925-15879,ORD-20260925-15879,MCH-110,DEV-110-POS,2026-09-25 13:49:33,2026-09-25 13:49:53,2026-09-25 13:49:49,2026-09-25 14:13:19,7,720
KDS-ORD-20260925-15880,ORD-20260925-15880,MCH-109,DEV-109-POS,2026-09-25 14:37:08,2026-09-25 14:37:28,2026-09-25 14:37:40,2026-09-25 15:04:18,6,900
KDS-ORD-20260925-15881,ORD-20260925-15881,MCH-107,DEV-107-POS,2026-09-25 10:11:29,2026-09-25 10:11:49,2026-09-25 10:11:47,2026-09-25 10:32:16,5,900
KDS-ORD-20260925-15882,ORD-20260925-15882,MCH-115,DEV-115-POS,2026-09-25 18:15:17,2026-09-25 18:15:37,2026-09-25 18:16:10,2026-09-25 18:37:42,4,1080
KDS-ORD-20260925-15883,ORD-20260925-15883,MCH-109,DEV-109-POS,2026-09-25 12:03:16,2026-09-25 12:03:36,2026-09-25 12:03:31,2026-09-25 12:35:56,13,900
KDS-ORD-20260925-15884,ORD-20260925-15884,MCH-114,DEV-114-POS,2026-09-25 23:17:55,2026-09-25 23:18:15,2026-09-25 23:18:46,2026-09-25 23:37:01,6,720
KDS-ORD-20260925-15885,ORD-20260925-15885,MCH-114,DEV-114-POS,2026-09-25 14:54:28,2026-09-25 14:54:48,2026-09-25 14:55:17,2026-09-25 15:31:26,15,720
KDS-ORD-20260925-15886,ORD-20260925-15886,MCH-114,DEV-114-POS,2026-09-25 14:31:37,2026-09-25 14:31:57,2026-09-25 14:32:31,,12,720
KDS-ORD-20260925-15887,ORD-20260925-15887,MCH-104,DEV-104-POS,2026-09-25 16:49:03,2026-09-25 16:49:23,2026-09-25 16:49:39,2026-09-25 17:14:01,6,1080
KDS-ORD-20260925-15888,ORD-20260925-15888,MCH-114,DEV-114-POS,2026-09-25 21:23:41,2026-09-25 21:24:01,2026-09-25 21:24:00,,10,720
KDS-ORD-20260925-15889,ORD-20260925-15889,MCH-115,DEV-115-POS,2026-09-25 20:26:03,2026-09-25 20:26:23,2026-09-25 20:26:18,2026-09-25 21:02:58,7,1080
KDS-ORD-20260925-15890,ORD-20260925-15890,MCH-103,DEV-103-POS,2026-09-25 13:40:05,2026-09-25 13:40:25,2026-09-25 13:40:58,2026-09-25 14:09:24,13,720
KDS-ORD-20260925-15891,ORD-20260925-15891,MCH-102,DEV-102-POS,2026-09-25 19:15:32,2026-09-25 19:15:52,2026-09-25 19:16:09,2026-09-25 19:44:52,11,720
KDS-ORD-20260925-15892,ORD-20260925-15892,MCH-102,DEV-102-POS,2026-09-25 17:57:08,2026-09-25 17:57:28,2026-09-25 17:57:29,2026-09-25 18:17:56,6,720
KDS-ORD-20260925-15893,ORD-20260925-15893,MCH-113,DEV-113-POS,2026-09-25 14:39:46,2026-09-25 14:40:06,2026-09-25 14:40:02,2026-09-25 15:10:20,10,720
KDS-ORD-20260925-15894,ORD-20260925-15894,MCH-112,DEV-112-POS,2026-09-25 10:07:00,2026-09-25 10:07:20,2026-09-25 10:07:42,2026-09-25 10:29:22,6,900
KDS-ORD-20260925-15895,ORD-20260925-15895,MCH-113,DEV-113-POS,2026-09-25 13:05:19,2026-09-25 13:05:39,2026-09-25 13:05:46,2026-09-25 13:27:14,6,720
KDS-ORD-20260925-15896,ORD-20260925-15896,MCH-113,DEV-113-POS,2026-09-25 11:04:16,2026-09-25 11:04:36,2026-09-25 11:04:59,2026-09-25 11:20:51,2,720
KDS-ORD-20260925-15897,ORD-20260925-15897,MCH-106,DEV-106-POS,2026-09-25 21:33:14,2026-09-25 21:33:34,2026-09-25 21:33:35,,11,720
KDS-ORD-20260925-15898,ORD-20260925-15898,MCH-115,DEV-115-POS,2026-09-25 12:38:42,2026-09-25 12:39:02,2026-09-25 12:39:01,2026-09-25 13:20:55,14,1080
KDS-ORD-20260925-15899,ORD-20260925-15899,MCH-111,DEV-111-POS,2026-09-25 22:44:04,2026-09-25 22:44:24,2026-09-25 22:45:02,2026-09-25 23:06:05,3,1080
KDS-ORD-20260925-15900,ORD-20260925-15900,MCH-104,DEV-104-POS,2026-09-25 15:21:03,2026-09-25 15:21:23,2026-09-25 15:22:01,2026-09-25 15:40:58,2,1080
KDS-ORD-20260925-15901,ORD-20260925-15901,MCH-108,DEV-108-POS,2026-09-25 18:21:03,2026-09-25 18:21:23,2026-09-25 18:21:29,2026-09-25 18:39:43,4,900
KDS-ORD-20260925-15902,ORD-20260925-15902,MCH-105,DEV-105-POS,2026-09-25 15:11:50,2026-09-25 15:12:10,2026-09-25 15:12:48,2026-09-25 15:31:31,4,900
KDS-ORD-20260925-15903,ORD-20260925-15903,MCH-113,DEV-113-POS,2026-09-25 08:43:16,2026-09-25 08:43:36,2026-09-25 08:43:57,2026-09-25 09:02:07,5,720
KDS-ORD-20260925-15904,ORD-20260925-15904,MCH-110,DEV-110-POS,2026-09-25 12:23:01,2026-09-25 12:23:21,2026-09-25 12:23:40,2026-09-25 12:56:13,14,720
KDS-ORD-20260925-15905,ORD-20260925-15905,MCH-101,DEV-101-POS,2026-09-25 08:02:41,2026-09-25 08:03:01,2026-09-25 08:03:27,2026-09-25 08:16:45,2,720
KDS-ORD-20260925-15906,ORD-20260925-15906,MCH-106,DEV-106-POS,2026-09-25 18:07:24,2026-09-25 18:07:44,2026-09-25 18:08:22,2026-09-25 18:20:00,5,720
KDS-ORD-20260925-15907,ORD-20260925-15907,MCH-102,DEV-102-POS,2026-09-25 13:53:18,2026-09-25 13:53:38,2026-09-25 13:53:46,2026-09-25 14:15:18,6,720
KDS-ORD-20260925-15908,ORD-20260925-15908,MCH-104,DEV-104-POS,2026-09-25 20:20:38,2026-09-25 20:20:58,2026-09-25 20:20:55,2026-09-25 21:00:54,10,1080
KDS-ORD-20260925-15909,ORD-20260925-15909,MCH-104,DEV-104-POS,2026-09-25 10:39:25,2026-09-25 10:39:45,2026-09-25 10:40:00,2026-09-25 10:58:36,4,1080
KDS-ORD-20260925-15910,ORD-20260925-15910,MCH-105,DEV-105-POS,2026-09-25 09:41:03,2026-09-25 09:41:23,2026-09-25 09:41:57,2026-09-25 10:02:58,6,900
KDS-ORD-20260925-15911,ORD-20260925-15911,MCH-110,DEV-110-POS,2026-09-25 13:06:58,2026-09-25 13:07:18,2026-09-25 13:07:28,2026-09-25 13:45:52,16,720
KDS-ORD-20260925-15912,ORD-20260925-15912,MCH-108,DEV-108-POS,2026-09-25 21:01:30,2026-09-25 21:01:50,2026-09-25 21:01:58,2026-09-25 21:30:22,6,900
KDS-ORD-20260925-15913,ORD-20260925-15913,MCH-105,DEV-105-POS,2026-09-25 19:33:56,2026-09-25 19:34:16,2026-09-25 19:34:44,2026-09-25 20:02:26,6,900
KDS-ORD-20260925-15914,ORD-20260925-15914,MCH-110,DEV-110-POS,2026-09-25 13:31:34,2026-09-25 13:31:54,2026-09-25 13:32:30,2026-09-25 14:11:29,16,720
KDS-ORD-20260925-15915,ORD-20260925-15915,MCH-108,DEV-108-POS,2026-09-25 14:50:45,2026-09-25 14:51:05,2026-09-25 14:51:12,2026-09-25 15:26:26,14,900
KDS-ORD-20260925-15916,ORD-20260925-15916,MCH-114,DEV-114-POS,2026-09-25 07:50:51,2026-09-25 07:51:11,2026-09-25 07:51:17,2026-09-25 08:06:12,4,720
KDS-ORD-20260925-15917,ORD-20260925-15917,MCH-103,DEV-103-POS,2026-09-25 22:02:49,2026-09-25 22:03:09,2026-09-25 22:03:05,2026-09-25 22:18:57,4,720
KDS-ORD-20260925-15918,ORD-20260925-15918,MCH-114,DEV-114-POS,2026-09-25 18:34:11,2026-09-25 18:34:31,2026-09-25 18:34:34,2026-09-25 18:47:22,3,720
KDS-ORD-20260925-15919,ORD-20260925-15919,MCH-106,DEV-106-POS,2026-09-25 11:25:20,2026-09-25 11:25:40,2026-09-25 11:26:10,2026-09-25 11:42:05,5,720
KDS-ORD-20260925-15920,ORD-20260925-15920,MCH-110,DEV-110-POS,2026-09-25 17:49:42,2026-09-25 17:50:02,2026-09-25 17:50:19,2026-09-25 18:08:11,3,720
KDS-ORD-20260925-15921,ORD-20260925-15921,MCH-110,DEV-110-POS,2026-09-25 08:51:48,2026-09-25 08:52:08,2026-09-25 08:52:44,2026-09-25 09:08:51,4,720
KDS-ORD-20260925-15922,ORD-20260925-15922,MCH-109,DEV-109-POS,2026-09-25 22:14:36,2026-09-25 22:14:56,2026-09-25 22:15:03,2026-09-25 22:36:09,5,900
KDS-ORD-20260925-15923,ORD-20260925-15923,MCH-102,DEV-102-POS,2026-09-25 09:41:27,2026-09-25 09:41:47,2026-09-25 09:42:20,2026-09-25 09:57:24,3,720
KDS-ORD-20260925-15924,ORD-20260925-15924,MCH-105,DEV-105-POS,2026-09-25 18:53:49,2026-09-25 18:54:09,2026-09-25 18:54:42,2026-09-25 19:13:59,3,900
KDS-ORD-20260925-15925,ORD-20260925-15925,MCH-102,DEV-102-POS,2026-09-25 11:43:18,2026-09-25 11:43:38,2026-09-25 11:44:01,2026-09-25 11:58:41,3,720
KDS-ORD-20260925-15926,ORD-20260925-15926,MCH-115,DEV-115-POS,2026-09-25 19:56:33,2026-09-25 19:56:53,2026-09-25 19:57:28,2026-09-25 20:39:03,12,1080
KDS-ORD-20260925-15927,ORD-20260925-15927,MCH-111,DEV-111-POS,2026-09-25 20:57:06,2026-09-25 20:57:26,2026-09-25 20:57:32,2026-09-25 21:36:50,13,1080
KDS-ORD-20260925-15928,ORD-20260925-15928,MCH-115,DEV-115-POS,2026-09-25 18:07:42,2026-09-25 18:08:02,2026-09-25 18:08:32,2026-09-25 18:31:10,5,1080
KDS-ORD-20260925-15929,ORD-20260925-15929,MCH-102,DEV-102-POS,2026-09-25 17:21:25,2026-09-25 17:21:45,2026-09-25 17:22:09,2026-09-25 17:36:15,3,720
KDS-ORD-20260925-15930,ORD-20260925-15930,MCH-115,DEV-115-POS,2026-09-25 21:58:50,2026-09-25 21:59:10,2026-09-25 21:59:14,,13,1080
KDS-ORD-20260925-15931,ORD-20260925-15931,MCH-106,DEV-106-POS,2026-09-25 07:54:35,2026-09-25 07:54:55,2026-09-25 07:55:16,2026-09-25 08:15:47,6,720
KDS-ORD-20260925-15932,ORD-20260925-15932,MCH-110,DEV-110-POS,2026-09-25 12:21:10,2026-09-25 12:21:30,2026-09-25 12:21:36,2026-09-25 12:47:55,9,720
KDS-ORD-20260925-15933,ORD-20260925-15933,MCH-110,DEV-110-POS,2026-09-25 11:19:49,2026-09-25 11:20:09,2026-09-25 11:20:38,2026-09-25 11:37:35,6,720
KDS-ORD-20260925-15934,ORD-20260925-15934,MCH-111,DEV-111-POS,2026-09-25 23:27:23,2026-09-25 23:27:43,2026-09-25 23:28:11,2026-09-25 23:47:48,2,1080
KDS-ORD-20260925-15935,ORD-20260925-15935,MCH-114,DEV-114-POS,2026-09-25 12:59:19,2026-09-25 12:59:39,2026-09-25 13:00:10,2026-09-25 13:31:36,13,720
KDS-ORD-20260925-15936,ORD-20260925-15936,MCH-112,DEV-112-POS,2026-09-25 19:33:11,2026-09-25 19:33:31,2026-09-25 19:34:06,2026-09-25 20:06:49,11,900
KDS-ORD-20260925-15937,ORD-20260925-15937,MCH-109,DEV-109-POS,2026-09-25 19:06:12,2026-09-25 19:06:32,2026-09-25 19:07:04,2026-09-25 19:44:55,11,900
KDS-ORD-20260925-15938,ORD-20260925-15938,MCH-105,DEV-105-POS,2026-09-25 10:52:13,2026-09-25 10:52:33,2026-09-25 10:52:28,2026-09-25 11:08:42,2,900
KDS-ORD-20260925-15939,ORD-20260925-15939,MCH-104,DEV-104-POS,2026-09-25 11:11:27,2026-09-25 11:11:47,2026-09-25 11:12:06,2026-09-25 11:32:30,3,1080
KDS-ORD-20260925-15940,ORD-20260925-15940,MCH-107,DEV-107-POS,2026-09-25 11:32:20,2026-09-25 11:32:40,2026-09-25 11:32:57,2026-09-25 11:48:09,2,900
KDS-ORD-20260925-15941,ORD-20260925-15941,MCH-110,DEV-110-POS,2026-09-25 13:58:37,2026-09-25 13:58:57,2026-09-25 13:59:25,2026-09-25 14:25:42,10,720
KDS-ORD-20260925-15942,ORD-20260925-15942,MCH-114,DEV-114-POS,2026-09-25 11:43:34,2026-09-25 11:43:54,2026-09-25 11:44:21,2026-09-25 11:59:34,3,720
KDS-ORD-20260925-15943,ORD-20260925-15943,MCH-115,DEV-115-POS,2026-09-25 04:58:50,2026-09-25 04:59:10,2026-09-25 04:59:42,2026-09-25 05:24:27,6,1080
KDS-ORD-20260925-15944,ORD-20260925-15944,MCH-104,DEV-104-POS,2026-09-25 21:35:32,2026-09-25 21:35:52,2026-09-25 21:36:02,2026-09-25 22:08:27,9,1080
KDS-ORD-20260925-15945,ORD-20260925-15945,MCH-110,DEV-110-POS,2026-09-25 22:52:32,2026-09-25 22:52:52,2026-09-25 22:52:55,2026-09-25 23:07:23,6,720
KDS-ORD-20260925-15946,ORD-20260925-15946,MCH-104,DEV-104-POS,2026-09-25 12:22:03,2026-09-25 12:22:23,2026-09-25 12:22:45,2026-09-25 13:11:11,15,1080
KDS-ORD-20260925-15947,ORD-20260925-15947,MCH-112,DEV-112-POS,2026-09-25 12:42:37,2026-09-25 12:42:57,2026-09-25 12:42:59,2026-09-25 13:15:42,12,900
KDS-ORD-20260925-15948,ORD-20260925-15948,MCH-112,DEV-112-POS,2026-09-25 00:17:18,2026-09-25 00:17:38,2026-09-25 00:18:18,2026-09-25 00:33:18,6,900
KDS-ORD-20260925-15949,ORD-20260925-15949,MCH-113,DEV-113-POS,2026-09-25 19:13:34,2026-09-25 19:13:54,2026-09-25 19:14:33,2026-09-25 19:48:00,15,720
KDS-ORD-20260925-15950,ORD-20260925-15950,MCH-101,DEV-101-POS,2026-09-25 20:00:27,2026-09-25 20:00:47,2026-09-25 20:01:17,,10,720
KDS-ORD-20260925-15951,ORD-20260925-15951,MCH-114,DEV-114-POS,2026-09-25 09:43:59,2026-09-25 09:44:19,2026-09-25 09:44:18,2026-09-25 10:01:12,5,720
KDS-ORD-20260925-15952,ORD-20260925-15952,MCH-107,DEV-107-POS,2026-09-25 09:30:16,2026-09-25 09:30:36,2026-09-25 09:30:54,2026-09-25 09:48:59,4,900
KDS-ORD-20260925-15953,ORD-20260925-15953,MCH-114,DEV-114-POS,2026-09-25 20:05:43,2026-09-25 20:06:03,2026-09-25 20:06:19,2026-09-25 20:31:15,12,720
KDS-ORD-20260925-15954,ORD-20260925-15954,MCH-115,DEV-115-POS,2026-09-25 17:02:30,2026-09-25 17:02:50,2026-09-25 17:02:55,2026-09-25 17:21:59,2,1080
KDS-ORD-20260925-15955,ORD-20260925-15955,MCH-113,DEV-113-POS,2026-09-25 06:55:16,2026-09-25 06:55:36,2026-09-25 06:56:11,2026-09-25 07:11:17,6,720
KDS-ORD-20260925-15956,ORD-20260925-15956,MCH-111,DEV-111-POS,2026-09-25 18:00:48,2026-09-25 18:01:08,2026-09-25 18:01:06,2026-09-25 18:23:14,3,1080
KDS-ORD-20260925-15957,ORD-20260925-15957,MCH-113,DEV-113-POS,2026-09-25 12:42:56,2026-09-25 12:43:16,2026-09-25 12:43:19,2026-09-25 13:18:48,16,720
KDS-ORD-20260925-15958,ORD-20260925-15958,MCH-104,DEV-104-POS,2026-09-25 12:36:01,2026-09-25 12:36:21,2026-09-25 12:36:49,2026-09-25 13:10:34,7,1080
KDS-ORD-20260925-15959,ORD-20260925-15959,MCH-103,DEV-103-POS,2026-09-25 20:42:52,2026-09-25 20:43:12,2026-09-25 20:43:24,2026-09-25 21:19:40,14,720
KDS-ORD-20260925-15960,ORD-20260925-15960,MCH-109,DEV-109-POS,2026-09-25 20:18:06,2026-09-25 20:18:26,2026-09-25 20:18:58,2026-09-25 20:51:54,10,900
KDS-ORD-20260925-15961,ORD-20260925-15961,MCH-110,DEV-110-POS,2026-09-25 13:27:17,2026-09-25 13:27:37,2026-09-25 13:27:38,2026-09-25 13:54:50,8,720
KDS-ORD-20260925-15962,ORD-20260925-15962,MCH-113,DEV-113-POS,2026-09-25 21:43:19,2026-09-25 21:43:39,2026-09-25 21:44:11,2026-09-25 22:18:58,14,720
KDS-ORD-20260925-15963,ORD-20260925-15963,MCH-104,DEV-104-POS,2026-09-25 13:43:53,2026-09-25 13:44:13,2026-09-25 13:44:19,2026-09-25 14:17:54,7,1080
KDS-ORD-20260925-15964,ORD-20260925-15964,MCH-115,DEV-115-POS,2026-09-25 20:55:49,2026-09-25 20:56:09,2026-09-25 20:56:19,2026-09-25 21:38:44,16,1080
KDS-ORD-20260925-15965,ORD-20260925-15965,MCH-106,DEV-106-POS,2026-09-25 14:27:11,2026-09-25 14:27:31,2026-09-25 14:27:46,2026-09-25 14:58:18,14,720
KDS-ORD-20260925-15966,ORD-20260925-15966,MCH-115,DEV-115-POS,2026-09-25 21:27:32,2026-09-25 21:27:52,2026-09-25 21:28:02,2026-09-25 22:01:40,8,1080
KDS-ORD-20260925-15967,ORD-20260925-15967,MCH-108,DEV-108-POS,2026-09-25 21:32:37,2026-09-25 21:32:57,2026-09-25 21:33:13,2026-09-25 22:12:51,14,900
KDS-ORD-20260925-15968,ORD-20260925-15968,MCH-109,DEV-109-POS,2026-09-25 07:24:07,2026-09-25 07:24:27,2026-09-25 07:24:49,2026-09-25 07:42:47,3,900
KDS-ORD-20260925-15969,ORD-20260925-15969,MCH-103,DEV-103-POS,2026-09-25 21:09:48,2026-09-25 21:10:08,2026-09-25 21:10:17,,7,720
KDS-ORD-20260925-15970,ORD-20260925-15970,MCH-103,DEV-103-POS,2026-09-25 20:49:08,2026-09-25 20:49:28,2026-09-25 20:49:52,,10,720
KDS-ORD-20260925-15971,ORD-20260925-15971,MCH-104,DEV-104-POS,2026-09-25 20:17:36,2026-09-25 20:17:56,2026-09-25 20:18:26,2026-09-25 20:55:16,8,1080
KDS-ORD-20260925-15972,ORD-20260925-15972,MCH-115,DEV-115-POS,2026-09-25 10:16:49,2026-09-25 10:17:09,2026-09-25 10:17:12,2026-09-25 10:38:01,2,1080
KDS-ORD-20260925-15973,ORD-20260925-15973,MCH-103,DEV-103-POS,2026-09-25 20:35:12,2026-09-25 20:35:32,2026-09-25 20:35:46,2026-09-25 21:01:25,6,720
KDS-ORD-20260925-15974,ORD-20260925-15974,MCH-115,DEV-115-POS,2026-09-25 20:25:56,2026-09-25 20:26:16,2026-09-25 20:26:33,2026-09-25 21:09:18,12,1080
KDS-ORD-20260925-15975,ORD-20260925-15975,MCH-102,DEV-102-POS,2026-09-25 11:51:43,2026-09-25 11:52:03,2026-09-25 11:52:39,2026-09-25 12:08:06,3,720
KDS-ORD-20260925-15976,ORD-20260925-15976,MCH-115,DEV-115-POS,2026-09-25 22:14:32,2026-09-25 22:14:52,2026-09-25 22:14:49,2026-09-25 22:30:23,2,1080
KDS-ORD-20260925-15977,ORD-20260925-15977,MCH-108,DEV-108-POS,2026-09-25 06:51:58,2026-09-25 06:52:18,2026-09-25 06:52:27,2026-09-25 07:08:41,3,900
KDS-ORD-20260925-15978,ORD-20260925-15978,MCH-107,DEV-107-POS,2026-09-25 09:21:48,2026-09-25 09:22:08,2026-09-25 09:22:34,2026-09-25 09:41:53,4,900
KDS-ORD-20260925-15979,ORD-20260925-15979,MCH-104,DEV-104-POS,2026-09-25 15:49:04,2026-09-25 15:49:24,2026-09-25 15:49:35,2026-09-25 16:08:23,2,1080
KDS-ORD-20260925-15980,ORD-20260925-15980,MCH-113,DEV-113-POS,2026-09-25 16:15:16,2026-09-25 16:15:36,2026-09-25 16:16:16,2026-09-25 16:29:22,2,720
KDS-ORD-20260925-15981,ORD-20260925-15981,MCH-110,DEV-110-POS,2026-09-25 18:49:13,2026-09-25 18:49:33,2026-09-25 18:49:36,2026-09-25 19:05:20,4,720
KDS-ORD-20260925-15982,ORD-20260925-15982,MCH-104,DEV-104-POS,2026-09-25 03:44:02,2026-09-25 03:44:22,2026-09-25 03:44:29,2026-09-25 04:10:00,6,1080
KDS-ORD-20260925-15983,ORD-20260925-15983,MCH-104,DEV-104-POS,2026-09-25 22:13:13,2026-09-25 22:13:33,2026-09-25 22:13:55,2026-09-25 22:33:22,5,1080
KDS-ORD-20260925-15984,ORD-20260925-15984,MCH-106,DEV-106-POS,2026-09-25 06:05:18,2026-09-25 06:05:38,2026-09-25 06:05:59,2026-09-25 06:20:54,4,720
KDS-ORD-20260925-15985,ORD-20260925-15985,MCH-105,DEV-105-POS,2026-09-25 09:00:49,2026-09-25 09:01:09,2026-09-25 09:01:30,2026-09-25 09:24:45,6,900
KDS-ORD-20260925-15986,ORD-20260925-15986,MCH-110,DEV-110-POS,2026-09-25 02:30:57,2026-09-25 02:31:17,2026-09-25 02:31:30,2026-09-25 02:44:17,2,720
KDS-ORD-20260925-15987,ORD-20260925-15987,MCH-114,DEV-114-POS,2026-09-25 16:42:26,2026-09-25 16:42:46,2026-09-25 16:42:49,2026-09-25 17:01:29,4,720
KDS-ORD-20260925-15988,ORD-20260925-15988,MCH-112,DEV-112-POS,2026-09-25 21:23:15,2026-09-25 21:23:35,2026-09-25 21:23:49,2026-09-25 21:57:47,12,900
KDS-ORD-20260925-15989,ORD-20260925-15989,MCH-105,DEV-105-POS,2026-09-25 18:18:51,2026-09-25 18:19:11,2026-09-25 18:19:38,2026-09-25 18:39:33,4,900
KDS-ORD-20260925-15990,ORD-20260925-15990,MCH-114,DEV-114-POS,2026-09-25 20:52:45,2026-09-25 20:53:05,2026-09-25 20:53:36,2026-09-25 21:18:03,8,720
KDS-ORD-20260925-15991,ORD-20260925-15991,MCH-113,DEV-113-POS,2026-09-25 02:56:31,2026-09-25 02:56:51,2026-09-25 02:56:55,2026-09-25 03:10:48,3,720
KDS-ORD-20260925-15992,ORD-20260925-15992,MCH-101,DEV-101-POS,2026-09-25 15:54:16,2026-09-25 15:54:36,2026-09-25 15:54:56,2026-09-25 16:11:23,6,720
KDS-ORD-20260925-15993,ORD-20260925-15993,MCH-115,DEV-115-POS,2026-09-25 13:50:36,2026-09-25 13:50:56,2026-09-25 13:51:27,2026-09-25 14:34:53,14,1080
KDS-ORD-20260925-15994,ORD-20260925-15994,MCH-115,DEV-115-POS,2026-09-25 14:40:11,2026-09-25 14:40:31,2026-09-25 14:40:30,2026-09-25 15:14:35,10,1080
KDS-ORD-20260925-15995,ORD-20260925-15995,MCH-105,DEV-105-POS,2026-09-25 07:47:59,2026-09-25 07:48:19,2026-09-25 07:48:48,2026-09-25 08:07:51,2,900
KDS-ORD-20260925-15996,ORD-20260925-15996,MCH-111,DEV-111-POS,2026-09-25 19:20:19,2026-09-25 19:20:39,2026-09-25 19:21:04,2026-09-25 20:01:46,16,1080
KDS-ORD-20260925-15997,ORD-20260925-15997,MCH-102,DEV-102-POS,2026-09-25 14:09:41,2026-09-25 14:10:01,2026-09-25 14:10:07,2026-09-25 14:41:05,13,720
KDS-ORD-20260925-15998,ORD-20260925-15998,MCH-113,DEV-113-POS,2026-09-25 19:17:29,2026-09-25 19:17:49,2026-09-25 19:18:14,2026-09-25 19:43:53,6,720
KDS-ORD-20260925-15999,ORD-20260925-15999,MCH-112,DEV-112-POS,2026-09-25 14:11:44,2026-09-25 14:12:04,2026-09-25 14:12:17,2026-09-25 14:39:57,7,900
KDS-ORD-20260925-16000,ORD-20260925-16000,MCH-111,DEV-111-POS,2026-09-25 09:14:29,2026-09-25 09:14:49,2026-09-25 09:15:14,2026-09-25 09:42:29,5,1080
